201001	伐採地に落ちる影
202001	妖精たちの事情
203001	暗黒帝国の残党
212001	【イベント】ヘビーガンナー更なる試験［ボーナス］
213001	【イベント】砲火の戦場で勝利せよ。
214001	【イベント】名誉の戦場で勝利せよ。
221001	待てど暮らせど……
222001	木材調達
223001	避難民に愛の手を
224001	兵士の携帯口糧
225001	番人の野営地へ
226001	森を守る親子
227001	マオンのピグリン
228001	ひかるポノン
229001	豹変した野獣
230001	支援先は人手不足
231001	それぞれの得意分野
232001	修行の邪魔よっ！
233001	父の仇
234001	おとぼけテオ
235001	ルーダーとの約束
236001	おとぼけテオ2
237001	凶暴化した仲間たち
238001	荒れる野獣たち
239001	妖精の泉
240001	慈悲の死を
241001	森の狩人
242001	姉の胸騒ぎ
243001	狩人の頭痛のたね
244001	森の使者
270001	（ギルド）セイバートゥース討伐命令
271001	（ギルド）ケンタウルス討伐命令
272001	Rise of the Dead
273001	Secrets of Zuras
301001	幽林に棲むデヴァ
302001	デヴァ族長討伐
303001	隔離された村
304001	隊長を探せ
305001	デヴァの本拠地へ
306001	邪悪な儀式
322001	商人の荷物を奪還せよ
323001	貴重品を取り返せ！
324001	物資の補給
325001	旅商いを護衛せよ
327001	クヴァスを探しに行く
328001	クヴァスの好物
329001	デヴァの蠢く森へ
330001	土壌調査
331001	採りたてホヤホヤの……
333001	呪術師の陰謀
334001	呪術の研究
335001	緊急帰還命令
336001	情熱的な研究家
337001	武器の調査
338001	同じ苦しみ
339001	旅のアーマン女性
340001	偵察員の報告書
341001	巣には卵が
342001	バシリスクの眼球
343001	不気味な研究者
344001	血戦の跡地へ
370001	（ギルド）デヴァ山賊討伐命令
371001	（ギルド）アンデッド討伐命令
372001	（ギルド）デヴァ残党討伐命令
373001	（ギルド）ギリード討伐命令
374001	（ギルド）幽林の破壊王討伐命令
381001	幽林の破壊王討伐命令
401001	コア救出作戦
403001	成長する魔石
421001	爆炎連峰の異変
422001	炎を止めよ
423001	慰霊の聖水のために
424001	変異した精霊たち
425001	危険なウルフ
426001	甦った百人隊長
427001	白骨のデヴァ将校
428001	慰霊の儀式
429001	悪魔討伐基地へ
430001	地獄の炎を消せ！
431001	侵奪者の退治
432001	闇に戻れ
433001	反撃の狼煙
434001	防壁の材料
435001	意外な手がかり
436001	キャスタニカ支援
437001	シュリアン対抗基地へ
438001	黒い蛇退治
439001	バハール神の獄獣
440001	地獄の使者
441001	魔力を宿す鏡
443001	純粋な炎の力
444001	成長する魔石
469018	シオナと共に地下へ繋がる道に移動することを決めた。
470001	（ギルド）デヴァ族討伐命令
471001	（ギルド）暴走精霊討伐命令
472001	（ギルド）悪魔の残党討伐命令
473001	（ギルド）激昂の獄炎華討伐命令
474001	（ギルド）深淵の怪獣討伐命令
475001	（ギルド）爆風のカナッシュ討伐命令
480001	深淵の侵入者討伐命令
481001	爆風のカナッシュ討伐命令
521001	フカの依頼
522001	フカを助けて
523001	測量の手伝い1
524001	測量の手伝い2
525001	フカの尋問
526001	ライーラの秘薬
527001	行商人を救え
528001	解毒剤の材料
529001	荷包みを取り戻せ！
530001	ババフカの悪事
531001	おしゃれな族長
533001	ヤーコンを救え
534001	追放された呪術師
535001	{@RawItem:206818}
536001	石板を奪え！
537001	フカに制裁を！
538001	フキアンの未来
539001	大族長の最期
540001	連絡不能！
541001	集結するウッドフカ
542001	ウッドフカの突撃隊
543001	最後のフカ族長
570001	（ギルド）開拓の野営地制圧命令
571001	（ギルド）ババフカ討伐命令
572001	（ギルド）シャドークーガ討伐命令
573001	（ギルド）ウッドフカ討伐命令
601001	クチャート襲撃
602001	デヴァの背後
603001	ロックを崇める者たち
604001	武器の搬入経路
605001	秘密基地の探索
606001	すばらしい褒美
621001	ウォルターの手紙
622001	備えあれば
623001	高価な牧草
624001	羊たちのために
625001	カーソン牧場へ
626001	牧場主の怒り
627001	パパのお手伝い
628001	腹が減っては……
629001	ほのかな恋心
630001	押し寄せる護衛兵
631001	食糧確保！
632001	友の仇！
633001	匹夫の勇
635001	蛮行の報い
636001	消極的な復讐
637001	副官の支援を
638001	反撃の時
639001	勝ち鬨をあげよ！
640001	駐屯地討伐作戦1
641001	駐屯地討伐作戦2
642001	駐屯地討伐作戦3
643001	熊を追い払え！
644001	クチャートに追われて
645001	廃墟の無法者
670001	（ギルド）クチャート討伐命令
671001	（ギルド）獰猛な熊討伐命令
672001	（ギルド）狡猾なアラキア討伐命令
681001	狡猾なアラキア討伐命令
705001	影の盆地で
706001	邪教徒の陰謀
707001	ケリム・ホワイトリバーの報告書
721001	久遠の盆地へ
724001	ロドーク農場へ
730001	双牙傭兵団略奪者！
731001	双牙傭兵団強奪者！
732001	ケリオン討伐！
733001	ハイエナ退治
734001	遺跡への道
735001	遺跡を守るために
736001	遺跡泥棒
737001	双牙傭兵団討伐
738001	戦神カイアの加護
739038	屋根を通じて潜入する。
770001	（ギルド）赤牙オーカン討伐命令
771001	（ギルド）オーカン隊長討伐命令
772001	（ギルド）クーマス討伐命令
773001	（ギルド）ロック教徒守備隊討伐命令
774001	（ギルド）双牙傭兵団守護隊討伐命令
775001	（ギルド）クドラカ討伐命令
781001	クドラカ討伐命令
781021	ラカンの手下を直接討伐することを決めた。
801001	コアの行方
804001	フレイアの運命
805001	兄妹の絆
806001	永遠の別れ
821001	捕食者の巣窟へ
822001	錬金術師の要請
823001	グラの手先
824001	虐殺者討伐
825001	奴隷商の最期
826001	卑劣な者たち
827001	大きな助け
828001	許されざる者たち
829001	獣どもの食糧
830001	グラに媚びる者
831001	低劣なる商人
832001	グラを率いる者
833001	カイアの剣派遣隊潜入将校
834001	情け無用
835001	永久の安らぎを
836001	死者を弄ぶ者
837001	途絶えぬ悲鳴
838001	犠牲者を解放せよ
839001	巣窟の報告書
840001	死に行く人々
841001	おぞましい匂い
870001	（ギルド）捕食者の沼討伐命令
871001	（ギルド）捕食者の巣窟地下1階を制圧せよ
872001	（ギルド）捕食者の巣窟地下2階を制圧せよ
880001	捕食者の巣窟地下3階を制圧せよ
901001	ヴァルキオンの裏切り者
902001	影の抹殺
903001	許されざる罪
904001	裏切り者の最期
921001	チカスと共に夜を
922001	迷宮侵入の前に
923001	手当てのために
924001	巣を守るもの
925001	生への執着？
926001	闇の住人
927001	闇に光る目
928001	深淵からの救出
929001	かすかな光
930001	グラの武器を奪え
931001	仲間の弔い
932001	迷宮の覇者
933001	廃墟の奥へ
934001	神秘の欠片
935001	暗黒の武器
936001	召喚された魔物
937001	大物グラの最期
938001	永遠の静けさを
970001	（ギルド）迷宮の野獣討伐命令
971001	（ギルド）欺瞞と欲望の回廊を制圧せよ
972001	（ギルド）渾沌と破壊の回廊を制圧せよ
973001	（ギルド）グルバート討伐命令
981001	グルバート討伐命令
1021001	アガンティの島
1022001	甲羅を砕け！
1023001	海岸の暴れん坊
1024001	カマラの甲羅
1025001	可憐な精霊だったのに
1026001	美味なるもの
1027001	武器箱集め
1028001	砂原の野営地へ
1029001	刺激的な任務
1030001	高価な獲物を
1031001	カマラを減らせ！
1032001	たてがみってどの部分？
1033001	命懸けの任務
1034001	海岸の野営地へ
1035001	最凶の牙
1036001	密林の監視者
1037001	金儲けのために
1038001	ハンターの意地
1039001	アガンティの好物
1040001	狂血の戦士
1041001	復活の兆し
1042001	封印地を護る者
1043001	鉄壁の鱗獣
1044001	ダゴンの司祭
1045001	五色石の使い道
1046001	悪事を働く精霊
1047001	名も無き勇士を称えて
1070001	（ギルド）蛇血の海岸制圧命令
1071001	（ギルド）アガンティ警戒戦士討伐命令
1072001	（ギルド）餓獣の島野獣討伐命令
1073001	（ギルド）鱗戦士討伐命令
1074001	（ギルド）牙戦士討伐命令
1075001	（ギルド）アガンティ戦士討伐命令
1076001	（ギルド）アガンティ討伐命令
1077001	（ギルド）猛毒の守護者討伐命令
1080001	海岸の野営地制圧命令
1081001	猛毒の守護者討伐命令
1121001	重い約束
1122001	海岸の海賊団
1123001	良質の材料
1124001	秘密の命令書
1125001	今夜はご馳走！
1126001	秘密ドックへ
1127001	宝をこの手に！
1128001	爆薬強奪作戦
1129001	敵の目を潰せ！
1130001	地下貯蔵所へ
1131001	情報収集
1132001	他人の尻拭い
1133001	造船工を倒せ！
1134001	残酷な甲板長
1135001	骨董品を回収せよ
1136001	まさかの凶報
1137001	魔石の行方
1138001	日誌をたよりに
1139001	疑いのまなざし
1140001	冒険者の宿営地へ
1141001	仲間の仇
1142001	海賊団の目的
1143001	孤立無援の宿営地
1144001	いざ！　司令部へ
1145001	団長の護衛隊
1170001	（ギルド）落日の枯岸を制圧せよ
1171001	（ギルド）紅い霧戦闘兵討伐命令
1221001	秘密の指令
1222001	シルバーの指令
1224001	縄張り争い
1225001	信頼を勝ち取れ！
1226001	母の涙
1228001	絶望の島へ
1229001	不審な男
1230001	裏切りの代価
1231001	不本意な任務
1233001	海岸美化活動
1235001	秘密監視所へ
1236001	負傷者のために
1237001	奴隷商討伐作戦
1238001	奴隷市場の偵察
1239001	奪われた武器
1240001	船着場の激戦
1241001	特攻！　紅い霧海賊団
1242001	兄ちゃんを……！
1243001	奴隷商に制裁を！
1270001	（ギルド）荒凪古港を制圧せよ
1271001	（ギルド）絶望の島を制圧せよ
1272001	（ギルド）船着場を制圧せよ
1273001	（ギルド）大船長ドフラックス討伐命令
1282001	大船長ドフラックス討伐命令
1301001	黎明の島で
1302001	遠征隊とは
1303001	森の暴君ベカス
1304001	遠征隊の補給基地へ
1305001	驚くべき凶報
1306001	エルリオンの行方
1307001	謎の侵入者
1308001	魔法の正体を探れ
1309001	悪魔とオーカンの関係
1310001	驚くべき凶報
1311001	黒い裂け目掃討命令
1312001	集結する野獣たち
1313001	先発隊を追え
1315001	奇妙な文書
1316001	闇の羽
1317001	ヴェリカへ
1318001	アルガスを倒せ
1319001	研究員の頼み
1321001	警戒監視所へ
1322001	補給路確保
1323001	歩き回る木
1324001	弱体化の原因は……
1325001	隊員の楽しみ
1326001	奪われた結晶
1327001	緊急支援要請
1328001	研究の邪魔者
1329001	英雄の再来？
1330001	弱化したギリード
1331001	遠征隊の補給基地の人々3
1332001	ラブラムの頼み
1333001	測定装置の分析
1334001	遺物探索<無限>
1335001	操縦士を救援せよ
1336001	補給品回収！
1337001	最後の一つまで
1338001	キオネの伝言
1339001	精霊を操る魔術師
1340001	戦列を崩せ！
1341001	せめて遺品だけでも……<無限>
1343001	朧げな影
1344001	双頭の悪魔
1345001	ジェナを探して
1346001	無謀な挑戦
1347001	遺跡を守れ！
1348001	危険な精霊たち
1349001	オーカンを討伐せよ
1350001	悪魔の背後には……
1351001	遠征隊の補給基地の人々
1352001	遠征隊の補給基地の人々
1371001	新しい戦闘術
1372001	新しい戦闘術
1373001	新しい戦闘術
1374001	新しい戦闘術
1375001	新しい戦闘術
1376001	新しい魔法
1377001	新しい魔法
1378001	新しい魔法
1379001	新しい戦闘術
1382001	遠征隊の補給基地の人々2
1383001	遠征隊の補給基地の人々2
1384001	遠征隊の補給基地の人々1
1385001	護符の使用法
1386001	爆弾炸裂！
1389001	パンドラの箱の使用法
1390001	テレポート！
1504001	ヴァンピールの屋敷討伐
1505001	シャネーラの疑惑
1506001	呪われた村
1507001	伝染病の原因を探して
1508001	狂気の魔石
1509001	疫病の裏
1510001	過去を探す者
1511001	屋敷の監視者
1521001	北からの脅威
1522001	地獄へ連れ戻せ
1523001	汚染の原因究明
1524001	鎮圧の野営地へ
1525001	呪縛からの解放
1526001	丘の上の野獣
1527001	救護物資確保！
1528001	武装解除
1529001	武器を届けろ
1530001	南部耕作地を救え！
1531001	パプのこだわり
1532001	傷ついたプライド
1533001	食糧補給を断て
1534001	汚染された作物
1535001	汚染原因の調査
1536001	友に安らかな眠りを
1537001	過ぎ去った危機
1540001	First chapter of tale
1541001	Second chapter of tale
1542001	Third chapter of tale
1543001	Culmination of the tale
1544001	The story of the battle
1545001	Invasion of pumpkins
1570001	（ギルド）ブラッドクリーチャー討伐命令
1571001	（ギルド）訓練兵討伐命令
1572001	（ギルド）クリューエルハウンド討伐命令
1581001	クリューエルハウンド討伐命令
1621001	デスランの行方
1622001	聞き込み捜査開始！
1623001	傭兵団のお頭
1624001	じぃさんの秘薬
1625001	傭兵団を討伐せよ
1626001	デスランの息子
1627001	残忍な牙
1628001	生き血を啜る者
1629001	四面楚歌
1630001	研究野営地へ
1631001	生きるための戦い
1632001	疑惑の血の魔法
1633001	変異の原因
1634001	怪しい影
1635001	変わらぬ思い
1636001	一縷の望み
1637001	悲しき別れ
1638001	謎の儀式
1639001	庭園を突破せよ！
1640001	蜘蛛を倒せ！
1641001	正門の偵察
1642001	暴れまわる小人たち
1670001	（ギルド）ヴァンピール討伐命令
1721001	奇怪な宗教集団
1722001	消えた補給品
1723001	足りない資源
1724001	非情な指令
1725001	荒れた農耕地
1726001	反乱を鎮圧せよ
1727001	狙いは敵の本拠地！
1728001	失っていた物
1729001	農作物の回収
1730001	まずは敵の足元から……
1731001	センパイの教え
1732001	譲られた手柄
1733001	真相に至る証拠
1734001	まさかスパイが……？
1735001	兄貴の恨みを……！
1736001	補給品奪還作戦
1737001	指揮官はデヴァ！
1770001	（ギルド）天地開闢教討伐命令
1771001	（ギルド）牙イノシシ討伐命令
1811901	Diver
1821001	岩塊族の襲来
1822001	帝国の残影
1823001	クチャートの内紛
1824001	盗賊団の首領
1825001	夢は大商人
1826001	命知らずな彼女
1827001	憎悪する者
1828001	身を護るために
1829001	敵か味方か……
1830001	悪神の影
1831001	討伐作戦の開始
1832001	考古学者の務め
1833001	悩める助手
1834001	巨人の末路
1835001	巨人の残した予言
1836001	やむを得ぬ犠牲
1837001	邪教徒に死を
1838001	砂漠の掃除係
1840001	【ダンジョン】テネブリス城砦
1870001	（ギルド）岩塊族討伐作戦
1871001	（ギルド）古代帝国の悪霊討伐作戦
1921001	アルンの穀倉地帯
1922001	農場の厄介者
1923001	草原のハイエナ討伐
1924001	異常の原因を探れ
1925001	かかし討伐
1926001	木材集め
1927001	鎮圧作戦
1928001	過ちを消すことはできずとも
1929001	怪しげな光景
1930001	恐怖の自由兄弟団
1931001	敵の武器
1932001	革命家クルディスを倒せ
1933001	クルディスが残したもの
1934001	血には血で
1970001	（ギルド）ハイエナ討伐命令
1971001	（ギルド）ファームゴーレム討伐命令
2001001	ヴェリックの啓示
2002001	怪しい坑道
2003001	新たな陰謀
2021001	兄の行方
2022001	鎮静剤の材料に
2023001	骨になった奴隷たち
2024001	青く光る鉱石
2025001	前進基地へ
2026001	彼らの遺品だけでも
2027001	拉致された住民たち
2028001	脅威のなまくら刀
2029001	蒼白の頭蓋骨
2030001	救出作戦
2031001	崩壊する洞窟
2032001	道を塞ぐ者たち
2033001	二つの任務
2034001	危険な猛毒蜘蛛
2035001	勇敢な偵察組長
2036001	邪教徒の魔法石
2037001	研究を阻止せよ！
2070001	（ギルド）奴隷監視者討伐命令
2071001	（ギルド）スケルトン将校討伐命令
2072001	（ギルド）復活の上臈蜘蛛討伐命令
2122001	偵察兵への伝言
2123001	遺跡探査基地へ
2124001	狙いは族長ピコス
2125001	砂漠の獣たち
2126001	オアシスの水
2127001	泥棒に制裁を！
2128001	研究員の消息
2129001	研究の邪魔デス
2130001	杖を持つ者
2131001	いずれは探査隊員に
2132001	あの骨を調べれば……
2133001	遺跡の内部へ
2134001	偵察野営地へ
2136001	怪物の精油
2137001	退治のついでに……
2139001	更なる研究のために
2140001	進入許可要請
2141001	バシリスクの脅威
2142001	名高きグローリン
2143001	最高の素材
2144001	声なき叫び
2145001	岩盤バシリスクの卵
2170001	（ギルド）砂剣族討伐命令
2171001	（ギルド）バシリスク討伐命令
2172001	（ギルド）静寂の撒布者討伐命令
2181001	静寂の撒布者討伐命令
2221001	混乱する魔女の城
2222001	おしおきは反省文
2223001	センパイへの復讐
2224001	妖精救出作戦
2225001	どうなる？　学園祭
2226001	センセイの記録
2227001	地下へ
2228001	魔女寮へ
2229001	あの教頭先生が
2230001	まさか寮長まで……
2231001	風紀委員の乱心
2232001	学園祭に来たのに
2233001	教育的指導！
2234001	魔女の秘薬
2235001	待機室で何が？
2236001	不穏な勢力
2237001	地下をパトロール
2238001	悪魔の道化参上
2240001	祭壇に群がるもの
2250001	犯人は内部にいる
2251001	犯人はまだ内部にいる
2270001	（ギルド）先輩魔女討伐作戦
2271001	（ギルド）魔女寮を制圧せよ
2272001	（ギルド）裏切り者討伐作戦
2305001	王女の反乱
2306001	反乱の首謀者
2307001	魔女の城へ
2308001	優等生キセーリアン
2321001	連合の野営地へ
2322001	盾製作の必需品
2323001	ハーバリストの頼み
2324001	酒飲みの生きがい
2325001	月光に輝く牙
2326001	ヴァルキオン連合の野営地へ
2327001	危険な獣
2328001	森を燃やす者
2329001	仮面を取れ！
2330001	謎の道化
2331001	コボルト防衛基地へ
2332001	地獄の炎魔獣
2333001	裏切り者に制裁を
2334001	守護者の変貌
2335001	幽閉地の邪教徒
2336001	傀儡と呪いの道化
2337001	黒幕討伐作戦
2370001	（ギルド）白大角鹿討伐作戦
2371001	（ギルド）灼熱の炎獣討伐作戦
2372001	（ギルド）トゥルヌス討伐命令
2381001	トゥルヌス討伐命令
2421001	包囲網を打破せよ！
2422001	命の水を……
2423001	盗賊団の裏には
2424001	西部偵察基地へ
2425001	砂漠の王者
2426001	砂漠の追尾者
2427001	研究！　巨人の遺物
2428001	たった一人の支援
2429001	コレクター御用達
2430001	巨大な首飾り
2431001	偵察兵の支援
2432001	途絶えた連絡
2433001	砂風族を一掃せよ
2434001	恐怖の闘技場
2435001	砂風族の裏に
2436001	海岸線の悪魔
2437001	封印の遺跡に棲む悪魔
2438001	美しき黄金の花
2439001	魔力の確保
2440001	廃墟に棲む悪魔
2441001	クチャートの仲間
2470001	（ギルド）略奪の砂漠を制圧せよ
2471001	（ギルド）砂嵐リザード討伐作戦
2472001	（ギルド）獰猛なクーマス討伐作戦
2473001	（ギルド）狩人の蜘蛛ゴルドナス討伐命令
2481001	狩人の蜘蛛ゴルドナス討伐命令
2501001	邪悪な蠢動
2502001	敵の本拠地へ
2503001	邪教徒の最期
2505001	名誉の帰還
2521001	襲い来る野獣
2522001	良薬口に苦し
2523001	野獣を操るもの
2524001	攻勢への手掛かり
2525001	アンデッドを打破せよ
2526001	不死身
2527001	攻撃は最大の防御
2528001	神殿へ
2529001	偵察兵の情報
2530001	先手必勝
2531001	地獄の怪物
2532001	警戒網を突破せよ
2533001	邪教徒の経典
2534001	狂信徒と盗掘師
2535001	秘密の通路から
2536001	深層部へ
2537001	闇に葬れ！
2539001	デヴァ貴族討伐
2540001	邪教の破戒者たち
2541001	扇動するもの
2548001	妨害者たち
2570001	（ギルド）邪教徒前衛隊討伐命令
2571001	（ギルド）神殿廃墟を制圧せよ
2572001	（ギルド）邪教徒討伐命令
2573001	（ギルド）邪教徒僧兵団討伐命令
2670001	（ギルド）生き返った獣討伐命令
2671001	（ギルド）アンドゥラス討伐命令
2681001	アンドゥラス討伐命令
2701001	魔法の都市へ
2702001	新たなる脅威
2770001	（ギルド）トゥルサの軍団討伐命令
2801001	神に選ばれし者
2803001	神々の争い
2870001	（ギルド）汚れた獣と精霊討伐命令
2871001	（ギルド）死臭のギガニア討伐命令
2872001	（ギルド）魔神の使者アクラス討伐命令
2881001	魔神の使者アクラス討伐命令
2950001	ゲティの発明品 
2970001	（ギルド）ブルカヌス妖騎士討伐命令
2971001	（ギルド）アナンシャ討伐命令
2981001	アナンシャ討伐命令
3006001	太陽の庭園へ
3007001	待ちわびる人々
3008001	セレンの湖
3009001	隠された神殿へ
3010001	太陽神の鏡
3021001	頼まれごとは迅速に
3022001	読書はほどほどに……
3023001	庭園のゴリラを保護せよ
3024001	傍若無人な野獣
3025001	恐ろしい毒
3026001	コンソ族の知恵
3027001	祈りの花
3028001	報告書回収
3029001	黄昏の廃塔を探して
3030001	燐魄樹の蜜
3031001	美しい毛皮
3032001	すべすべタオル
3033001	盗掘師の望み
3034001	石板の箱回収
3035001	絶壁の麓へ
3036001	神殿の守り人
3037001	遺跡の保護
3038001	遺跡の修理
3039001	野営地の修復
3040001	高値の毛皮
3041001	のんきな観光客
3042001	知恵の秘薬研究
3043001	一番弟子の役割
3044001	アルカイの羽根
3045001	卵の秘密
3046001	貪欲な探究心
3047001	石燈の修理
3048001	師匠への恩返し
3049001	何事も宣伝次第
3050001	過去の記録
3051001	秘伝の記録
3052001	神殿の破壊者
3071001	（ギルド）スロース討伐作戦
3072001	（ギルド）ベリンゲ討伐作戦
3073001	（ギルド）アルカイ討伐作戦
3081001	スロース討伐作戦
3082001	ベリンゲ討伐作戦
3083001	アルカイ討伐作戦
3091001	スロース討伐命令
3092001	ベリンゲ討伐命令
3093001	アルカイ討伐命令
3101001	アルレマンシアの危機
3102001	カイドゥンの行方
3103001	カイドゥンの魂
3121001	善良な隣人
3122001	不意に訪れた危機
3123001	凍りつく恐怖
3124001	木材さえあれば……
3125001	一石二鳥？
3126001	神秘の名酒
3127001	孤立した大工
3128001	アカルムのご馳走
3129001	危険な同居人
3130001	凍える風
3131001	金色の硬貨
3132001	探検家の妄想
3133001	爆風の刃
3134001	奪われた調査書類
3135001	永遠の灯台守
3136001	切り裂く風音
3137001	静かなる死
3138001	貴女に永遠の死を
3139001	不注意な作業員
3140001	魔法測量の障害
3141001	爆風よ、消えされ！
3170001	（ギルド）氷鉄鬼軍団討伐命令
3171001	（ギルド）バティア号の亡霊討伐命令
3172001	（ギルド）闇の化身討伐命令
3173001	（ギルド）カマルタッシュ討伐命令
3174001	（ギルド）凶気のケストル討伐命令
3180001	爆風海賊団幹部討伐命令
3181001	カマルタッシュ討伐命令
3182001	凶気のケストル討伐命令
3202001	女神の真実
3221001	敵地調達
3222001	復讐の左手
3223001	生き延びるために
3225001	昨日までの戦友
3226001	親衛隊の掃討
3227001	愛のために
3228001	愛する資格
3229001	勇気の証明
3230001	呪われし弓
3231001	闇の指揮官の首
3233001	秘めた恋心
3234001	愛の証
3235001	裏切りの魔女
3236001	心苦しい戦い
3237001	ロティシャラに死を！
3238001	奇妙な赤い装置
3239001	魔女の力の源
3270001	（ギルド）カイドゥン軍前衛部隊討伐命令
3271001	（ギルド）カイドゥン軍親衛隊討伐命令
3272001	（ギルド）闇の傭兵団討伐命令
3273001	（ギルド）カイドゥン軍の魔女討伐命令
3291001	カイドゥン軍前衛部隊討伐命令
3292001	カイドゥン軍親衛隊討伐命令
3293001	闇の傭兵団討伐命令
3294001	圧制の広野を制圧せよ
3295001	カイドゥン軍の魔女討伐命令
3298001	アカルム村の危機Ⅰ
3299001	アカルム村の危機Ⅱ
3321001	防御魔法の材料
3322001	栄光と悪夢
3323001	悪夢の嘲笑
3324001	地獄の高笑い
3325001	恐怖の人形劇
3326001	影のささやき
3327001	永遠の誇り
3328001	悲しみの追跡
3329001	悪霊の親衛隊
3330001	悪を守る者
3331001	死すべき騎士
3332001	死の連鎖
3333001	永遠の自由を！
3334001	友の指輪
3335001	英霊たちの嘆き
3336001	死の連鎖を断て！
3337001	涙を生み出す者
3338001	囚われし者たち
3339001	絶望の中へ
3370001	（ギルド）悪霊貴族討伐命令
3371001	（ギルド）悪霊の親衛隊討伐命令
3372001	（ギルド）苦悶の囚人討伐命令
3380001	拷問官討伐命令
3421001	氷爪の盗賊団
3422001	黒く輝く石
3423001	血に染まりし皮
3424001	枯渇する魔石
3425001	魔石を取り戻せ！
3426001	快活な女豪傑
3427001	勇敢な環境運動家
3428001	襲撃を阻止せよ！
3429001	襲撃の指揮者
3430001	攻撃は最高の防御
3431001	消えゆく魔力
3432001	雪原を守る者
3433001	黄色い魔石は皆のもの
3434001	暴力の扇動者
3435001	凍てつく心
3436001	戦士の条件
3437001	略奪の巨人
3438001	過去に囚われし者
3439001	氷結原野守備
3440001	少年を連れ戻せ
3441001	狩人たちの平和
3442001	被害縮小のために
3443001	強靭な罠
3444001	魔法器具の動力源
3470001	（ギルド）テリアン討伐命令
3471001	（ギルド）激昂のカラゴス討伐命令
3472001	（ギルド）虐殺のサブラニア討伐命令
3481001	テリアン討伐命令
3482001	激昂のカラゴス討伐命令
3483001	虐殺のサブラニア討伐命令
3521001	敗北した戦場
3522001	マナの鉱石奪取
3523001	マナの鉱山奪還
3524001	商人の義侠心
3525001	居座るボルカン
3526001	補給路確保
3527001	収まらぬ怒り
3528001	武器を取り戻せ
3529001	巣の怪物たち
3530001	野獣を操る者たち
3531001	渓谷のトゥルサの軍団
3532001	勝利を目指して
3533001	資金調達！
3534001	邪魔者
3535001	負傷兵のために
3536001	死者に安らぎを
3570001	（ギルド）暴君フツラット討伐命令
3571001	（ギルド）鉱山の怪物討伐
3572001	（ギルド）忘却のブルカヌス討伐
3573001	（ギルド）峡谷のトゥルサの軍団討伐
3581001	暴君フツラット討伐命令
3582001	鉱山の怪物討伐
3583001	忘却のブルカヌス討伐
3584001	峡谷のトゥルサの軍団討伐
3621001	追放者の渓谷へ
3622001	馬車の行方
3623001	奪われた食糧回収
3624001	馬車を襲撃した者
3625001	敗残兵の怪しい動き
3626001	面倒な泥棒たち
3627001	包囲網を破れ！
3628001	巨大な厄介者
3629001	迷惑な兄
3630001	谷の貴族
3631001	やっぱり怖い
3632001	血で染まった場所
3634001	残忍な遊び
3635001	もっと仲間がいれば……
3636001	双斧部隊
3637001	奈落掌
3638001	キリアンの石
3639001	道化の部下
3641001	貴重な花
3670001	（ギルド）死掌マルカドゥス討伐命令
3671001	（ギルド）敗残兵討伐
3672001	（ギルド）暗窟タラントゥス討伐
3673001	（ギルド）召喚された岩峡の放浪者討伐
3681001	死掌マルカドゥス討伐命令
3682001	敗残兵討伐
3683001	暗窟タラントゥス討伐
3684001	召喚された岩峡の放浪者討伐
3702001	希望の欠片
3704001	幽閉された神
3705001	巨神の試練
3721001	反逆者の岩窟へ向かう兵士
3722001	兵士の悩み
3723001	誘惑された者たち
3724001	己を失った者たち
3725001	苦しみに宿るキノコ
3726001	キリアンの妨害
3727001	良質な材料
3728001	野営地を脅かす部下たち
3729001	連絡無き連絡兵
3730001	奇妙なアルゴンの動物
3731001	青い光の戦士
3732001	アルゴンの計画阻止
3733001	苦しい弁明
3734001	岩窟のアルゴンガラシグ
3735001	護身の香り
3736001	プリオンの財宝
3737001	岩窟アルゴンを牽制せよ
3770001	（ギルド）プリオン討伐
3771001	（ギルド）キリアンの勢力討伐
3772001	（ギルド）アルゴン討伐
3780001	プリオン討伐
3781001	キリアンの勢力討伐
3782001	アルゴン討伐
3821001	遺跡発掘支援
3826001	泥棒猫
3827001	呪いのギリード
3828001	火中の目
3829001	猛火の原野のプリオン
3830001	貪欲な輩
3831001	現れぬ研究家
3832001	巨人都市の門番
3835001	巨人が残した物
3836001	ジェルミールの復讐
3837001	孤立した発掘員
3839001	廃墟に眠る巨人
3840001	道具が無い
3870001	（ギルド）巣の絶対者ケスケレン討伐命令
3871001	（ギルド）廃墟入口討伐
3872001	（ギルド）灼熱の廃墟略奪者討伐
3874001	（ギルド）フェルドリン峡谷討伐
3881001	巣の絶対者ケスケレン討伐命令
3882001	廃墟入口討伐
3883001	灼熱の廃墟略奪者討伐
3885001	フェルドリン峡谷討伐
3901001	裏と表
3921001	ミア・アラクネア
3922001	硬い殻の使い道
3923001	いざ戦地へ
3924001	殻の調達
3925001	奴隷管理人を倒せ
3926001	犠牲者の遺骨
3927001	失踪事件を食い止めろ
3928001	学者エニマン
3929001	命懸けの研究
3930001	研究への心意気
3931001	ここにもマリゴスが？
3932001	蜘蛛の手先
3933001	巨大な毒牙
3934001	道しるべの先に
3935001	殺戮の代償
3936001	タラントゥスの黒幕
3937001	決戦開始
3938001	怪しい実験室
3939001	黒幕を追って
3940001	邪魔をする者
3941001	干からびた屍
3942001	蜘蛛の繭
3970001	（ギルド）洞窟蜘蛛討伐命令
3971001	（ギルド）タラントゥス討伐命令
3972001	（ギルド）トゥラゴラス討伐命令
3980001	紅爪の破壊者討伐命令
3981001	トゥラゴラス討伐命令
4001001	奇妙な伝染病
4021001	穢れた広野へ
4022001	汚染された精霊たち
4023001	救いの手を
4024001	哀れなポポリ
4025001	先祖伝来の地
4026001	住民失踪の主犯
4027001	盗賊団の狙い
4028001	取引帳簿調査
4029001	隔離された村
4030001	やむを得ぬ討伐
4031001	慕わしき将校
4032001	警備から脅威へ
4033001	潜入の達人
4034001	カリーゴ神聖教団とは？
4035001	完璧な変装
4036001	疑心を抱く者
4037001	遅れる支援
4038001	神聖教団の精鋭
4039001	最初の犠牲
4040001	治療法を探して……
4042001	不気味な装身具
4043001	不眠不休の作業
4044001	ピグリンの心臓
4045001	汚染された井戸
4046001	アリユリ
4070001	（ギルド）武装警備隊討伐命令
4080001	カリーゴ神聖教団討伐命令
4102001	目覚めた者たち
4121001	商人の抗議
4122001	野獣に囲まれた基地
4123001	友好の証
4124001	略奪の代償
4125001	仲間を守れ
4126001	クバルカの頼み
4127001	商人をなだめよ
4128001	連合兵に解毒剤を
4129001	黒棘族の闘士たち
4130001	説得の貢物
4131001	操縦の秘密
4132001	英雄の証
4133001	協力の地へ
4134001	誇りより力
4135001	巨人の王冠
4136001	従順な怪物
4137001	巨大な干し肉
4138001	風見赤花
4151001	【ダンジョン】暗闇の深淵
4170001	（ギルド）黒棘族戦闘兵討伐命令
4171001	（ギルド）キャニオンバシリスク討伐命令
4172001	（ギルド）黒棘族闘士討伐命令
4180001	ギガニア討伐命令
4202001	ダゴンの宝
4221001	温かい補給品
4222001	手を組んだ痕跡
4223001	獰猛な番犬
4224001	通路開拓
4225001	毒を以て毒を制す
4226001	操られる死者
4227001	希望の薬
4228001	大切な仲間
4229001	調査、黒い羽根
4230001	蔓延る理由
4231001	装置魔力補強
4232001	操縦法調査
4233001	黒い羽根の正体
4234001	全て与えん
4235001	組織を潰すには頭から
4236001	最悪な同盟
4237001	同盟の目的
4238001	防衛兵を削れ！
4239001	任務遂行の支障
4240001	メコナリを一掃せよ
4241001	魔力の発動前に
4242001	第一使徒の最後
4243001	アガンティの卵
4244001	ダゴンの鱗魄石
4270001	（ギルド）ダゴンの神殿地下1階残党討伐命令
4271001	（ギルド）ダゴンの神殿地下2階・南側の回廊討伐命令
4272001	（ギルド）ダゴンの神殿地下2階・北側の回廊討伐命令
4273001	（ギルド）大戦士討伐命令
4280001	ダゴンの神殿地下3階残党討伐命令
4503001	ヤスリンを探して
4521001	侵攻拠点へ
4522001	オーカン調査
4523001	連絡路を切り拓け！
4524001	アルゴン構造物の謎
4525001	ガマの集まる場所
4526001	フカの使命
4527001	矢をかいくぐって
4528001	ランタルの気遣い
4529001	生きているパイプ？
4530001	研究者の頼み
4532001	青いフカを捕まえろ！
4533001	構造物研究の協力
4534001	アルゴンの痕跡？
4535001	山中の廃塞
4536001	フカとガマ
4537001	植物もアルゴン化？
4538001	意外な発見
4571001	（ギルド）侵攻拠点討伐命令
4572001	（ギルド）無魂湿地討伐命令
4573001	（ギルド）偵察者の丘討伐命令
4574001	（ギルド）暴走陣地討伐命令
4575001	（ギルド）ケルナティカ討伐命令
4581001	侵攻拠点討伐命令
4582001	無魂湿地討伐命令
4583001	偵察者の丘討伐命令
4584001	暴走陣地討伐命令
4585001	ケルナティカ討伐命令
4601001	封魔三柱を目指して
4602001	封魔三柱を捜索せよ！
4621001	謎の塔
4622001	壊れた実験装置
4623001	異常な実験
4624001	アルゴンの植物実験
4625001	精神制御装置
4626001	なんでも来い！
4627001	アルゴンの研究成果
4628001	ディプルの謎
4629001	深層への道
4630001	アンデッドの変化
4631001	許されざる変異
4632001	終わりのない研究
4633001	実験装置を探れ
4634001	やっかいな敵
4635001	目障りなクチャートたち
4671001	（ギルド）封魔三柱上層討伐命令
4672001	（ギルド）封魔三柱下層討伐命令
4673001	（ギルド）封魔三柱深層討伐命令
4681001	封魔三柱上層討伐命令
4682001	封魔三柱下層討伐命令
4683001	封魔三柱深層討伐命令
4701001	{@Rgn:47001$$ティルカイの森}の復旧
4703001	捨てられたアルゴンの駐屯地
4721001	薬草の確保
4722001	食糧調達
4723001	安全のために
4724001	招かれざる者
4725001	破壊すべきもの
4726001	荒地の新芽
4729001	残された守備兵
4731001	突然の襲撃
4732001	調査環境の整備
4733001	廃陣の探索
4734001	調査協力
4735001	撤去地のピクシーたち
4771001	（ギルド）侵食の霜森討伐命令
4772001	（ギルド）辺境の荒森討伐命令
4773001	（ギルド）旧アルゴン駐屯地討伐命令
4774001	（ギルド）咆哮の焦森討伐命令
4781001	侵食の霜森討伐命令
4782001	辺境の荒森討伐命令
4783001	旧アルゴン駐屯地討伐命令
4784001	咆哮の焦森討伐命令
4791001	侵食の霜森討伐命令
4792001	辺境の荒森討伐命令
4793001	旧アルゴン駐屯地討伐命令
4794001	咆哮の焦森討伐命令
4801001	戦争の最前線へ
4802001	戦場の神カイア
4803001	戦いの詩
4804001	戦争の傷跡
4821001	{@Creature:48#100}の脱走
4823001	{@Rgn:48004}へ
4824001	匠人の危機
4825001	戻らぬ仲間
4826001	新兵器開発実験
4827001	鉄器回収者{@Creature:48#25}
4828001	使えるものは再利用
4829001	仲間の角
4830001	匠人の帰還
4831001	{@Creature:78#1008}の紛失物
4833001	{@RawItem:206816}供給
4834001	{@RawItem:45257}を求めて
4835001	放置された木箱
4837001	敵陣につながる秘密通路
4838001	アルゴンの発生源
4839001	破滅の天主
4840001	{@Rgn:48005}に潜む脅威
4841001	戦闘の模範
4842001	巨躯のアルゴン
4843001	鋼鉄を喰らう怪物
4844001	襲撃された輸送船
4845001	鋼鉄の魔手管理者討伐
4846001	{@Rgn:48006}のアルゴン
4847001	本の落し物
4848001	{@Creature:48#401}破壊
4849001	指揮所のアルゴン
4871001	（ギルド）{@Rgn:48001}討伐命令
4872001	（ギルド）カノビア戦線中型討伐命令
4873001	（ギルド）ヘルシャ・ドリッド討伐命令
4881001	{@Rgn:48001}討伐命令
4882001	カノビア戦線中型討伐命令
4883001	ヘルシャ・ドリッド討伐命令
4891001	{@Rgn:48001}討伐命令
4892001	カノビア戦線中型討伐命令
4901001	潜入作戦
4902001	アルゴンエネルギー貯蔵庫
4921001	孤高の村、{@Rgn:76001}
4922001	{@Rgn:76001}住民の関心
4923001	{@Rgn:76001}住民の関心
4924001	{@Rgn:76001}住民の関心
4925001	{@Rgn:76001}住民の関心
4929001	アルゴンの企み
4930001	翼石の使い道
4931001	魔石研究
4932001	暗黒花の秘密
4933001	翼を持つアルゴン
4934001	妨害工作
4935001	探究心旺盛な学者
4936001	{@Rgn:49005}に害をなす者
4937001	良質の医薬品
4939001	{@Rgn:49005}の脅威
4940001	{@Creature:76#1011}のメモ1
4941001	{@Creature:76#1011}のメモ2
4942001	{@Creature:76#1011}のメモ3
4943001	{@Rgn:76001}近辺のアルゴン
4944001	{@Rgn:49004}攻撃！
4945001	巨大アルゴンの脅威
4946001	貯蔵庫の番人
4947001	翼石の安全確保
4948001	調査を始める前に……
4949001	{@Rgn:49003}進入
4950001	{@Rgn:49003}のラマヤン
4951001	一人前の条件
4952001	{@Rgn:49003}へ
4953001	{@Rgn:49002}の資源確保
4971001	（ギルド）{@Rgn:49001}討伐命令
4972001	（ギルド）{@Rgn:49001}中型討伐命令
4973001	（ギルド）ヘルシャ・ベルシ討伐命令
4981001	{@Rgn:49001}討伐命令
4982001	{@Rgn:49001}中型討伐命令
4983001	ヘルシャ・ベルシ討伐命令
4991001	{@Rgn:49001}討伐命令
4992001	{@Rgn:49001}中型討伐命令
4993001	うんざりするアルゴンI
4994001	うんざりするアルゴンⅡ
5001001	計画の正体
5002001	戦争の終結
5021001	巨大な建造物の謎
5022001	凝縮されたエネルギー
5023001	もう一つの{@Rgn:50005}
5024001	巨大な進化装置
5025001	赤と黒の翼
5026001	アルゴンの進化体？
5027001	更なる調査へ
5028001	ボディガードの心配事
5029001	縹原のアカカラシュ
5031001	{@Creature:76#1011}のメモ4
5032001	{@Creature:76#1011}のメモ5
5033001	女王の手がかり
5034001	一人前への道
5035001	一人前になるために
5036001	一人前のアーマン
5037001	{@Rgn:50008}へ
5038001	{@Rgn:50008}の浄化
5039001	{@Creature:50#1002}を探して
5071001	（ギルド）{@Rgn:50001}討伐命令
5072001	（ギルド）{@Rgn:50001}中型討伐命令
5073001	（ギルド）アカカラシュ・ディシク討伐命令
5081001	{@Rgn:50001}討伐命令
5082001	{@Rgn:50001}中型討伐命令
5083001	アカカラシュ・ディシク討伐命令
5091001	{@Rgn:50001}討伐命令
5092001	{@Rgn:50001}中型討伐命令
5121001	トゥルサに支配された峡谷
5122001	呪縛のウェンディゴ戦士
5123001	ウェンディゴ族長エルピサ
5124001	ウェンディゴ呪術師を討伐せよ
5125001	凶暴化装置を破壊せよ
5126001	狂気に包まれた猛獣の峡谷
5127001	帰らぬ者たち
5128001	戻れぬ理由
5129001	雪原の殺戮者
5131001	雪崩の原因除去
5132001	野獣を凶暴化させる装置
5133001	家族の懐へ
5134001	機密情報
5135001	氷河巨人の洞窟
5136001	雪原の巨人たち
5137001	悪神の手下
5138001	洞窟内の勇士たち
5139001	とにかくキノコでも
5140001	火のような酒
5170001	（ギルド）ラキヌア討伐命令
5171001	（ギルド）呪縛のウェンディゴ討伐
5172001	（ギルド）狂気に染まった獣討伐
5173001	（ギルド）獰猛な氷河巨人討伐
5181001	ラキヌア討伐命令
5182001	呪縛のウェンディゴ討伐
5183001	狂気に染まった獣討伐
5184001	獰猛な氷河巨人討伐
5201001	神々の金床へ
5202001	恐怖の迷宮
5203001	奇跡のための材料
5204001	暗き舞台の幕開け
5205001	破滅の魔獣、ケルサイク
5221001	孤立した部隊を支援せよ
5222001	狂笑の虐殺者バラス
5223001	トゥルサの軍団斥候隊を討伐せよ
5224001	トゥルサの軍団獣兵隊を討伐せよ
5225001	酷寒に立ち向かうために
5226001	希望の村に伝えろ
5227001	トゥルサの軍団突撃隊を討伐せよ
5228001	酷寒を招く精霊
5229001	悪霊の悲鳴
5230001	猛毒の治療剤
5231001	暗炭橋の野営地へ
5232001	トゥルサの軍団騎兵隊を討伐せよ
5233001	敵の補給品
5234001	神々の金床に向かえ
5235001	悪夢のビショップテルサ
5236001	復活の呪術道具
5237001	爆風を招く精霊
5238001	聖域を穢す獣たち
5239001	復活を食い止めろ
5240001	神々の金床奪還作戦
5241001	中央制御室奪還作戦
5242001	聖域を侵犯した異邦人
5243001	地獄から甦った武者
5244001	支援要請
5245001	聖域に向かって
5250001	魔石を破壊せよ！
5251001	仲間たちの角
5270001	（ギルド）トゥルサの軍団先鋒隊討伐
5271001	（ギルド）トゥルサの軍団騎兵隊と補給部隊討伐
5272001	（ギルド）漆黒の軍団討伐
5273001	（ギルド）雪原の魔獣スネグルトス討伐命令
5280001	トゥルサの軍団先鋒隊討伐
5281001	トゥルサの軍団騎兵隊と補給部隊討伐
5282001	漆黒の軍団討伐
5283001	雪原の魔獣スネグルトス討伐命令
5421001	妖精の森の危機
5422001	堕落の原因の解明
5423001	飢えた獣たち
5424001	未来に対する希望
5425001	危険な獣
5426001	病変した妖精の治癒
5427001	アルゴンの行跡調査
5428001	アルゴンが残した物
5429001	堕落した女神の親衛隊
5430001	怪しい装置を探して
5431001	アルゴンを討伐せよ
5432001	堕落した森の生命たち
5433001	勇敢な戦士を追って
5434001	狂乱の女神守護者
5435001	山峡の獣
5436001	女神が残した未知の力
5437001	大神官の力を集めて
5438001	永遠の花を守れ
5439001	背徳の庭園管理人
5440001	庭園の乱入者
5441001	保護石の復旧
5442001	庭園の害虫
5470001	（ギルド）妖精の安息地の危機
5471001	（ギルド）黄昏の森の獣討伐
5472001	（ギルド）鋼鱗アルクス討伐
5473001	（ギルド）不浄な守護者討伐命令
5480001	妖精の安息地の危機
5481001	黄昏の森の獣討伐
5482001	鋼鱗アルクス討伐
5483001	不浄な守護者討伐命令
5495001	妖精の森を助けてⅠ
5496001	妖精の森を助けてⅡ
5501001	カイアトールの異変
5502001	影守の古樹群の精霊
5521001	影守の古樹群に行く道
5522001	力を高める方法
5524001	彷徨う思念
5525001	ディプルの部下たち
5526001	血の魔法団支援
5527001	鼻っぱしらをくじけ
5528001	庭園の暴れん坊
5529001	オーカンが来た道
5530001	暁の野営地へ
5531001	巨大な闇の花
5532001	影守の古樹群の侵略者たち
5533001	影守の古樹群の特産品
5534001	堕落した竜の子孫
5535001	溶け込んだ黒い羽
5536001	先制攻撃
5537001	巣の主人たち
5538001	堕落の根源
5570001	（ギルド）暁の谷討伐命令
5571001	（ギルド）孤独の谷間討伐命令
5572001	（ギルド）影守の古樹群西部討伐命令
5573001	（ギルド）闇の花討伐命令
5574001	（ギルド）排斥の巣討伐命令
5575001	（ギルド）背徳のパンドロス討伐命令
5576001	（ギルド）堕落の巣討伐命令
5580001	暁の谷討伐命令
5581001	孤独の谷間討伐命令
5582001	影守の古樹群西部討伐命令
5583001	闇の花討伐命令
5584001	排斥の巣討伐命令
5585001	背徳のパンドロス討伐命令
5586001	堕落の巣討伐命令
5601001	血の柱を破壊せよ
5602001	ケルサイク復活阻止
5621001	常闇の森派遣
5622001	復讐のために
5623001	騒乱の原因
5624001	闇の兆候
5625001	デヴァを率いる者
5626001	不吉な分岐点のデヴァ
5627001	暗黒泉を目指して
5628001	暗黒泉の野営地防御
5629001	消えた探検家
5630001	暴走する悪夢
5631001	これ以上ない
5632001	祭壇を守護する者たち
5633001	傷ついた犠牲者たち
5634001	ただならぬ出会い
5635001	メコナリの魔法石奪取
5636001	闇の流れるところ
5637001	反撃
5640001	【ダンジョン】リアンの古城
5670001	（ギルド）犠牲者の枝道討伐命令
5671001	（ギルド）供物の森討伐命令
5672001	（ギルド）漆黒の祭壇討伐命令
5673001	（ギルド）コトラック討伐命令
5680001	犠牲者の枝道討伐命令
5681001	供物の森討伐命令
5682001	漆黒の祭壇討伐命令
5683001	コトラック討伐命令
5721001	アメナ・クアトラへの旅
5722001	影の中の騎士
5723001	盆地の野獣
5724001	大王キノコの正体
5725001	荒羽の番人
5726001	傭兵団の脅威
5727001	闇の傭兵団討伐
5728001	狂信徒を追跡せよ
5729001	神の近衛兵
5730001	シカンダリ守護兵
5731001	シカンダーの追従者
5732001	シカンダリの孵化場へ
5733001	孵化場のギルガシ守護兵
5734001	孵化場を占拠する魔獣
5735001	シカンダリの子ども
5736001	アメナ・クアトラ守護者
5770001	（ギルド）炎地獄怪獣カザスタン討伐命令
5771001	（ギルド）マッシュテイルリザード討伐命令
5772001	（ギルド）アメナ・クアトラ近郊討伐命令
5773001	（ギルド）シカンダーの神殿討伐命令
5774001	（ギルド）黒鉄の守護獣討伐命令
5781001	炎地獄怪獣カザスタン討伐命令
5782001	マッシュテイルリザード討伐命令
5783001	アメナ・クアトラ近郊討伐命令
5784001	シカンダーの神殿討伐命令
5785001	黒鉄の守護獣討伐命令
6000001	【重要】苦しんでる住民たち
6001001	【重要】秘蔵の武器
6002001	【重要】撃墜試し
6050001	The Missing Ingredient
6099001	更なる飛躍のために
6140001	【ダンジョン】バハールの神殿
6301001	ヴェリカを愛する人
6302001	魔法スキルを磨け！
6304001	名誉ある決闘
6305001	ヴァルキオン連合司令部
6306001	戦闘スキルを磨け！
6307001	名誉ある決闘
6321001	人々のために
6322001	伝統のフカ帽子
6323001	冒険家の必需品
6324001	自信がないときは……
6325001	エレガントなあなたへ
6326001	カッコよさと実用性を兼備
6327001	キャプテンになりたい？
6328001	パーティーの必須アイテム
6329001	愛嬌が一番
6330001	生命の神秘を感じよう
6331001	優雅な装い
6332001	古き良きもの
6333001	紳士淑女のみなさまへ
6334001	黒豹の餌
6335001	ライダーの必需品
6336001	大好物
6337001	いざという時のために
6338001	特別な鞍
6339001	黒豹を飼いならせ
6340001	【イベント】鋼の戦場
6341001	【イベント】砲火の戦場
6342001	【イベント】秘密基地
6343001	【イベント】ヴァンピールの屋敷
6344001	【イベント】邪教徒の隠れ家
6345001	【イベント】死霊術研究所
6346001	【イベント】黄金の迷宮
6347001	【イベント】黒紋塔
6348001	【イベント】恐怖の迷宮
6349001	【イベント】サレロンの空中庭園
6350001	【イベント】ジャバルマンドーム
6351001	【イベント】シャンドラ・マナイア
6352001	【イベント】デモクロン実験室
6353001	【イベント】アークデヴァの武器庫
6354001	Easter commotion
6356001	決闘とは？
6357001	疾風のごとく
6358001	強くなるために
6359001	新たな支援
6361001	疾風のごとく
6364001	【ダンジョン】疑問の地震
6367001	中級補給品購入権限
6368001	上級補給品購入権限
6369001	蒼空の守護者
6370001	図鑑編纂
6371001	錆びぬ実力I
6372001	錆びぬ実力Ⅱ
6378001	助けて！
6381001	連合の支援
6383001	冒険家の頼み
6384001	初めての強化part1
6385001	初めての強化part2
6395001	毎日おいでよ～～
7000041	バーンスタインの幽霊島討伐
7000341	呪われたバーンスタインの幽霊島
7205001	希望への道標
7282001	黄金チケットをあげる
7290001	<進行不可>力の証明
7291001	（進行不可）［戦場］闘志の戦場で勝利せよ
7292001	（進行不可）［戦場］闘志の戦場で勝利せよ
7293001	（進行不可）［戦場］闘志の戦場で勝利せよ
7294001	（進行不可）［戦場］闘志の戦場で勝利せよ
7295001	（進行不可）［戦場］名誉の戦場で勝利せよ
7296001	（進行不可）［戦場］名誉の戦場で勝利せよ
7297001	（進行不可）［戦場］名誉の戦場で勝利せよ
7298001	（進行不可）［戦場］名誉の戦場で勝利せよ
7299001	影の商団の誘惑
8421001	名物ピグリン焼き
8422001	カラムスペッパー入手法
8491001	（進行不可）［戦場］名誉の戦場で勝利せよ
8492001	（進行不可）［戦場］名誉の戦場で勝利せよ
8493001	（進行不可）［戦場］闘志の戦場で勝利せよ
8494001	（進行不可）［戦場］闘志の戦場で勝利せよ
8496001	［戦場］名誉の戦場へ！
8701001	突然の任務
8702001	護衛隊の承認
8703001	任務開始
8704001	補給兵の救出とヒント
8705001	明かされた真実
8706001	反撃の時
8707001	断罪
8708001	祈りと旅立ち
8709001	ヴァルキオン連合の一員
9999001	禁じられたクエスト
10001001	金属武器物資製作法習得1
10002001	金属武器物資確保1
10003001	金属武器物資製作法習得2
10004001	金属武器物資確保2
10005001	金属武器物資製作法習得3
10006001	金属武器物資確保3
10007001	金属武器物資製作法習得4
10008001	金属武器物資確保4
10009001	金属武器物資製作法習得5
10010001	金属武器物資確保5
10011001	魔法武器物資製作法習得1
10012001	魔法武器物資確保1
10013001	魔法武器物資製作法習得2
10014001	魔法武器物資確保2
10015001	魔法武器物資製作法習得3
10016001	魔法武器物資確保3
10017001	魔法武器物資製作法習得4
10018001	魔法武器物資確保4
10019001	魔法武器物資製作法習得5
10020001	魔法武器物資確保5
10021001	重鎧物資製作法習得1
10022001	重鎧物資確保1
10023001	重鎧物資製作法習得2
10024001	重鎧物資確保2
10025001	重鎧物資製作法習得3
10026001	重鎧物資確保3
10027001	重鎧物資製作法習得4
10028001	重鎧物資確保4
10029001	重鎧物資製作法習得5
10030001	重鎧物資確保5
10031001	軽鎧物資製作法習得1
10032001	軽鎧物資確保1
10033001	軽鎧物資製作法習得2
10034001	軽鎧物資確保2
10035001	軽鎧物資製作法習得3
10036001	軽鎧物資確保3
10037001	軽鎧物資製作法習得4
10038001	軽鎧物資確保4
10039001	軽鎧物資製作法習得5
10040001	軽鎧物資確保5
10041001	ローブ物資製作法習得1
10042001	ローブ物資確保1
10043001	ローブ物資製作法習得2
10044001	ローブ物資確保2
10045001	ローブ物資製作法習得3
10046001	ローブ物資確保3
10047001	ローブ物資製作法習得4
10048001	ローブ物資確保4
10049001	ローブ物資製作法習得5
10050001	ローブ物資確保5
10051001	消費アイテム製作法習得1
10052001	消費アイテム確保1
10053001	消費アイテム製作法習得2
10054001	消費アイテム確保2
10055001	消費アイテム製作法習得3
10056001	消費アイテム確保3
10057001	消費アイテム製作法習得4
10058001	消費アイテム確保4
10059001	消費アイテム製作法習得5
10060001	消費アイテム確保5
10061001	魔法刻印製作者になる 2
10062001	魔法刻印製作者になる 3
10063001	魔法刻印製作者になる 4
10064001	魔法刻印製作者になる 1
10101001	金属武器物資製作法習得6
10102001	金属武器物資確保6
10103001	金属武器物資製作法習得7
10104001	金属武器物資確保7
10105001	金属武器物資製作法習得8
10106001	金属武器物資確保8
10107001	金属武器物資製作法習得9
10108001	金属武器物資確保9
10109001	魔法武器物資製作法習得6
10110001	魔法武器物資確保6
10111001	魔法武器物資製作法習得7
10112001	魔法武器物資確保7
10113001	魔法武器物資製作法習得8
10114001	魔法武器物資確保8
10115001	魔法武器物資製作法習得9
10116001	魔法武器物資確保9
10117001	重鎧物資製作法習得6
10118001	重鎧物資確保6
10119001	重鎧物資製作法習得7
10120001	重鎧物資確保7
10121001	重鎧物資製作法習得8
10122001	重鎧物資確保8
10123001	重鎧物資製作法習得9
10124001	重鎧物資確保9
10125001	軽鎧物資製作法習得6
10126001	軽鎧物資確保6
10127001	軽鎧物資製作法習得7
10128001	軽鎧物資確保7
10129001	軽鎧物資製作法習得8
10130001	軽鎧物資確保8
10131001	軽鎧物資製作法習得9
10132001	軽鎧物資確保9
10133001	ローブ物資製作法習得6
10134001	ローブ物資確保6
10135001	ローブ物資製作法習得7
10136001	ローブ物資確保7
10137001	ローブ物資製作法習得8
10138001	ローブ物資確保8
10139001	ローブ物資製作法習得9
10140001	ローブ物資確保9
10141001	消費アイテム製作法習得6
10142001	消費アイテム確保6
10143001	消費アイテム製作法習得7
10144001	消費アイテム確保7
17201001	天空の船着場
17202001	袖振り合うも多生の縁
17203001	長旅を控えて
17204001	ギルバートの使命
17205001	新大陸への航海
17206001	冷静さと情熱と
17207001	招かれざる客
17208001	孤立した遠征隊
17209001	予期せぬ出会い
17210001	疑心暗鬼
17211001	カマイ族の居住地
17212001	アノン族の悲劇
17213001	蘇えれ、エルカイア号
17214001	追跡せよ
17216001	新たな脅威
17217001	武功への恩賞
17221001	【ダンジョン】サイラクス研究基地
17222001	【ダンジョン】RK-9格納庫
18101001	バラカの唄
18102001	渦巻く疑問
18103001	求道者の道
18104001	侵入者
18105001	よぎる不安
18106001	考古学の研究
18107001	鎮魂の儀式
18108001	強烈な殺気
18109001	静かなる偉大さ
18110001	危機からの脱出
18111001	怪しい鉱物箱
18112001	最後の条件
18113001	事前準備
18114001	アークデヴァの駐屯地へ
18115001	揺れる想い
18116001	暗黒の根源
18117001	悲劇の実験室
18118001	動き出す運命
18201001	アークデヴァの秘密基地
18202001	秘密保持
18203001	イルカ調査団
18204001	一挙手一投足
18205001	アークデヴァのペンダント
18206001	何とかと天才は紙一重
18207001	万能接着剤
18208001	余計なお世話
18209001	一歩前進
18210001	知の故郷
18211001	オリンの試験
18212001	前進あるのみ
18213001	リクムのスキル書
18214001	カエルをさがして
18299001	Hone your Talents
18301001	門の向こう側
18302001	新たな憤怒の力
18303001	第二の憤怒の力
18304001	第三の憤怒の力
18305001	最後の憤怒の力
18306001	伝説の匠人一家
18311001	この世界の匠人
18324001	戦士の挑戦
18325001	【イベント】幻影の塔（最上階）
18326001	【イベント】呪われたバーンスタインの幽霊島
18327001	【イベント】バーンスタインの幽霊島
18331001	【イベント】アカシャの潜伏地（ソロ）
18332001	【イベント】黄金の迷宮（ソロ）
18333001	【イベント】暴悪のキルガルの洞窟（ソロ）
18335001	【イベント】邪悪なオルカの神殿
18336001	【イベント】バルロナの時空間
18337001	[イベント]クリスマスの悪夢の討伐
18352001	オメロスのお願い
18353001	ホコリの積もった本
18355001	アークデヴァ討伐隊
18357001	戦士たちの挑戦
18358001	終わりなき修行
18360001	怪鳥の急襲
18366001	[イベント] 防御担当者の資格試験 [ボーナス]
18372001	［イベント］アルボレアの守護者任務1
18373001	［イベント］アルボレアの守護者任務2
18374001	［イベント］アルボレアの守護者任務3
18375001	［イベント］アルボレアの守護者任務4
18376001	［イベント］アルボレアの守護者任務5
18377001	【戦場】純粋な強さを求めて
18378001	【戦場】地下の激戦区へ
18380001	［イベント］覚醒という力の終着地II
18381001	Catalyst of Ice
18382001	Catalyst of Fire
18383001	イベントミッション：IL418
18384001	イベントミッション：IL422
18385001	イベントミッション：IL428
18386001	イベントミッション：IL431
18387001	イベントミッション：IL432
18388001	イベントミッション：IL433
18389001	イベントミッション：IL435
18390001	イベントミッション：IL436
18391001	イベントミッション：IL437
18392001	イベントミッション：IL438
18393001	イベントミッション：IL439
19101001	帝国の地へ
19102001	次の一手
19103001	弱き者の涙
19104001	降下作戦
19105001	黒魔法の痕跡
19106001	時空亀裂装置
19107001	血も涙も無い
19108001	難攻不落の要塞
19109001	不吉な手がかり
19110001	戻らぬ一歩
19111001	執拗な追跡
19112001	戦いの果てに
21301001	不吉な知らせ
21302001	ユーリアの疑念
21303001	あの日の記憶
21304001	太古神の木
21305001	容疑者X
21306001	予期せぬ出会い
21307001	辛い真実
21311001	廃墟となった庭園
21312001	育まれた希望
41101001	アークデヴァの武器庫
41102001	分かったと言う
41103001	2つ目の秘伝文書
41104001	バタヒルの一番弟子
41105001	バタヒルのメッセージ
41106001	亀裂の痕跡
41107001	運命の匠人
41501001	黎明の島探査隊
41502001	黎明の島探査隊
41503001	黎明の島探査隊
41504001	黎明の島探査隊
41505001	黎明の島探査隊
41506001	黎明の島探査隊
41507001	黎明の島探査隊
41508001	黎明の島探査隊
41510001	進撃
41511001	進撃
41512001	進撃
41513001	進撃
41514001	進撃
41515001	進撃
41516001	進撃
41517001	進撃
42421001	ミトゥラ商団の企み
42491001	{@Rgn:9024001}討伐命令
42521001	庭園の支配者
42522001	庭園の守護者
42523001	蓮池の守護者
42524001	遺物の間
42571001	（ギルド）{@Rgn:9025001}討伐命令
42581001	{@Rgn:9025001}討伐命令
47121001	死者に安らかな眠りを
47122001	魂のない体
47123001	忘れえぬ恨み
47124001	積み重なる恨み
47125001	妻への手紙
47126001	母への手紙
47127001	復讐のために
47170001	（ギルド）悪霊討伐
47171001	（ギルド）死の咆哮ベルクラマ討伐命令
47221001	グラへの復讐
47222001	クオニカの好物
47223001	背徳者の眼
47224001	ロイナストーン
47226001	暴君の財宝
47270001	（ギルド）グラ討伐命令
47271001	（ギルド）シヌス討伐命令
47272001	（ギルド）暴君バラコス討伐命令
47280001	背徳者討伐命令
47281001	暴君バラコス討伐命令
47321001	不滅の者たち
47322001	永生の服従
47323001	黒紋塔の警備隊
47324001	トゥルサの協力者たち
47325001	黒紋塔の警備隊長
47326001	変異したトゥルサの右腕
47327001	英雄の安息
47371001	（ギルド）不滅の軍団を討伐せよ
47380001	不滅の軍団を討伐せよ
47621001	キリアンの手下
47622001	子飼いの獣たち
47623001	キリアンの楽士
47624001	キリアンの道化師たち
47625001	やるせない気持ち
47626001	迷宮のアルゴン
47627001	苦痛の女王バトリー
47628001	シャマルラン祭司長
47629001	復讐の悪魔
47670001	（ギルド）迷宮内部の道化討伐
47671001	（ギルド）キリアンの楽士討伐
47680001	迷宮内部の道化討伐
47681001	キリアンの楽士討伐
48121001	実戦のごとき修練
48701001	秘密基地制圧！
48721001	オニキスで一儲け
48722001	残党を一掃せよ！
48723001	小悪魔を閉じ込めろ！
48724001	狂犬病にご用心！
48725001	商売の材料
48727001	奇妙な設計図
48728001	解読不能な書物
48770001	（ギルド）敗残兵討伐命令
48821001	裏切り者に制裁を
48822001	血の代価
48823001	扇動者を討伐せよ！
48824001	愚かな僕たち
48825001	霊魂の救済
48826001	暗黒魔女の最期
48870001	（ギルド）公爵家の兵士討伐命令
48871001	（ギルド）ヴァンピール貴族討伐命令
48872001	（ギルド）ベルベロス討伐命令
48921001	暗黒の存在
48922001	邪教徒の武器を！
48923001	深淵の聖書
48924001	小さな悪魔
48925001	闇の繋がり
48970001	（ギルド）暗黒の存在討伐命令
48971001	（ギルド）深淵の存在討伐命令
48972001	（ギルド）アカカラシュ討伐命令
49301001	アカシャの行方
49302001	アカシャの最期
49370001	（ギルド）疫病討伐命令
50501001	【覚醒】ヴェリカ平和祈念祝祭
50502001	【覚醒】思わぬ客
50511001	【覚醒】戻された時間
50512001	【覚醒】災いの原因
50525001	【覚醒】連峰の果て
50526001	【覚醒】世界の壁
50527001	【覚醒】懐疑感
50528001	【覚醒】混乱
50529001	【覚醒】罪悪感
50530001	【覚醒】完全なる覚醒
50531001	【覚醒】独りで
50532001	【覚醒】忘れ物はありませんか？
50533001	【重要】女神への贈り物
50534001	【重要】物品係の神隠し
50535001	【重要】天空の勝負師
50536001	【重要】オリバンの料理教室: 1時間目
50537001	【重要】オリバンの料理教室: 2時間目
50538001	【重要】オリバンの料理教室: 3時間目
50539001	【重要】施設係の憂鬱
50540001	【重要】休憩は大事
50541001	【重要】伝説の花火
50545001	【重要】バラカ達の好意
50546001	【重要】中央警備隊の好意
50547001	【重要】南門警備隊の好意
50548001	【重要】守備隊長の呼び出し
50601001	【重要】ヴェリックの夢
50602001	【重要】革命団の悪行
50603001	【重要】墜落と着地の間
51010001	異常兆候調査
51011001	革命団の計画を邪魔する
51012001	真相確認
51020001	娘を探して
51021001	エセニア再建
51022001	バタフライ効果
51030001	わんちゃんを探して
51031001	記憶の秘薬
51032001	幽霊と宝石
51040001	盗まれた物もがらくた箱に
51041001	安全第一！納品馬車を守れ！
51042001	神聖帝国遺物の価値
51050001	失踪した兵士の生存確認
51051001	負傷兵たちのための薬剤補給
51052001	砲台修理
55001001	ひよっこアーチャーのための課題
55002001	スズメ級アーチャーのための課題
55003001	カラス級アーチャーのための課題
55004001	フクロウ級アーチャーのための課題
55005001	トビ級アーチャーのための課題
55007001	エリートウォーリアーになるための一番目の課題
55008001	エリートウォーリアーになるための二番目の課題
55011001	エリートウォーリアーになるための五番目の課題
55016001	【イベント】ファイター最後の試験
55017001	【イベント】砲火の戦場で勝利せよ。
55018001	【イベント】名誉の戦場で勝利せよ。
55019001	［イベント］アルボレア守護の任務1
55020001	［イベント］アルボレア守護の任務2
55025001	アルボレア戦線投入I
55026001	アルボレア戦線投入 II
55027001	アルボレア戦線投入 III
55028001	アルボレア戦線投入IV
55029001	アルボレア戦線投入V
55030001	アルボレア戦線投入 VI
55031001	アルボレア戦線投入 VII
55032001	アルボレア戦線投入VIII
55033001	アルボレア戦線突破I
55034001	アルボレア戦線突破 II
55035001	アルボレア戦線突破 III
55036001	アルボレア戦線突破 IV
55037001	アルボレア戦線突破V
55038001	アルボレア戦線突破 VI
55039001	アルボレア戦線突破 VII
55040001	アルボレア戦線投入I
55041001	アルボレア戦線投入II
55042001	アルボレア戦線投入III
55043001	アルボレア戦線投入IV
55044001	アルボレア戦線投入V
55045001	アルボレア戦線投入VI
55046001	アルボレア戦線投入VII
55047001	アルボレア戦線投入VIII
55048001	アルボレア戦線突破I
55049001	アルボレア戦線突破II
55050001	アルボレア戦線突破III
55051001	アルボレア戦線突破IV
55052001	アルボレア戦線突破V
55053001	アルボレア戦線突破VI
55054001	アルボレア戦線突破VII
55070001	アルボレア戦線I
55071001	アルボレア戦線II
55072001	アルボレア戦線III
55073001	アルボレア戦線IV
55074001	アルボレア戦線V
55075001	アルボレア戦線VI
55076001	アルボレア戦線VII
55077001	アルボレア戦線VIII
55078001	アルボレア戦線突破I
55079001	アルボレア戦線突破II
55080001	アルボレア戦線突破III
55081001	アルボレア戦線突破IV
55082001	アルボレア戦線突破V
55083001	アルボレア戦線突破VI
55084001	アルボレア戦線突破VII
59901001	守護者の日常
59902001	ティアランの子
59903001	寄生のギリード
59904001	ギリード殲滅のために
59905001	ティアランの樹液
59906001	未知の侵入者
59907001	帰ってこない人たち
59908001	アルゴンの痕跡
59909001	後を追いかけて
59910001	ティアランの涙
59911001	大陸へ
59912001	執拗な捜索
60101001	{@WorkObject:64}稼動
60102001	{@Rgn:45003$$無魂湿地}の復旧
60103001	ペットは家族
60104001	ティルカイキノコ研究報告
60105001	昇華の祠研究報告
60106001	{@Rgn:47006$$侵食の霜森 復旧野営地}支援要請
60107001	{@Rgn:47007$$咆哮の焦森 前進基地}支援要請
60108001	{@Rgn:45007$$無魂湿地野営地}支援要請
60109001	{@Rgn:45008$$偵察者の野営地}支援要請
60110001	{@Rgn:45009$$暴走陣地野営地}支援要請
60111001	{@Rgn:46001$$封魔三柱}研究本部支援要請
60112001	{@Rgn:46016$$比較精神研究場}支援要請
60113001	{@Rgn:46017$$生物融合研究場}支援要請
60114001	連れ去られた命を救え
60115001	変異した植物の調査
60116001	愛犬家の悩み
60117001	所長からの呼び出し
60118001	アルゴン研究所の協力要請
60201001	力になりたい
60202001	不足な部品の調達
60203001	敵の指揮官
60204001	空腹の隊員たちへ
60205001	遊撃隊のコレクション
60206001	頭数を減らせ
60207001	アルゴン掃討作戦
60208001	得体の知れぬ装置
60209001	地下洞窟のアルゴン
60210001	地下洞窟の指揮官
60211001	{@Creature:418#2008#アルゴンエネルギー供給機}を破壊せよ
60212001	{@Creature:418#2009$$兵器制御装置}を破壊せよ
60213001	遊撃隊の絆
60214001	地下路からの要請
60215001	新入隊員の教育
60216001	食糧不足は一大事
60217001	隊長からの呼び出し
60218001	カノビア遊撃隊の協力要請
60301001	まずは腕試し
60302001	{@Rgn:49005$$カシアンの樹}の寄生虫
60303001	{@Rgn:49003$$エネルギー貯蔵庫}のアルゴン
60304001	{@Rgn:50002$$隠された野営地}のハンター
60305001	{@Rgn:50003$$岩麓の野営地}からの呼び出し
60306001	{@Creature:50#9$$ガードキューブ}狩り
60307001	腕を見込まれて
60308001	ベテランハンターを訪ねて
60309001	アルゴン狩猟団の協力要請
60401001	魚の養殖法
60402001	バナナ栽培
60403001	新入会員のために
60404001	古代の番人
60405001	古代のガーディアン
60406001	せっかちな上司
60407001	動物たちの危機
60408001	太陽神の碑石
60409001	{@Rgn:9017001$$太陽の灯台}を照らせ
60410001	古い遺物の回収
60411001	休みが必要
60412001	{@Rgn:9017001$$太陽の灯台}の番人
60413001	古代の薬剤の分析
60414001	不足した薬材の調達
60415001	貴重な植物の栽培
60416001	魚の養殖法
60417001	バナナ栽培
60418001	{@Creature:71#3001$$アイリス・エリーン}の下へ
60419001	ミーマスの協力要請
60501001	商人会の要請1
60502001	商人会の要請2
60503001	商人会の要請3
60504001	商人会の要請4
60505001	商人会の要請5
60506001	工房会の要請1
60507001	工房会の要請2
60508001	工房会の要請3
60509001	工房会の要請4
60510001	工房会の要請5
60511001	狩猟依頼 {@Rgn:10001$$蛇印の秘島}
60512001	狩猟依頼 {@Rgn:12001$$絶望の島}
60513001	狩猟依頼 {@Rgn:18001$$巨人の廃都}
60514001	狩猟依頼 {@Rgn:21001$$バシリスクの巣}
60515001	狩猟依頼 {@Rgn:23001$$月の湖}
60516001	狩猟依頼 {@Rgn:24001$$黄金の道}
60517001	狩猟依頼 {@Rgn:4001$$爆炎連峰}
60518001	狩猟依頼 {@Rgn:7001$$久遠の盆地}
60519001	狩猟依頼 {@Rgn:9002$$貪欲の迷宮}
60520001	傭兵団の依頼2
60521001	傭兵団の依頼1
60522001	傭兵団の依頼3
60523001	傭兵団の依頼5
60524001	傭兵団の負担になる依頼
60528001	ヴェリカ連合会の協力要請
60601001	時空の黒塊回収
60602001	時空の黒塊片回収
60603001	汚染の原因
60604001	{@RawItem:45280$$魔力流転の印書}の実験
60605001	暗黒岩の破片回収
60606001	アルゴンとのつながり
60701001	魔導工学入門
60702001	研究のお手伝い
60703001	魔法の紙材料収集
60704001	魔法の紙伝達
60705001	魔法歴史のお勉強
60706001	機械工学のお勉強
60707001	融合学入門
60708001	小型歯車確保
60709001	魔導機械のエネルギー源
60710001	魔導機械補給 I
60711001	本は武器より強し
60801001	生きるために I
60802001	生きるために II
60803001	事前調査
60804001	強さの証明
60805001	配達 I
60806001	配達 II
60807001	人員確保
60808001	交易品を緊急配達！　
60809001	決算報告
60811001	商人の道
60901001	中央警備隊式トレーニング
61206001	研究のための材料
61207001	森の神秘
61210001	森の番人の知恵
61241001	臨時隔離所の有能な作業員
61244001	盗まれた治療剤
61263001	ドキドキ花
61264001	べラード式魔法の弁当
61284001	山の中では魚が一番美味い
61301001	ゴプリ・スコットの薬配達
61302001	神の力
61303001	最低限の対処
61304001	やむを得ぬ選択
61305001	帰って来て！
61308001	革命団の仕事
61309001	森に平和を！
61342001	研究材料調達
61343001	アメルダスの趣味
61421001	討伐作戦
61422001	汚染されたモンスター
61423001	エセニアを復旧せよ
61424001	その時、何か
61461001	取引に邪魔になる物
61462001	がらくたの中に宝物が！
61481001	私の名はドラゴンハンター
61482001	ヴェルダシュの研究装置
61483001	研究のためのサンプル収集
61501001	【パートナー】精霊の卵
61630001	リベランツ支援
61631001	パリャの事業補助
61632001	ピアルティの頼み
61633001	リベランツ守備隊
61634001	リベランツ解決師
61640001	リベランツの戦士
61650001	最前線支援
61651001	裏切り者の末路
61652001	極秘任務支援
61653001	内部工作
61710001	エクソドール探索キャンプ支援
61711001	エクソドール環境調査
61712001	水質調査
61713001	治安維持
61730001	復讐の刃
61731001	同時攻撃
61740001	結晶化治療剤
61741001	邪魔要素
61742001	周辺の片付け
61743001	生存のための必需品
61901001	【釣り】釣り！好きですか？
61902001	【釣り】魚料理すきですか？
61903001	【釣り】莫大なお金を稼ぐ方法を教えますか？
61904001	【釣り】釣り人が成長する法
61905001	【釣り】怒った隣人
61906001	【釣り】怪物ナマス釣り
61907001	【釣り】港の臭み
61908001	【釣り】家長のプライド
61909001	【釣り】神仙ひげスープ
61910001	【釣り】伝説？の教え
61911001	【釣り】伝説？との賭け
61912001	【釣り】釣り人の珍味
61913001	【釣り】釣り人の晩餐
61914001	【釣り】タコと要請
70101001	［太陽の祝祭］知恵の木
70102001	［太陽の祝祭］1日神官体験1
70103001	［太陽の祝祭］1日神官体験2
70104001	［太陽の祝祭］かき氷作り
70105001	［太陽の祝祭－デイリー］神殿掃除（地下）
70106001	［太陽の祝祭－デイリー］神殿掃除（庭園）
70107001	［太陽の祝祭－デイリー］神殿掃除（聖域）
70108001	［太陽の祝祭－デイリー］配達人
70109001	［太陽の祝祭－デイリー］花火
70111001	［血の祝祭］不吉な儀式
70112001	［血の祝祭－デイリー］住民救出
70113001	［血の祝祭－デイリー］祝祭場乱入1
70114001	［血の祝祭－デイリー］祝祭場乱入2
70115001	［ビーチ祭り］エルチの招待
70116001	［ビーチ祭り］スイカと大砲と砂の城
70117001	［ビーチ祭り－デイリー］水大砲ゲーム
70118001	［ビーチ祭り－デイリー］スイカ割りゲーム
70119001	［ビーチ祭り－デイリー］ラングンの遊び
70120001	［ビーチ祭り－デイリー］角細工商人の悩み
70121001	［ビーチ祭り－デイリー］海辺のアイドル
70122001	［ビーチ祭り］ロセッツの趣味
70201001	［豊穣の祝祭］うれしい招待
70202001	［豊穣の祝祭］リカノール名物
70203001	［豊穣の祝祭］特産物図鑑製作
70204001	［豊穣の祝祭］ピグリンを捕まえろ！
70205001	［豊穣の祝祭-デイリー］料理をお届け
70206001	［豊穣の祝祭－デイリー］ワラ玉転がし
70207001	［豊穣の祝祭－デイリー］羊飼い
70208001	［豊穣の祝祭－デイリー］牧場管理
70209001	［豊穣の祝祭－デイリー］ピグリン集め
70211001	［フカピカ祭り］研究員クルモン
70212001	［フカピカ祭り］フ～！フカピカ～！！
70213001	［フカピカ祭り］フキフカ！
70214001	［フカピカ祭り-デイリー］ユウキ　ダス　ケロ！
70215001	［フカピカ祭り-デイリー］ウマイ　トカゲ　ケロ！
70216001	［フカピカ祭り-デイリー］タイコ　タタク　ケロ！
70217001	［フカピカ祭り-デイリー］カゾク　ヘイワ　ケロ！
70218001	［フカピカ祭り-デイリー］マツリ　ツヅク　ケロ！
70219001	【豊穣の祝祭】レイナーの祝酒
70220001	【豊穣の祝祭－デイリー】レイナーの祝酒
71101001	バタヒルの武器
80101001	暗黒次元の亜空間調査
90112001	クーマスキングダムにようこそ！
99999001	禁じられたクエスト
102201001	時空の亀裂除去作戦
102221001	不穏な暗黒の領域
102222001	不穏な暗黒の領域
102223001	不穏な暗黒の領域
102224001	不穏な暗黒の領域
102225001	不穏な暗黒の領域
102226001	不穏な暗黒の領域
102227001	不穏な暗黒の領域
102228001	不穏な暗黒の領域
102229001	不穏な暗黒の領域
102230001	不穏な暗黒の領域
102231001	不穏な暗黒の領域
102232001	不穏な暗黒の領域
102233001	不穏な暗黒の領域
102234001	不穏な暗黒の領域
102235001	不穏な暗黒の領域
102236001	不穏な暗黒の領域
102237001	不穏な暗黒の領域
102238001	不穏な暗黒の領域
102239001	不穏な暗黒の領域
102240001	不穏な暗黒の領域
102241001	不穏な暗黒の領域
102242001	不穏な暗黒の領域
102243001	不穏な暗黒の領域
102244001	不穏な暗黒の領域
102301001	Card sharper
102302001	Card gambler
102303001	Card magician
102304001	Card knave
102305001	Card rogue
102306001	Card schemer
200001001	【重要】 エクソドールへ。
200002001	【重要】 エクソドール探索
200003001	【重要】救出作戦
200020001	研究活動 I
200021001	研究活動 II
200022001	研究活動 III
200101001	【重要】意外な協力者
200102001	【重要】救助信号
200103001	【重要】リベランツのお願い
200120001	補給品確保
200121001	武器調達
200122001	復讐の始まり
200201001	【重要】ビリディアン湿地帯
200202001	【重要】大事なこと
200203001	【重要】エルリオン・クベル追跡
200220001	治療法研究のために
200221001	治療剤の材料
200222001	邪魔者退治
200301001	【重要】ベルアーク城砦へ
200302001	【重要】機関室へ
200303001	【重要】コア爆破
200304001	【重要】英雄への鎮魂歌
200305001	【重要】 エクソドール前進基地
200320001	裏切り者に制裁を I
200321001	裏切り者に制裁を II
200322001	内部工作 I
200323001	内部工作 II
200324001	内部工作 III
302301001	リベンズの呼び出し
302302001	隠された勢力
310101001	【ダンジョン】蝶蝶の誕生
310102001	【ダンジョン】パルクィーンの巣
700008001	ベルノの実験室
700009001	非道なベルノの実験室
700010001	デュリオンの潜伏地
700013001	課題ダンジョン-アカシャの潜伏地
700014001	課題ダンジョン-黄金の迷宮
700019001	リリスの城
700023001	ラケリスの廃墟
700024001	冥々たるラケリスの廃墟
700027001	ヴェリカ地下関門
700029001	ヴェリックの神殿
700030001	陥落したヴェリックの神殿
700035001	サイラクス研究基地
700038001	ハルキアの安息地
700040001	RK-9格納庫
700041001	Ultimate RK-9格納庫
700042001	革命団の隠し砦討伐
700044001	アンタレスの深淵
700045001	虚ろなアンタレスの深淵
700046001	テネブリス城砦
700048001	リアンの古城
700049001	誑惑されたリアンの古城
700050001	バハールの神殿
700051001	課題ダンジョン-リリスの城
700055001	パルクイーンの巣
700056001	極彩のパルクイーンの巣
700057001	ベルアーク城砦討伐
700108001	ベルノの実験室
700109001	非道なベルノの実験室
700110001	デュリオンの潜伏地襲撃
700113001	課題ダンジョン-アカシャの潜伏地
700114001	課題ダンジョン-黄金の迷宮
700119001	リリスの城
700123001	ラケリスの廃墟
700124001	冥々たるラケリスの廃墟
700127001	ヴェリカ地下関門
700129001	ヴェリックの神殿
700130001	陥落したヴェリックの神殿
700134001	呪われたバーンスタインの幽霊島
700135001	サイラクス研究基地
700138001	ハルキアの安息地
700140001	RK-9格納庫
700141001	Ultimate RK-9格納庫
700142001	革命団の隠し砦へ潜入
700144001	アンタレスの深淵
700145001	虚ろなアンタレスの深淵
700146001	テネブリス城砦
700148001	リアンの古城
700149001	誑惑されたリアンの古城
700150001	バハールの神殿
700151001	課題ダンジョン-リリスの城
700153001	虚ろなアンタレスの深淵（7人）
700155001	パルクイーンの巣
700156001	極彩のパルクイーンの巣
700157001	ベルアーク城砦討伐
800001001	秘密基地
800002001	ヴァンピールの屋敷
800003001	ジャバルマンドーム
800004001	邪教徒の隠れ家
800005001	死霊術研究所
800006001	黄金の迷宮
800007001	アカシャの潜伏地
800008001	サレロンの空中庭園
800009001	恐怖の迷宮
800010001	黒紋塔
800012001	バルロナの時空間
800014001	【イベント】暴悪のキルガルの洞窟
800015001	【イベント】4周年「めで鯛」イベント！
800016001	【イベント】4周年「めで鯛」イベント！
800017001	【イベント】4周年「めで鯛」イベント！
800018001	【イベント】4周年「めで鯛」イベント！
800030001	バシリスク討伐
800031001	ロドーク農場の治安維持
800033001	双牙傭兵団守護隊討伐命令
800034001	ダークリッパー討伐
800035001	アラクネア討伐
800036001	岩盤バシリスク討伐
800037001	迷宮の魔獣討伐
800038001	モスゴーレム討伐
800039001	古代帝国の戦士討伐
800040001	獰猛なクーマス討伐
800041001	聖域の守護者討伐
800042001	闇の化身討伐
800043001	子飼いのバシリスク討伐
800044001	アガンティ鱗戦士討伐
800045001	アガンティ狂血戦士討伐
800046001	守護悪魔討伐
800047001	大竜巻リザード討伐
800050001	クーマスパラダイス
800051001	クーマスパラダイス
800052001	クーマスパラダイス
800053001	クーマスパラダイス
800054001	クーマスパラダイス
800055001	クーマスパラダイス
800056001	クーマスパラダイス
800057001	クーマスパラダイス
800058001	クーマスパラダイス
800059001	闇のデヴァ討伐
800060001	供物追跡者討伐
800061001	ティルカイホーンベアー討伐
800062001	アルゴニッククリーチャー討伐
800063001	古影の平野の野獣討伐
800064001	ロック追従者討伐
800065001	洗脳された狂信徒討伐
800066001	闇の傭兵団討伐
800067001	カマラ討伐
800068001	プリオン戦士討伐
800069001	砂塵の荒地の野獣討伐
800070001	鹿角を収集せよ
800071001	ウェンディゴ族安息
800101001	伐採地の平和
800104001	赤牙の者
800105001	狂った野獣
800106001	ヴァンピールの丘討伐命令
800107001	坑道の偵察
800108001	絶望の島
800109001	貪欲の迷宮偵察
800110001	呪われた魂
800111001	岩塊族の脅威
800112001	狡猾な罠
800113001	邪教徒の神殿調査
800114001	トゥルサの配下討伐
800115001	汚染野獣の浄化
800116001	蒼枯の封地の安息
800117001	寒さに並ぶ脅威
800118001	闇の傭兵団討伐
800119001	悪霊親衛隊討伐
800120001	変異者討伐
800121001	蜘蛛の巣窟襲撃
800122001	渓谷の悪党
800123001	ダゴンの神殿調査
800124001	燃える怒り
800125001	恐怖の捕食者
800126001	影守の古樹群討伐命令
800127001	常闇の森浄化
800128001	敗残兵討伐
800129001	反逆者の岩窟調査
800130001	雪原の平和のため
800131001	峡谷鎮圧作戦
800132001	ティルカイの森浄化
800133001	渓谷討伐支援
800134001	実験体を破壊せよ
800135001	カラシュ討伐作戦
800136001	アルゴネアの平和
800137001	騒がしいダムファーカン
800138001	デヴァ山賊団
800139001	奪われた荷包み
800140001	腐土の精霊
800141001	アンデッドソルジャー
800142001	デヴァ本拠地
800143001	ロックを崇める者たち
800144001	彷徨うギリード
810001001	秘密基地
810002001	ヴァンピールの屋敷
810003001	ジャバルマンドーム
810004001	邪教徒の隠れ家
810005001	死霊術研究所
810006001	黄金の迷宮
810007001	アカシャの潜伏地
810008001	サレロンの空中庭園
810009001	恐怖の迷宮
810010001	黒紋塔
810012001	バルロナの時空間
810030001	バシリスク討伐
810031001	ロドーク農場の治安維持
810033001	双牙傭兵団守護隊討伐命令
810034001	ダークリッパー討伐
810035001	アラクネア討伐
810036001	岩盤バシリスク討伐
810037001	迷宮の魔獣討伐
810038001	モスゴーレム討伐
810039001	古代帝国の戦士討伐
810040001	獰猛なクーマス討伐
810041001	聖域の守護者討伐
810042001	闇の化身討伐
810043001	子飼いのバシリスク討伐
810044001	アガンティ鱗戦士討伐
810045001	アガンティ狂血戦士討伐
810046001	守護悪魔討伐
810047001	大竜巻リザード討伐
810050001	クーマスパラダイス
810051001	クーマスパラダイス
810052001	クーマスパラダイス
810053001	クーマスパラダイス
810054001	クーマスパラダイス
810055001	クーマスパラダイス
810056001	クーマスパラダイス
810057001	クーマスパラダイス
810058001	クーマスパラダイス
810059001	闇のデヴァ討伐
810060001	供物追跡者討伐
810061001	ティルカイホーンベアー討伐
810062001	アルゴニッククリーチャー討伐
810063001	古影の平野の野獣討伐
810064001	ロック追従者討伐
810065001	洗脳された狂信徒討伐
810066001	闇の傭兵団討伐
810067001	カマラ討伐
810068001	プリオン戦士討伐
810069001	砂塵の荒地の野獣討伐
810070001	鹿角を収集せよ
810071001	ウェンディゴ族安息
810101001	伐採地の平和
810104001	赤牙の者
810105001	狂った野獣
810106001	ヴァンピールの丘討伐命令
810107001	坑道の偵察
810108001	絶望の島
810109001	貪欲の迷宮偵察
810110001	呪われた魂
810111001	岩塊族の脅威
810112001	狡猾な罠
810113001	邪教徒の神殿調査
810114001	トゥルサの配下討伐
810115001	汚染野獣の浄化
810116001	蒼枯の封地の安息
810117001	寒さに並ぶ脅威
810118001	闇の傭兵団討伐
810119001	悪霊親衛隊討伐
810120001	変異者討伐
810121001	蜘蛛の巣窟襲撃
810122001	渓谷の悪党
810123001	ダゴンの神殿調査
810124001	燃える怒り
810125001	恐怖の捕食者
810126001	影守の古樹群討伐命令
810127001	常闇の森浄化
810128001	敗残兵討伐
810129001	反逆者の岩窟調査
810130001	雪原の平和のため
810131001	峡谷鎮圧作戦
810132001	ティルカイの森浄化
810133001	渓谷討伐支援
810134001	実験体を破壊せよ
810135001	カラシュ討伐作戦
810136001	アルゴネアの平和
810137001	騒がしいダムファーカン
810138001	デヴァ山賊団
810139001	奪われた荷包み
810140001	腐土の精霊
810141001	アンデッドソルジャー
810142001	デヴァ本拠地
810143001	ロックを崇める者たち
810144001	彷徨うギリード
970010001	［個人装備］白浜の占領戦で勝利
970011001	クーマスパラダイス
970012001	寒さに負けない雪合戦！
970110001	［個人装備］白浜の占領戦で勝利
970111001	クーマスパラダイス
970112001	寒さに負けない雪合戦！
980051001	鋼の砲声
980052001	鋼の砲声
980053001	鋼の砲声
980054001	鋼の砲声
980055001	鋼の砲声
980056001	鋼の砲声
980057001	鋼の砲声
980058001	鋼の砲声
980059001	鋼の砲声
981051001	鋼の砲声
981052001	鋼の砲声
981053001	鋼の砲声
981054001	鋼の砲声
981055001	鋼の砲声
981056001	鋼の砲声
981057001	鋼の砲声
981058001	鋼の砲声
981059001	鋼の砲声
983001001	天空の闘技場に挑戦し成功せよ
983002001	天空の闘技場に挑戦し成功せよ
983101001	ラクナン城の記憶
983102001	ラクナン城の記憶
983201001	ペトレ養成所
983202001	ペトレ養成所
983302001	守護者の任務を遂行せよI
983303001	守護者の任務を遂行せよII
983304001	守護者の任務を遂行せよ！III
983402001	飛行守護者の特別任務を遂行せよ！
983501001	1日10釣り
999601001	凶暴なバシリスク（下）討伐
999602001	凶暴なギガニア（下）討伐
999603001	凶暴なアラクネア（下）討伐
999604001	凶暴なブラッドゴーレム(中)討伐
999605001	凶暴なダークリッパー(中)討伐
999606001	凶暴な地獄の炎魔獣(中)討伐
999607001	凶暴な鱗戦士（上）討伐
999608001	凶暴な鋼鉄巨人（上）討伐
999609001	凶暴な闇の化身（上）討伐
999610001	命紡の峡谷の討伐
999611001	 エセニア丘陵地帯の討伐
999612001	 古代戦争の遺跡討伐
999701001	凶暴なバシリスク（下）討伐
999702001	凶暴なギガニア（下）討伐
999703001	凶暴なアラクネア（下）討伐
999704001	凶暴なブラッドゴーレム(中)討伐
999705001	凶暴なダークリッパー(中)討伐
999706001	凶暴な地獄の炎魔獣(中)討伐
999707001	凶暴な鱗戦士（上）討伐
999708001	凶暴な鋼鉄巨人（上）討伐
999709001	凶暴な闇の化身（上）討伐
999710001	命紡の峡谷の討伐
999711001	エセニア丘陵地帯の討伐
999712001	古代戦争の遺跡討伐
999805001	シャンドラ・マナイア
999809001	緊急指令：忘れられたダンジョン探検隊
999811001	補修用木材の回収
999812001	猿の討伐
999813001	カマイ居住地
999814001	狩人は蜘蛛好き
999815001	裏切り者のために…
999816001	エルカイアの心臓
999818001	裏切り者の捜索隊に罰を
999819001	卵泥棒？卵泥棒！
999820001	森に帰れ
999821001	残酷な巨大生命体
999822001	訓練を妨害せよ
999823001	裏切り者を掃討せよ
999824001	石灰の秘密
999825001	湯治の名所
999826001	闇の眷属
999827001	研究は骨一つ残さずに
999828001	補給物資の回収
999829001	虫には殺虫剤
999830001	裏切り者の駐屯軍討伐
999831001	頭！足！手！
999832001	遺跡守護者に安息を
999833001	透明草
999834001	罪深き精霊たち
999835001	鎮魂歌
999836001	魔物を取り込みし魔物
999837001	裏切り者の証が山をなす
999838001	虐殺者の血は海となりて
999840001	欲張りの結末
999841001	デヴァと踊ろう
999842001	部品が足りない
999843001	肉は正義
999844001	肉を欲する
999845001	血で染まった武勲の証
999846001	デモクロン防御ライン突破
999847001	アークデヴァ精鋭帝国軍を刺殺せよ
999848001	裏切り者の偵察隊を討伐せよ
999849001	二級戦闘生命体を討伐せよ
999850001	突破せよ！デモクロン防衛線
999851001	砲火の中を突破せよ
999853001	名誉ある戦い
999854001	戦いの極み（個人申請）
999855001	出来ることなら手懐けたい
999856001	不老長寿の霊薬…かな？
999857001	デモクロン防衛線
999861001	 デモクロン実験室
999865001	良薬は口に甘し
999875001	カマイ掃討作戦
999876001	バラカニア丘陵駐屯軍
999877001	アークデヴァ上級帝国軍
999878001	デモクロン撲滅
999879001	エルカイアの心臓
999880001	石灰の秘密
999881001	透明草
999882001	鎮魂歌
999883001	部品が足りない
999884001	やっぱり夏はかき氷！
999885001	浜辺で砂のお城をつくろう！
999886001	浜辺で砂のお城をつくろう！
999888001	3つ子ニンジンが足りない
999889001	 古代の地下水路
999892001	勝者は誰だ！
999897001	デモクロン実験体討伐
999898001	地下の激戦を制す
999899001	クーマスパラダイス
999903001	メルディタ討伐命令！
999904001	遺物守護者討伐命令！
999905001	シャンドラ・マナイア
999909001	緊急指令：忘れられたダンジョン探検隊
999911001	補修用木材の回収
999912001	猿の討伐
999913001	カマイ居住地
999914001	狩人は蜘蛛好き
999915001	裏切り者のために…
999916001	エルカイアの心臓
999918001	裏切り者の捜索隊に罰を
999919001	卵泥棒？卵泥棒！
999920001	森に帰れ
999921001	残酷な巨大生命体
999922001	訓練を妨害せよ
999923001	裏切り者を掃討せよ
999924001	石灰の秘密
999925001	湯治の名所
999926001	闇の眷属
999927001	研究は骨一つ残さずに
999928001	補給物資の回収
999929001	虫には殺虫剤
999930001	裏切り者の駐屯軍討伐
999931001	頭！足！手！
999932001	遺跡守護者に安息を
999933001	透明草
999934001	罪深き精霊たち
999935001	鎮魂歌
999936001	魔物を取り込みし魔物
999937001	裏切り者の証が山をなす
999938001	虐殺者の血は海となりて
999940001	欲張りの結末
999941001	デヴァと踊ろう
999942001	部品が足りない
999943001	肉は正義
999944001	肉を欲する
999945001	血で染まった武勲の証
999946001	デモクロン防御ライン突破
999947001	アークデヴァ精鋭帝国軍を刺殺せよ
999948001	裏切り者の偵察隊を討伐せよ
999949001	二級戦闘生命体を討伐せよ
999950001	突破せよ！デモクロン防衛線
999951001	砲火の中を突破せよ
999953001	名誉ある戦い
999954001	戦いの極み（個人申請）
999955001	出来ることなら手懐けたい
999956001	不老長寿の霊薬…かな？
999957001	デモクロン防衛線
999961001	 デモクロン実験室
999965001	良薬は口に甘し
999975001	カマイ掃討作戦
999976001	バラカニア丘陵駐屯軍
999977001	アークデヴァ上級帝国軍
999978001	デモクロン撲滅
999979001	エルカイアの心臓
999980001	石灰の秘密
999981001	透明草
999982001	鎮魂歌
999983001	部品が足りない
999984001	やっぱり夏はかき氷！
999985001	浜辺で砂のお城をつくろう！
999986001	浜辺で砂のお城をつくろう！
999988001	3つ子ニンジンが足りない
999989001	 古代の地下水路
999990001	雪合戦を楽しもう！
999997001	デモクロン実験体討伐
999998001	地下の激戦を制す
999999001	クーマスパラダイス
