201001	映照在砍伐區的影子
202001	妖精們的苦衷
203001	帝國的殘骸
212001	[活動] 魔工師的其他試驗 [紅利]
213001	[活動] 請於砲火戰場中獲勝吧
214001	[活動] 於名譽戰場中獲勝吧
221001	妨礙伐木的東西
222001	緊急調配
223001	救濟難民吧
224001	鮮肉的保存方法
225001	砍伐區的問題
226001	幫助森林守護者
227001	馴服之事
228001	收集翅膀粉末
229001	粗暴的野獸
230001	需要幫忙的地方
231001	你所擅長的事
232001	耳邊惱人的聲音
233001	瘋狂半人獸
234001	橋上的技術者
235001	美味的雲芝
236001	土木技師的零件
237001	消滅小精靈們
238001	擊退大型劍齒虎
239001	妖精的村莊
240001	賜予慈悲的死亡
241001	森林的獵人
242001	姊姊的擔憂
243001	獵人的煩惱
244001	森林的使者
270001	(公會)處決劍齒虎
271001	(公會)討伐半人獸
272001	Rise of the Dead
273001	Secrets of Zuras
301001	遺忘森林的德法
302001	討伐德法首腦部
303001	被孤立的村莊
304001	尋找隊長
305001	往德法們的總部
306001	邪惡的儀式
322001	被偷走的行李
323001	重新找回貴重品
324001	增援補給品
325001	緊急的拜訪
327001	尋找來福
328001	獨特的飼料
329001	朝向山賊團出發
330001	土壤研究
331001	重要的實驗結果
333001	制止黑暗的咒術
334001	研究德法咒術
335001	特別的休假
336001	蜥蜴王研究家？
337001	籠罩黑暗的武器
338001	有時他們也像我們一樣
339001	毫無對策的朋友
340001	傳達報告書
341001	巢穴裡面的卵
342001	眼睛裡的燈火
343001	可怕的怪物！
344001	朝向遺忘的激戰地
370001	(公會)德法山賊討伐命令
371001	(公會)不死怪討伐命令
372001	(公會)德法敗殘兵討伐命令
373001	(公會)收集吉利嘟的根莖
374001	(公會)遺忘森林的破壞者討伐命令
381001	遺忘森林的破壞者討伐命令
401001	拯救核心作戰
403001	爆炎魔石
421001	曾經寧靜的火花山脈
422001	熄滅火花
423001	粉碎岩石
424001	泥土和樹木
425001	攤開狼皮
426001	重生的百人隊長
427001	只剩下骨頭的將校
428001	神聖的安慰火花
429001	前往惡魔鎮壓基地
430001	熄滅地獄火花
431001	擊退侵略者
432001	回到暗黑
433001	黑暗的觸角
434001	收集建築材料
435001	意外的線索
436001	支援卡斯塔尼卡
437001	前往修利安對抗基地
438001	捉黑蛇
439001	地獄怪獸
440001	黑暗的使者
441001	召喚師的鏡子
443001	火焰花礦石
444001	爆炎魔石
469018	決定與西歐納一同前往地下道。
470001	(公會)找回原來的位置
471001	(公會)討伐暴走精靈
472001	(公會)為了掃蕩惡魔殘黨
473001	(公會)最優秀的消防員
474001	(公會)討伐深淵怪獸
475001	(公會)暴風喀納希討伐命令
480001	討伐深淵的侵入者
481001	達坤的大咒術師討伐命令
521001	逃亡者的委託
522001	請幫助扈卡
523001	測量作業支援1
524001	測量作業支援2
525001	扈卡，扈卡，扈卡卡？
526001	沒有人會知道的
527001	危險的人
528001	解毒劑的材料
529001	請幫忙找回行李
530001	突襲的傢伙們
531001	族長的飾品
533001	拯救亞坤
534001	被驅逐的咒術師
535001	{@RawItem:206818}
536001	奪取命令
537001	痛打一頓的傢伙們
538001	保護區的未來
539001	槌子扈卡大族長
540001	絕不能被發現
541001	木頭扈卡們的隊長
542001	好戰者木頭扈卡
543001	最後的扈卡族長
570001	(公會)討伐開拓營地附近
571001	(公會)討伐巴巴扈卡
572001	(公會)討伐暗影豹獅
573001	(公會)討伐木頭扈卡
601001	緊急支援
602001	德法的幕後
603001	洛克的追蹤者們
604001	武器的來源
605001	尋找秘密基地
606001	適當的獎勵
621001	傳達給波爾森吧
622001	為了堅固的防備
623001	餵食才能存活
624001	對羊群忍讓！
625001	賭上性命的口信
626001	固執的老頭
627001	柵欄補強作業
628001	需要食物
629001	留在哨所的士兵
630001	擊退護衛兵
631001	確保軍糧
632001	熱血的同伴之誼
633001	不成熟的民兵隊
635001	確保民兵隊的安全
636001	膽怯的復仇
637001	支援兵
638001	反擊的時間
639001	捷報
640001	兵營討伐作戰
641001	兵營的審判官們
642001	攻打敵人的頭
643001	整頓聚集地
644001	丘陵上的豬
645001	廢墟的反叛者
670001	(公會)庫札特討伐作戰
671001	(公會)狂暴熊討伐命令
672001	(公會)狡猾的阿拉其亞討伐命令
681001	狡猾的阿拉其亞討伐命令
705001	在暗影丘陵
706001	邪教徒的陰謀
707001	葛林的報告書
721001	支援學識丘陵
724001	支援羅德克農場
730001	獠牙掠奪者！
731001	獠牙掠奪者！
732001	狂暴凱利恩
733001	獵殺食屍狗
734001	前往遺跡地的路
735001	正義的作業妨礙
736001	挖掘作業守護者們
737001	消滅守護隊
738001	戰神凱亞的幻影
739038	透過屋頂潛入。
770001	(公會)赤牙奧坎討伐命令
771001	(公會)討伐奧坎隊長
772001	(公會)消滅庫魔斯作戰
773001	(公會)討伐洛克追蹤者守備隊
774001	(公會)獠牙傭兵團守護隊討伐命令
775001	(公會)貪心鬼庫德拉卡討伐命令
781001	貪心鬼庫德拉卡討伐命令
781021	決定親自解決拉坎的手下。
801001	核心的下落
804001	佛雷伊亞的命運
805001	手足情深的兄妹
806001	漫長的離別
821001	前往食人巢窟的路
822001	煉金術師的請求
823001	窟拉的寵物
824001	虐殺的先驅
825001	奴隸商的下場
826001	處決虐殺的幫助者
827001	確認偵查兵的生存
828001	想要吃掉的禽獸
829001	做料理的禽獸
830001	為了吃軟飯而存活的存在
831001	料理材料供給商
832001	食人的主祭者
833001	尋找派遣隊滲透將校
834001	變得越來越殘忍吧
835001	為安息而努力
836001	處決屍體送貨員
837001	不絕於耳的悲鳴源頭
838001	釋放犧牲者
839001	去上面稟報吧
840001	死去的人們
841001	可怕的味道
870001	(公會)食人沼澤討伐命令
871001	(公會)食人族巢窟地下1樓討伐命令
872001	(公會)食人族巢窟地下2樓討伐命令
880001	食人族巢窟地下3樓討伐命令
901001	巴其溫背叛者
902001	抹除影子
903001	不可原諒的罪過
904001	背叛者的結局
921001	和器卡斯一起沉睡
922001	擊退撒野的野獸
923001	在貝利卡未送達的東西
924001	危險至極的巢穴
925001	為了生存，竟然做到這樣…
926001	在黑暗裡凝視的眼睛
927001	黑暗裡的眼睛
928001	去料理做料理的人
929001	模糊的光
930001	不可以玩危險的物品喔
931001	廚餘
932001	守護者的驕傲
933001	前待廢墟
934001	未完成的神秘力量
935001	無論如何都留下的證據
936001	他們原本在這裡
937001	隱藏之處的惡夢
938001	永遠的安息
970001	(公會)野獸討伐命令
971001	(公會)欺瞞和慾望的討伐命令
972001	(公會)混沌和破壞的討伐命令
973001	(公會)酷勒巴特討伐命令
981001	酷勒巴特討伐命令
1021001	擁有鱗片之者的島
1022001	粉碎堅亮的外殼
1023001	獵殺豹獅
1024001	終究還是賺錢
1025001	有兩隻手
1026001	女神的美食
1027001	回收武器箱子
1028001	前往沙洲營地
1029001	保護身體的鱗片
1030001	前腳和金錢的關係
1031001	堅硬外殼的必要性
1032001	野山豬也有鬃毛嗎
1033001	守護的鱗片怪物
1034001	前往海岸營地
1035001	像緊咬的牙齒一樣
1036001	蛇的舌頭
1037001	吉利嘟的根莖
1038001	獵捕敏捷傢伙們的方法
1039001	阿堪特喜愛的食物
1040001	血之戰士們
1041001	復活氣息
1042001	大戰士的鱗片
1043001	鐵壁的鱗片怪獸
1044001	僕人的意義
1045001	五色石的用途
1046001	蛇樹精靈
1047001	歌頌死去的無名勇士
1070001	(公會)殺母蛇海岸的野獸們
1071001	(公會)屠宰就從外皮開始
1072001	(公會)討伐野獸之島
1073001	(公會)討伐鱗片戰士
1074001	(公會)討伐利齒戰士
1075001	(公會)討伐阿堪特兵力
1076001	(公會)阿堪特的沒落
1077001	(公會)猛毒守護者討伐命令
1080001	海岸營地的大麻煩
1081001	猛毒守護者討伐命令
1121001	沉重的約定
1122001	海岸的海賊團
1123001	重要的材料
1124001	海賊團的命令書
1125001	拉裴特的特效藥
1126001	前往秘密船渠
1127001	海賊團藏起來的寶物
1128001	回收炸藥
1129001	虎視眈眈的眼神
1130001	地下儲藏所
1131001	老手們擁有的情報
1132001	處決狂戰士吧
1133001	海賊巢窟的造船工
1134001	殘酷水手長
1135001	回收被掠奪的物品
1136001	來自地面上的報告
1137001	找出魔石的行蹤
1138001	出名的傢伙們
1139001	偵查兵們的視線
1140001	朝向主事者
1141001	同伴們的仇恨
1142001	掌握海賊團的目的
1143001	充滿危險的宿營地
1144001	海賊團團長黑暗刀刃泰托
1145001	消滅護衛隊
1170001	(公會)荒涼海岸討伐命令
1171001	(公會)赤紅迷霧海賊團戰鬥兵討伐命令
1221001	隱密的指令
1222001	希巴的試驗：回收遺失物品
1224001	希巴的指令：麻煩的海賊
1225001	額外試驗
1226001	母親的眼淚
1228001	支援討伐隊
1229001	無法相信的人
1230001	交易錯誤的代價
1231001	私下交易
1233001	清掃寂靜海岸
1235001	絕望之島秘密任務
1236001	受傷的士兵
1237001	消滅奴隸商人
1238001	偵察奴隸市場
1239001	被搶奪的武器
1240001	碼頭攻略
1241001	擊退海賊團的主力
1242001	哥哥就麻煩你了！
1243001	妨礙奴隸交易
1270001	(公會)荒涼沙灘討伐命令
1271001	(公會)絕望之島北部討伐命令
1272001	(公會)碼頭討伐命令
1273001	(公會)大船長杜普拉斯討伐命令
1282001	大船長杜普拉斯討伐命令
1301001	在黎明庭園
1302001	遠征隊的狀況
1303001	尖樹貝卡斯
1304001	前往基地
1305001	黑暗的線索
1306001	黑暗的痕跡
1307001	庭園的入侵者
1308001	汙染的真相
1309001	黑爪阿卡樂
1310001	黑暗的線索
1311001	掃蕩命令
1312001	蜂擁而來的惡魔們
1313001	找尋先遣隊
1315001	惡魔的證明
1316001	黑暗翅膀 
1317001	歸回
1318001	獵殺野獸
1319001	庭院的居住者們
1321001	前往警戒哨所
1322001	確保補給路
1323001	行走的樹木
1324001	弱化的吉利嘟
1325001	美味的零食
1326001	牽引精靈們的東西
1327001	緊急請求
1328001	研究員的憂鬱
1329001	守備隊的任務
1330001	粗暴的樹精靈
1331001	補給基地的人們3
1332001	拉普嵐的請求
1333001	現象分析
1334001	遺物探索 <無限>
1335001	消失的操縱師
1336001	回收補給品
1337001	直到最後一個
1338001	奇奧內的消息
1339001	惡魔的奴隸們
1340001	集結的惡魔們
1341001	亡者的遺產 <無限>
1343001	朦朧的影子
1344001	黑暗的破壞者
1345001	尋找傑納
1346001	傑納輕率的挑戰
1347001	吃石頭的怪物
1348001	凶暴的傢伙們
1349001	討伐奧坎
1350001	可疑的惡魔
1351001	補給基地的人們
1352001	補給基地的人們
1371001	新的戰鬥術
1372001	新的戰鬥術
1373001	新的戰鬥術
1374001	新的戰鬥術
1375001	新的戰鬥術
1376001	新的魔法
1377001	新的魔法
1378001	新的魔法
1379001	新的戰鬥術
1382001	補給基地的人們2
1383001	補給基地的人們2
1384001	補給基地的人們 1
1385001	休息 － 符咒使用說明
1386001	爆裂彈爆炸！
1389001	潘朵拉盒子使用說明
1390001	檢查魔法陣
1504001	討伐凡貝爾宅邸
1505001	可疑的呼叫
1506001	紅色詛咒的村莊
1507001	找出傳染病的原因
1508001	狂氣魔石
1509001	疫病的背後
1510001	尋找過去的人
1511001	宅邸的看守人
1521001	北邊的威脅
1522001	把惡魔弄到地獄
1523001	奇怪的植物
1524001	前往狂氣丘陵鎮壓營地
1525001	消滅變異者們
1526001	丘陵上的野獸
1527001	繃帶不足
1528001	武裝解除
1529001	轉交武器
1530001	從南邊來的消息
1531001	被踐踏的自尊心
1532001	崩解的自尊心
1533001	去妨礙耕作
1534001	回收受汙染的農作物
1535001	汙染的來源調查
1536001	去除狂氣之芽
1537001	通知波波利溫吧
1540001	First chapter of tale
1541001	Second chapter of tale
1542001	Third chapter of tale
1543001	Culmination of the tale
1544001	The story of the battle
1545001	Invasion of pumpkins
1570001	(公會)嗜血妖獸討伐命令
1571001	(公會)狂人討伐命令
1572001	(公會)血腥獵獸討伐命令
1581001	血腥獵獸討伐命令
1621001	德斯朗的行蹤
1622001	確保證明
1623001	消滅首長
1624001	大蒜草
1625001	受雇者們
1626001	尋找德斯朗的兒子
1627001	可怕的獠牙
1628001	沾滿血的心臟
1629001	保護生存者
1630001	前往研究營地
1631001	為了生存
1632001	凡貝爾和血的魔法
1633001	變化的真實
1634001	可笑的影子
1635001	在哪裡呢？我的愛
1636001	等我，我的愛。
1637001	再會，我的愛。
1638001	奇怪的祝福儀式
1639001	突破宅邸庭園
1640001	狩獵無趣的蟲子
1641001	沒有被邀請的人
1642001	小矮人的短劍
1670001	(公會)凡貝爾討伐命令
1721001	奇怪的宗教集團
1722001	消失的補給品
1723001	不足的資源
1724001	我還是沒辦法親手…。
1725001	幫忙守護農耕地
1726001	參加戰鬥
1727001	打出一條生路
1728001	在哪裡曾經看過很多次…。
1729001	回收農作物
1730001	處置農場的工人
1731001	消滅農場的警戒兵
1732001	消滅農場狂戰士
1733001	找出證明
1734001	緊急傳達
1735001	為兄報仇
1736001	回收被掠奪的物品
1737001	消滅指揮官
1770001	(公會)天地開闢教討伐命令
1771001	(公會)狩獵野山豬
1811901	Diver
1821001	岩石部族追過來了。
1822001	跟隨古老帝國的痕跡
1823001	他們的故鄉
1824001	庫塔勒索！
1825001	富商是誰都能當的嗎？
1826001	將話轉達給她
1827001	崇拜的人
1828001	現實的問題
1829001	古文明是什麼
1830001	他們也在這裡
1831001	討伐已經開始了。
1832001	又一個考古學者
1833001	尋找蹤跡
1834001	庫札特的巨神
1835001	安炫特倫的預言
1836001	不可避免的犧牲
1837001	把刀插在那些傢伙的心臟上
1838001	沙漠的清潔工們
1840001	[副本] 泰內布利斯城堡
1870001	(公會)討伐岩石部族庫札特
1871001	(公會)討伐古代帝國惡靈
1921001	發生叛亂的原野
1922001	有問題的零件
1923001	狩獵草原食屍狗
1924001	破壞泥人怪的核
1925001	處理稻草人
1926001	收集柴火
1927001	正式的鎮壓作戰
1928001	就算錯誤無法挽回
1929001	奇怪的景象
1930001	恐怖的自由兄弟團
1931001	敵人的武器
1932001	處置革命家克魯迪斯
1933001	克魯迪斯留下的東西
1934001	血債血償
1970001	(公會)為了運送而努力
1971001	(公會)農場泥人怪破壞命令
2001001	女神的啟示
2002001	可疑的地窟、被綁架的人們
2003001	新的陰謀
2021001	就算只是哥哥的消息
2022001	採集洞穴香菇
2023001	妨礙作業進行吧
2024001	散發青綠光芒的礦石
2025001	前往前進基地
2026001	就算是他們的遺物
2027001	找到被綁架的人們
2028001	老舊的武器
2029001	雪白的頭蓋骨
2030001	拯救作戰
2031001	崩壞的地窟
2032001	打通補給路吧
2033001	兩種任務
2034001	收集毒液
2035001	隱密的任務
2036001	散發青光的礦石
2037001	讓研究中斷
2070001	(公會)奴隸監視者討伐命令
2071001	(公會)骷髏將校討伐命令
2072001	(公會)復活的螫足蜘蛛討伐命令
2122001	掌握庫札特的動向
2123001	幫忙遺跡地調查團
2124001	沙刀部族的皮考斯
2125001	沙漠的禽獸們
2126001	仙人掌的清水
2127001	神聖的雕刻
2128001	研究員的人身確認
2129001	開拓探查路
2130001	預言者的法杖
2131001	遺跡破片的圖畫
2132001	遺跡的骨堆
2133001	往遺跡地裡面
2134001	找不到的寶物
2136001	怪物的香精
2137001	治療用藥材
2139001	圖拉的香精石
2140001	傳達入場邀請
2141001	蜥蜴王的威脅
2142001	討伐葛洛菱
2143001	比什麼都堅硬的材料
2144001	無聲的吶喊
2145001	岩石蜥蜴王之卵
2170001	(公會)沙刀部族討伐命令
2171001	(公會)蜥蜴王討伐命令
2172001	(公會)寂靜殺戮者討伐命令
2181001	寂靜殺戮者討伐命令
2221001	支援魔女之城
2222001	不能原諒不認真的態度
2223001	擊退搗蛋鬼
2224001	陷入混亂的魔女們
2225001	節慶重要嗎？
2226001	混亂的紀錄
2227001	搜索地下室
2228001	往3樓宿舍
2229001	實習室的教官
2230001	走廊的舍監老師
2231001	檢查宿舍
2232001	來路不明的小丑
2233001	擊退指導老師
2234001	實驗室的助教們
2235001	接待室的助教們
2236001	不吉利的遭遇
2237001	檢查地下道
2238001	地下室的小丑把戲
2240001	聚集在祭壇上的飛蛾
2250001	裡面有犯人
2251001	犯人還在裡面
2270001	(公會)逃亡的學生們
2271001	(公會)整理宿舍
2272001	(公會)背叛者們
2305001	尾巴戰爭
2306001	紙上談兵
2307001	前往無藥可救之城
2308001	迷惘的優等生
2321001	支援聯盟軍營地
2322001	月亮樹妖盾牌
2323001	藥草人的委託
2324001	遺失的酒瓶
2325001	月光臼齒
2326001	前往巴其溫聯盟軍營地
2327001	危險的野獸們
2328001	燃燒森林的人
2329001	戴面具的魔女們
2330001	隱藏的小丑們
2331001	前往地精防禦營地
2332001	從地獄來的怪物
2333001	處置叛徒
2334001	像噩夢般的故事
2335001	幽禁地的邪教徒
2336001	傀儡和小丑
2337001	處置背後的勢力
2370001	(公會)狩獵白色大角鹿
2371001	(公會)討伐燃燒的怪獸
2372001	(公會)湖水的主人杜勒奴斯討伐命令
2381001	杜勒奴斯討伐命令
2421001	煩人的問題
2422001	口渴的人們
2423001	盜賊團的背後
2424001	巨大敵人
2425001	抓住尾巴
2426001	驅逐庫札特
2427001	巨人的遺物
2428001	只有一個人的支援
2429001	豬頭項鍊
2430001	巨大寶物
2431001	偵查兵支援
2432001	斷絕聯繫
2433001	全面掃盪！
2434001	隱藏的恐怖
2435001	沙暴的根源
2436001	南方的惡魔們
2437001	北方的惡魔們
2438001	海岸之花
2439001	守護遺跡的人
2440001	廢墟的惡魔
2441001	看守根源的人
2470001	(公會)討伐汙染的野獸
2471001	(公會)討伐沙塵暴蜥蜴
2472001	(公會)討伐狂暴的庫魔斯
2473001	(公會)設置陷阱的蜘蛛谷多納斯討伐命令
2481001	設置陷阱的蜘蛛谷多納斯討伐命令
2501001	必須遺忘的力量
2502001	前往邪教徒的根據地
2503001	洛克教徒的殲滅
2505001	榮耀的回歸
2521001	擊退飢餓的食屍狗
2522001	很苦的果實
2523001	支配的鎖鍊
2524001	為了單純比較的狩獵
2525001	去擊退不死怪飼育野獸！
2526001	怎樣都殺不死的
2527001	攻擊是最好的防禦。
2528001	前往神殿
2529001	情報隨時都要更新！
2530001	先下手為強
2531001	處置邪教的怪獸
2532001	突破羅奇安警戒
2533001	邪惡的經典
2534001	狂信徒和盜墓者
2535001	水道的祕密通道
2536001	往更深處
2537001	陷入黑暗裡吧
2539001	狩獵德法貴族
2540001	狩獵狂信祭司
2541001	上位者守護的法律
2548001	被迷惑的傢伙們
2570001	(公會)處置邪教徒前衛隊
2571001	(公會)淨化神殿廢墟
2572001	(公會)討伐邪教徒
2573001	(公會)處置邪教徒祭司團
2670001	(公會)討伐重生者們
2671001	(公會)刀刃利爪安德拉斯討伐命令
2681001	安德拉斯討伐命令
2701001	前往魔法都市
2702001	新的敵人
2770001	(公會)突沙軍團討伐作戰
2801001	太古神的碎片
2803001	夏坎和洛克
2870001	(公會)汙染的禽獸和精靈們討伐作戰
2871001	(公會)消除屍臭作戰
2872001	(公會)魔神的獅子阿克拉斯討伐命令
2881001	魔神的獅子阿克拉斯討伐命令
2950001	蓋堤的發明物品 
2970001	(公會)惡魔騎士討伐命令
2971001	(公會)被驅逐的阿拉克內之奴討伐命令
2981001	被驅逐的阿拉克內之奴討伐命令
3006001	前往太陽庭園
3007001	等待的人們
3008001	賽蓮之湖
3009001	前往隱藏的神殿
3010001	太陽之鏡
3021001	修理研究器材
3022001	適當的讀書
3023001	保護瀕臨絕種的動物
3024001	打敗膽小鬼史洛斯
3025001	消滅粗暴的史洛斯
3026001	需要藥！
3027001	花的祈禱
3028001	前往遺跡內
3029001	找尋遺忘之塔
3030001	白色寧靜大樹之蜜
3031001	了不起的毛
3032001	蓬鬆的毛巾
3033001	我的腳麻了
3034001	收集石板
3035001	前往懸崖下方
3036001	瘋狂的機器
3037001	保護遺跡
3038001	調查遺跡
3039001	營地補修
3040001	售價高昂的皮革
3041001	中間管理職的悲哀
3042001	收集利爪
3043001	幻想粉末
3044001	阿勒凱伊的羽毛
3045001	阿勒凱伊巢穴
3046001	最近外面的情報
3047001	石燈整頓
3048001	歐夏勒的秘密
3049001	很會做生意
3050001	過去的紀錄
3051001	秘笈的記錄
3052001	消滅悠哉的培靈格
3071001	(公會)狩獵史洛斯
3072001	(公會)狩獵培靈格
3073001	(公會)狩獵阿勒凱伊
3081001	獵殺史洛斯 
3082001	培靈格獵殺
3083001	消滅阿勒凱伊
3091001	獵殺史洛斯 
3092001	獵殺培靈格
3093001	消滅阿勒凱伊
3101001	爾雷曼西亞的危機
3102001	卡伊盾的下落
3103001	卡伊盾的靈魂
3121001	居民們的想法
3122001	遲來的對策
3123001	海邊人群的安全
3124001	蓋房子用的木材
3125001	解決返回的軍隊
3126001	神秘的名酒
3127001	被孤立的木工
3128001	來自阿卡倫的食物箱
3129001	危險的共處
3130001	獵風
3131001	船員們的金幣
3132001	探險家的妄想
3133001	斬斷暴風的刀刃
3134001	被搶走的印章
3135001	永遠的燈塔守衛
3136001	尖銳的聲音
3137001	狩獵寂靜的死亡
3138001	掩蓋火之死亡
3139001	停不下來的腹痛
3140001	狩獵黑暗火神
3141001	刺向暴風之眼
3170001	(公會)寒冰墓地討伐命令
3171001	(公會)帕提亞號的亡靈討伐命令
3172001	(公會)黑暗討伐命令
3173001	(公會)卡瑪魯塔索討伐命令
3174001	(公會)凶暴的凱斯托爾討伐命令
3180001	暴風海賊團幹部討伐命令
3181001	北風君主卡瑪魯塔索討伐命令
3182001	凶暴的凱斯托爾討伐命令
3202001	女神的真相
3221001	沒有就做出來
3222001	復仇的左手
3223001	你的就是我的，我的還是我的。
3225001	精銳的破滅
3226001	消滅親衛隊
3227001	愛情和首級都獻給你
3228001	如果真心的愛
3229001	狩獵黑暗之劍
3230001	特別的弓
3231001	請將指揮官巴爾拉克解決掉。
3233001	超越愚鈍的同伴
3234001	將階級章賦予給你
3235001	魔女的墮落
3236001	鬥士的變節
3237001	血之魔女，倒下吧。
3238001	奇怪的紅色祭壇
3239001	封鎖魔力源泉
3270001	(公會)卡伊盾軍親衛部隊討伐命令
3271001	(公會)卡伊盾軍親衛隊討伐命令
3272001	(公會)傭兵團討伐命令
3273001	(公會)暴君之心討伐命令
3291001	卡伊盾軍親衛部隊討伐命令
3292001	卡伊盾軍親衛隊討伐命令
3293001	傭兵團討伐命令
3294001	壓制原野討伐命令
3295001	暴君之心討伐命令
3298001	阿卡倫村莊的危機 1
3299001	阿卡倫村莊的危機 2
3321001	你將會獲得自由
3322001	榮耀和惡夢
3323001	復仇的嘲笑
3324001	受詛咒的笑容
3325001	黑暗中的野餐
3326001	影子所呼喚的聲音
3327001	總有一天會永遠的安息…
3328001	那眾多士兵的蹤跡
3329001	鮮紅的血海
3330001	守護邪惡的人
3331001	必須消失的騎士
3332001	如血般的紅色復仇
3333001	解放，永遠的解放。
3334001	他的戒指
3335001	隨時做好萬全準備
3336001	破壞深淵監獄
3337001	被折磨的人
3338001	無可奈何的事
3339001	充滿哀嚎的地下
3370001	(公會)惡靈貴族討伐命令
3371001	(公會)惡靈親衛隊討伐命令
3372001	(公會)無可奈何的討伐
3380001	拷問官討伐命令
3421001	冰冷的爪子
3422001	不夠的黑色鑽石
3423001	刀的完成
3424001	再長也是20年
3425001	不能拱手相讓！
3426001	前往她身邊
3427001	無知是罪
3428001	被攻擊的監視所
3429001	攻擊的指示者
3430001	兵營壓制
3431001	收集赤紅魔石
3432001	冰凍的善意
3433001	必須守護之地
3434001	意外的衝突
3435001	往狩獵者營地
3436001	成為戰士之路
3437001	巨人們掠奪的東西
3438001	過去就是過去
3439001	狩獵寒冰凍原暴食者
3440001	在哪兒阿，兒子啊！
3441001	獵人們的和平
3442001	寒冰凍原貪食者
3443001	製作完美的陷阱
3444001	寒冰凍原的魔石
3470001	(公會)偉大的泰梨安討伐命令
3471001	(公會)憤怒的卡魯古斯討伐命令
3472001	(公會)虐殺的煞布拉尼惡討伐命令
3481001	偉大的泰梨安討伐命令
3482001	憤怒的卡魯古斯討伐命令
3483001	虐殺的煞布拉尼惡討伐命令
3521001	戰敗的戰場
3522001	奪取魔力礦石
3523001	奪回魔力礦山
3524001	商人的俠義之心
3525001	定居的火神
3526001	確保補給路
3527001	不停歇的憤怒
3528001	找回武器
3529001	巢穴的怪物們
3530001	野獸的馴獸師
3531001	溪谷的突沙軍
3532001	邁向勝利
3533001	資金支援
3534001	煩人的妨礙者
3535001	照顧傷兵
3536001	守護營地
3570001	(公會)暴君護吉拉特討伐命令
3571001	(公會)討伐礦山的怪物
3572001	(公會)討伐忘卻的武爾坎努斯
3573001	(公會)討伐峽谷的突沙軍
3581001	暴君護吉拉特討伐命令
3582001	討伐礦山的怪物
3583001	討伐忘卻的武爾坎努斯
3584001	討伐峽谷的突沙軍
3621001	前往驅逐者溪谷
3622001	馬車的下落
3623001	回收被搶走的糧食
3624001	襲擊馬車的人
3625001	敗殘兵的可疑行動
3626001	討人厭的盜賊
3627001	突破包圍網！
3628001	巨大的搗蛋鬼
3629001	無概念魔導士
3630001	溪谷的貴族
3631001	渴望著希望來臨，但同時也感到很恐懼。
3632001	血染之地
3634001	殘忍的玩笑
3635001	沒辦法組隊！
3636001	雙斧部隊
3637001	奈落之手
3638001	奇利恩之石
3639001	小丑的部下
3641001	珍貴的花
3670001	(公會)死亡之手末卡督斯討伐命令
3671001	(公會)討伐敗殘兵
3672001	(公會)討伐黑岩窟達蘭圖斯
3673001	(公會)討伐被召喚的岩石溪谷冒險者
3681001	死亡之手末卡督斯討伐命令
3682001	討伐敗殘兵
3683001	討伐黑岩窟達蘭圖斯
3684001	討伐被召喚的岩石溪谷冒險者
3702001	希望的碎片
3704001	被幽禁的巨神
3705001	巨神的考驗
3721001	前往背叛岩窟的士兵
3722001	士兵的煩惱
3723001	被誘惑的人
3724001	發瘋的追蹤者
3725001	從痛苦中綻放的香菇
3726001	奇利恩的妨害
3727001	品質好的材料
3728001	威脅營地的奇利恩部下
3729001	斷了聯繫的聯絡兵
3730001	奇怪阿勒坤的動物
3731001	青光戰士
3732001	阻止阿勒坤的計畫
3733001	窘迫的辯解
3734001	岩窟的阿勒坤卡拉索克
3735001	守護我的味道
3736001	普利恩的遺物
3737001	牽制岩窟的阿勒坤
3770001	(公會)討伐普利恩
3771001	(公會)討伐奇利恩勢力
3772001	(公會)討伐阿勒坤
3780001	討伐普利恩
3781001	討伐奇利恩勢力
3782001	討伐阿勒坤
3821001	遺跡挖掘支援
3826001	小偷貓咪
3827001	受咒的吉利嘟
3828001	火中之眼
3829001	火之原野的普利恩
3830001	起貪念的人
3831001	不來的研究家
3832001	巨人都市的看門人
3835001	巨人遺留之物
3836001	傑勒米勒的復仇
3837001	被孤立的發掘員
3839001	在廢墟裡沉睡的巨人
3840001	沒有工具
3870001	(公會)巢穴絕對者潰斯格連討伐命令
3871001	(公會)討伐廢墟入口
3872001	(公會)討伐燃燒的廢墟掠奪者
3874001	(公會)討伐沛得淋峽谷
3881001	巢穴絕對者潰斯格連討伐命令
3882001	討伐廢墟入口
3883001	討伐燃燒的廢墟掠奪者
3885001	討伐沛得淋峽谷
3901001	卸下面具
3921001	蜘蛛的動靜
3922001	實力的確認與驗證
3923001	前往蜘蛛巢窟作戰哨所
3924001	需要更多的螫足蜘蛛殼
3925001	消滅奴隸管理員
3926001	尋找犧牲者的遺骨
3927001	消滅巨大洞窟蜘蛛
3928001	找出蜘蛛學者
3929001	無法原諒的存在
3930001	援助之手
3931001	處決瑪利古斯族群
3932001	蜘蛛族的傀儡
3933001	巨大毒牙
3934001	屍體做成的路
3935001	付出殺戮的代價
3936001	使喚蜘蛛族的人們
3937001	處決卡力古教團
3938001	實驗的殘渣
3939001	前往黑幕中心
3940001	紅爪破壞者的處決
3941001	乾枯的屍體
3942001	蜘蛛卵囊
3970001	(公會)討伐洞窟蜘蛛
3971001	(公會)討伐達蘭圖斯
3972001	(公會)圖拉古拉斯討伐命令
3980001	討伐紅爪破壞者
3981001	圖拉古拉斯討伐命令
4001001	司令官的憤怒
4021001	前往汙染原野
4022001	汙染的樹精靈們
4023001	前往需要幫忙的地方
4024001	變狂暴的禽獸
4025001	令人窒息的禽獸
4026001	消滅人口販子
4027001	盜賊團的詭計
4028001	轉達證明
4029001	前往隔離村莊
4030001	突變的工人和士兵們
4031001	突變的守備隊將校
4032001	失去理性的警備隊
4033001	潛入的代價奈勒彭
4034001	卡力古教團的戰鬥兵
4035001	完美偽裝
4036001	眼尖者
4037001	請再稍等一下
4038001	卡力古教團的精銳兵力
4039001	變種礦山的礦工們
4040001	採集絕望草
4042001	盲目的信徒們
4043001	不休息的礦工們
4044001	小野豬的心臟
4045001	汙染的水桶
4046001	水芹
4070001	(公會)討伐武裝警備隊
4080001	討伐卡力古神聖教團
4102001	太早睜開眼睛的人們
4121001	頭痛的商人
4122001	危險的野獸們
4123001	和平的禮物
4124001	掠奪的代價
4125001	任重道遠的任務
4126001	克巴卡的委託
4127001	為了哄生氣的商人
4128001	解毒所需的材料
4129001	黑刺部族鬥士們
4130001	誘餌作戰
4131001	操縱的惡勢力們
4132001	必須除掉怪物。
4133001	前往協助之地
4134001	黑刺部族的精銳兵力
4135001	巨人的王冠
4136001	站在他們那一邊的怪物
4137001	肉乾袋子
4138001	赤紅風車花
4151001	[副本] 深淵之底
4170001	(公會)討伐黑刺部族的戰鬥兵
4171001	(公會)討伐蜥蜴王
4172001	(公會)討伐黑刺部族鬥士
4180001	付伐畸甲尼亞
4202001	達坤的寶物
4221001	最後的補給
4222001	與圖拉共舞
4223001	開拓返回通路
4224001	解決疑問之路
4225001	以毒攻毒
4226001	重生者之歌
4227001	所有人的存活之路
4228001	下落不明的弟弟
4229001	黑暗中的黑色羽毛
4230001	接受指令的阿堪特戰士
4231001	變弱的防禦魔法
4232001	尋找窟拉的操縱方法
4233001	調查黑色羽毛
4234001	弄斷獠牙
4235001	重生的恐怖之擊退
4236001	阿堪特和奴隸商人們
4237001	達坤使徒們
4238001	衣服被毛毛雨淋濕的原因
4239001	穿越護衛
4240001	嚴懲玫庫納利吧
4241001	達坤的復活可能嗎？
4242001	第1使徒的結局
4243001	阿堪特之卵
4244001	達坤的鱗魄石
4270001	(公會)討伐達坤神殿1樓殘黨
4271001	(公會)討伐達坤神殿2樓南邊迴廊
4272001	(公會)討伐神殿2樓北邊迴廊
4273001	(公會)神殿的巨大敵人
4280001	討伐神殿3樓殘黨
4503001	阿勒坤研究的開始
4521001	除了打掃還是打掃
4522001	變強的方法嗎
4523001	微笑面具
4524001	阿勒坤構造物的價值
4525001	癩蛤蟆的巨大香菇
4526001	奇怪的保護膜
4527001	丘陵上的弓箭手們
4528001	偵查丘陵東部
4529001	有生命的管線
4530001	阿勒坤研究者
4532001	獵捕黑扈卡
4533001	協助研究阿勒坤構造物
4534001	這是阿勒坤土木工程的痕跡嗎？
4535001	山裡的要塞
4536001	扈卡和癞蛤蟆
4537001	阿勒坤植物研究
4538001	失蹤事件的幕後
4571001	(公會)橋頭堡討伐命令
4572001	(公會)武魂濕地討伐命令
4573001	(公會)偵查丘陵討伐命令
4574001	(公會)暴走陣地討伐命令
4575001	(公會)巨大怪鳥凱魯納提卡的討伐命令
4581001	橋頭堡討伐命令
4582001	武魂濕地討伐命令
4583001	偵查丘陵討伐命令
4584001	暴走陣地討伐命令
4585001	巨大怪鳥凱魯納提卡的討伐命令
4601001	三個塔
4602001	阿勒坤戰爭的犧牲者
4621001	疑問之塔
4622001	奇怪的泥人怪
4623001	奇怪的燒瓶
4624001	玻璃裝飾花盆
4625001	阿勒坤式飾品
4626001	收集好送過去
4627001	變質的生物
4628001	黑植物樹莖
4629001	往更深處
4630001	不死怪的精神
4631001	不可思議的進化
4632001	無盡的渴望
4633001	疑問的實驗裝置
4634001	奇怪的庫札特
4635001	守護花盆的人
4671001	(公會)拉格上層討伐命令
4672001	(公會)拉格下層討伐命令
4673001	(公會)拉格深層討伐命令
4681001	拉格上層討伐命令
4682001	拉格下層討伐命令
4683001	拉格深層討伐命令
4701001	{@Rgn:47001$$堤勒凱伊森林}的復原
4703001	遺棄的阿勒坤駐屯地
4721001	回歸的東西
4722001	增援補給品
4723001	亂七八糟的東西
4724001	不要來的東西
4725001	必須破壞才有活路
4726001	破壞中的幼苗
4729001	虛妄的意志
4731001	突如其來的襲擊
4732001	支援調查作業
4733001	變成廢墟的巡查者營地
4734001	臨時對策
4735001	撤退地的小精靈們
4771001	(公會)結霜森林討伐命令
4772001	(公會)變更森林討伐命令
4773001	(公會)前阿勒坤兵營討伐命令
4774001	(公會)咆哮森林討伐命令
4781001	結霜森林討伐命令
4782001	變更森林討伐命令
4783001	前阿勒坤兵營討伐命令
4784001	咆哮森林討伐命令
4791001	結霜森林討伐命令
4792001	變更森林討伐命令
4793001	前阿勒坤兵營討伐命令
4794001	咆哮森林討伐命令
4801001	前往戰爭的炮火下
4802001	戰爭之神凱亞
4803001	戰爭之歌
4804001	戰爭的傷痕
4821001	{@Creature:48#100}的脫逃
4823001	{@Rgn:48004}的拜訪
4824001	危機的鐵匠
4825001	沒有回來的夥伴
4826001	新武器開發實驗
4827001	小偷{@Creature:48#25}
4828001	回收鐵器碎片
4829001	亞曼同夥的角
4830001	歸回的鐵匠
4831001	{@Creature:78#1008}的筆記本碎片
4833001	{@RawItem:206816} 供給
4834001	取得{@RawItem:45257}
4835001	遺棄的木箱
4837001	前往敵陣的秘密通道
4838001	{@Creature:48#400}
4839001	{@Creature:48#14}
4840001	{@Rgn:48005}的{@Creature:48#2}
4841001	展現戰鬥的示範！
4842001	狩獵奇卡許守護者
4843001	連鋼鐵都吃的怪物
4844001	破壞的輸送線
4845001	消滅鋼鐵手控制者 
4846001	{@Rgn:48006}的阿勒坤們
4847001	掉落的書
4848001	破壞{@Creature:48#401} 
4849001	{@Rgn:48005}的阿勒坤
4871001	(公會)討伐{@Rgn:48001} 阿勒坤
4872001	(公會)討伐亞剋卡拉索
4873001	(公會)海勒夏德力特的討伐命令
4881001	討伐{@Rgn:48001} 阿勒坤
4882001	討伐亞剋卡拉索
4883001	海勒夏德力特的討伐命令
4891001	討伐{@Rgn:48001} 阿勒坤
4892001	討伐亞剋卡拉索
4901001	黑暗的來臨
4902001	阿勒坤能量儲藏庫
4921001	隱藏的村莊，{@Rgn:76001}
4922001	{@Rgn:76001}居民的好奇心
4923001	{@Rgn:76001}居民的好奇心
4924001	{@Rgn:76001}居民的好奇心
4925001	{@Rgn:76001}居民的好奇心
4929001	{@RawItem:45260}
4930001	翅膀石使用方法
4931001	魔石研究
4932001	黑暗花的秘密
4933001	狩獵{@Creature:49#2}
4934001	阿勒坤的戰力妨礙
4935001	熱衷鑽研學問的學者
4936001	{@Rgn:49005}的敵人，阿勒坤。
4937001	{@Rgn:49005}調查
4939001	{@Rgn:49005}的威脅
4940001	{@Creature:76#1011}的紙條1
4941001	{@Creature:76#2022}的紙條2
4942001	{@Creature:76#3033}的紙條3
4943001	{@Rgn:76001}入口的阿勒坤
4944001	{@Rgn:49004}攻擊！
4945001	狩獵{@Creature:49#1}
4946001	{@Creature:49#5}
4947001	狩獵{@Creature:49#20}
4948001	狩獵{@Creature:49#15}
4949001	潛入{@Rgn:49003}
4950001	{@Rgn:49003}的拉魔安
4951001	亞曼少年的成年禮
4952001	前往{@Rgn:49003}
4953001	{@Rgn:49002}的{@Creature:49#101}們
4971001	(公會)討伐{@Rgn:49001} 阿勒坤
4972001	(公會)討伐{@Rgn:49001}巨大阿勒坤
4973001	(公會)海勒夏培勒希的討伐命令
4981001	討伐{@Rgn:49001} 阿勒坤
4982001	{@Rgn:49001}討伐巨大阿勒坤
4983001	海勒夏培勒希的討伐命令
4991001	討伐{@Rgn:49001} 阿勒坤
4992001	{@Rgn:49001}討伐巨大阿勒坤
4993001	令人厭煩的阿勒坤 1
4994001	令人厭煩的阿勒坤 2
5001001	計劃的真相
5002001	戰爭的尾端
5021001	{@WorkObject:103}
5022001	{@Rgn:50005}
5023001	另一個{@Rgn:50005}
5024001	{@Creature:50#200}
5025001	狩獵赤紅賽卡
5026001	{@Creature:50#10}
5027001	{@Creature:50#10}的詳細調查
5028001	{@Creature:250#1018}的憂慮
5029001	{@Rgn:50006}的亞剋卡拉索
5031001	{@Creature:76#4044}的紙條4
5032001	{@Creature:76#5055}的紙條5
5033001	{@Rgn:50009}
5034001	沒有結束的成年式
5035001	尚未結束的成年式
5036001	終於結束的成年式
5037001	前往{@Rgn:50008}的路
5038001	{@Rgn:50008}淨化
5039001	迷路的{@Creature:50#1002}
5071001	(公會)討伐{@Rgn:50001} 阿勒坤
5072001	(公會)討伐{@Rgn:50001}巨大阿勒坤
5073001	(公會)亞剋卡拉索迪希克的討伐命令
5081001	討伐{@Rgn:50001} 阿勒坤
5082001	{@Rgn:50001}討伐巨大阿勒坤
5083001	亞剋卡拉索迪希克的討伐命令
5091001	討伐{@Rgn:50001} 阿勒坤
5092001	{@Rgn:50001}討伐巨大阿勒坤
5121001	被突沙統制的峽谷
5122001	被洗腦的食人精部族
5123001	食人精鬥士艾勒皮沙
5124001	消滅食人精咒術師
5125001	破壞狂暴化裝置
5126001	籠罩著狂氣的禽獸峽谷
5127001	回不去的人們
5128001	回不去的理由
5129001	雪原殺戮者
5131001	消除雪崩的原因
5132001	讓野獸發瘋的裝置
5133001	家人的懷抱
5134001	機密情報
5135001	寒冰巨人洞窟
5136001	雪原上的巨人們
5137001	惡神的手下
5138001	洞窟裡的勇士們
5139001	情況緊急，就算是蘑菇也好。
5140001	燃燒的酒
5170001	(公會)拉其奴亞討伐命令
5171001	(公會)討伐被洗腦的食人精
5172001	(公會)討伐染上狂氣的禽獸
5173001	(公會)討伐狂暴寒冰巨人
5181001	拉其奴亞討伐命令
5182001	討伐被洗腦的食人精
5183001	討伐染上狂氣的禽獸
5184001	討伐狂暴寒冰巨人
5201001	前往高爐中心
5202001	恐怖的迷宮
5203001	為奇蹟所需的材料
5204001	突沙的結局
5205001	破滅的魔獸，凱爾賽克
5221001	請支援被孤立的兵力。
5222001	光束虐殺者巴拉斯
5223001	毀滅突沙軍團斥侯隊
5224001	獵殺突沙軍團的守備隊
5225001	為了對抗酷寒的天氣
5226001	傳達給希望村莊
5227001	獵殺突沙軍團的突擊隊
5228001	召喚酷寒的精靈
5229001	惡靈的悲鳴
5230001	猛毒治療劑
5231001	前往黑暗橋梁營地
5232001	請殲滅突沙軍團的騎兵隊。
5233001	敵軍的補給品
5234001	前往高爐
5235001	惡夢的祭司泰魯莎
5236001	復活的咒術道具
5237001	召喚暴風的精靈
5238001	污衊聖域的禽獸們
5239001	阻止更多的復活
5240001	高爐爭奪戰
5241001	中央控制室爭奪戰
5242001	侵犯聖域的異鄉人
5243001	從地獄回來的屠殺者
5244001	請求支援
5245001	前往聖域
5250001	分解魔石！
5251001	伙伴的角
5270001	(公會)討伐突沙軍團先鋒隊
5271001	(公會)討伐突沙軍團騎兵隊和補給部隊
5272001	(公會)討伐漆黑軍團
5273001	(公會)雪原的魔獸史內格鬥司討伐命令
5280001	討伐突沙軍團先鋒隊
5281001	討伐突沙軍團騎兵隊和補給部隊
5282001	討伐漆黑軍團
5283001	雪原的魔獸史內格鬥司討伐命令
5421001	面臨危機的妖精森林
5422001	調查墮落原因
5423001	飢餓的禽獸們
5424001	對於未來的希望
5425001	威脅生命的禽獸
5426001	治療生病的妖精
5427001	調查阿勒坤的行跡
5428001	阿勒坤所留下的東西
5429001	墮落的女神親衛隊
5430001	尋找可疑的裝置
5431001	獵殺阿勒坤
5432001	墮落的森林生命體
5433001	追逐勇敢的戰士
5434001	風狂女神守護者
5435001	峽谷的禽獸
5436001	女神所留下的未知力量
5437001	聚集大神官們的力量
5438001	守護永恆之花
5439001	墮落的庭園管理員
5440001	飛入庭園的怪物
5441001	復原保護石
5442001	把庭園弄得髒亂的害蟲
5470001	(公會)面臨危機的妖精安息地
5471001	(公會)討伐黃昏森林的禽獸
5472001	(公會)討伐鋼鱗亞爾庫斯
5473001	(公會)汙染守護者討伐命令
5480001	面臨危機的妖精安息地
5481001	討伐黃昏森林的禽獸
5482001	討伐鋼鱗亞爾庫斯
5483001	汙染守護者討伐命令
5495001	救救妖精森林 1
5496001	救救妖精森林 2
5501001	凱亞多勒的異變
5502001	暗影森林的精靈
5521001	前往暗影森林的路
5522001	激發力量的方法
5524001	迷失方向的邪念
5525001	迪普的部下們
5526001	支援血魔法團
5527001	滅威風
5528001	庭園的粗暴者們
5529001	奧坎前來的路上
5530001	前往薄暮營地
5531001	巨大的黑暗之花
5532001	暗影森林侵略者
5533001	暗影森林的特產
5534001	墮落之龍的子孫
5535001	逐漸溶化的黑色羽毛
5536001	先發攻擊
5537001	巢穴裡的居民
5538001	墮落的根源
5570001	(公會)薄暮谷討伐命令
5571001	(公會)寂寞山谷討伐命令
5572001	(公會)暗影森林西部討伐命令
5573001	(公會)黑暗之花討伐命令
5574001	(公會)排斥巢穴討伐命令
5575001	(公會)墮落的潘圖勒斯討伐命令
5576001	(公會)墮落巢穴討伐命令
5580001	薄暮谷討伐命令
5581001	寂寞山谷討伐命令
5582001	暗影森林西部討伐命令
5583001	黑暗之花討伐命令
5584001	排斥巢穴討伐命令
5585001	墮落的潘圖勒斯討伐命令
5586001	墮落巢穴討伐命令
5601001	破壞血之柱
5602001	阻止凱爾賽克復活
5621001	派遣到黑暗森林
5622001	為了復仇
5623001	騷亂的核心
5624001	黑暗的預兆
5625001	引導德法的人
5626001	岔路的德法
5627001	前往黑色泉水
5628001	保衛黑色泉水營地
5629001	消失的探險家
5630001	奔馳的惡夢
5631001	到此為止
5632001	守護祭壇的人
5633001	怨恨的犧牲者們
5634001	不尋常的遭遇
5635001	奪取玫庫納利魔法石
5636001	黑暗流動的方向
5637001	翻盤
5640001	[副本] 里安的地下殿堂
5670001	(公會)犧牲者的岔路討伐命令
5671001	(公會)祭物森林討伐命令
5672001	(公會)漆黑祭壇討伐命令
5673001	(公會)寇特羅克討伐命令
5680001	犧牲者的岔路討伐命令
5681001	祭物森林討伐命令
5682001	漆黑祭壇討伐命令
5683001	寇特羅克討伐命令
5721001	前往阿梅納夸特拉的旅程
5722001	影子中的騎士
5723001	丘陵的野獸
5724001	大王蘑菇的真面目
5725001	粗糙羽毛的哨兵
5726001	傭兵團的威脅
5727001	討伐黑暗傭兵團
5728001	追逐狂信徒
5729001	神的親衛兵
5730001	席崁達里守護兵
5731001	席崁特的追蹤者們
5732001	前往席崁達里孵化場
5733001	孵化場的阿勒坤守護兵
5734001	佔領孵化場的怪物
5735001	席崁特的小孩們
5736001	阿梅納夸特拉守護者
5770001	(公會)煉獄怪獸卡恰斯坦討伐命令
5771001	(公會)蘑菇尾巴森林蜥蜴討伐命令
5772001	(公會)阿梅納夸特拉附近討伐命令
5773001	(公會)希砍特神殿討伐命令
5774001	(公會)暗黑守護怪獸討伐命令
5781001	煉獄怪獸卡恰斯坦討伐命令
5782001	蘑菇尾巴森林蜥蜴討伐命令
5783001	阿梅納夸特拉附近討伐命令
5784001	希砍特神殿討伐命令
5785001	暗黑守護怪獸討伐命令
6000001	[重要] 飽受痛苦的居民們
6001001	[重要] 秘密武器
6002001	[重要] 嘗試擊落
6050001	The Missing Ingredient
6099001	如果想要更強的力量
6140001	[副本] 巴哈勒神殿
6301001	在女神所在的都市
6302001	魔法技術修練所
6304001	名譽的決鬥
6305001	巴其溫聯盟司令部
6306001	戰鬥技術修練所
6307001	名譽的決鬥
6321001	對民支援
6322001	扈卡們的傳統帽子
6323001	為了冒險家的帽子
6324001	若缺乏自信
6325001	適合優雅的人配戴
6326001	若追求個性就選擇這頂帽子
6327001	想要成為船長嗎？
6328001	若要準備慶祝活動
6329001	展現出最可愛的一面吧
6330001	若想要體驗生命的高貴感
6331001	如果想要體驗時尚感的話
6332001	古董的價值
6333001	推薦給紳士淑女們
6334001	黑豹的食物
6335001	馴獸師的必需品
6336001	夢寐以求的東西
6337001	危急時所需的材料
6338001	馬鞍所需的材料
6339001	現在你就是這頭猛獸的主人！
6340001	知道了。
6341001	[活動] 砲火戰場勝利
6342001	[活動] 討伐秘密基地
6343001	[活動] 討伐凡貝爾宅邸
6344001	[活動] 討伐邪教徒隱身處
6345001	[活動] 討伐邪靈術研究所
6346001	[活動] 討伐黃金迷宮 
6347001	[活動] 討伐黑暗塔
6348001	[活動] 討伐恐怖迷宮
6349001	[活動] 討伐煞雷諾空中庭園
6350001	[活動] 討伐札巴勒曼巢窟
6351001	[活動] 討伐珊德拉馬奈伊亞
6352001	[活動] 討伐戴蒙克隆實驗室
6353001	[活動] 討伐阿克德法武器庫
6354001	Easter commotion
6356001	戰鬥介紹
6357001	比風還快
6358001	為了更強的力量
6359001	新的支援
6361001	新的支援
6364001	[副本] 疑問的地震
6367001	中階補給品購買權限
6368001	高階補給品購買權限
6369001	蒼空的守護者
6370001	圖鑑編纂
6371001	寶刀未老 1
6372001	寶刀未老 2
6378001	幫忙救出聖誕！
6381001	聯盟的支援
6383001	冒險家的請求
6384001	強化第一步 part1
6385001	強化第二步 part2
6395001	並不是每天都有~
7205001	希望的線索
7282001	給你黃金票券
7290001	<不可進行>強大的證明
7291001	(無法進行)[戰場]在鬥志戰場中獲勝
7292001	(無法進行)[戰場]在鬥志戰場中獲勝
7293001	(無法進行)[戰場]在鬥志戰場中獲勝
7294001	(無法進行)[戰場]在鬥志戰場中獲勝
7295001	(無法進行)[戰場]在名譽戰場中獲勝
7296001	(無法進行)[戰場]在名譽戰場中獲勝
7297001	(無法進行)[戰場]在名譽戰場中獲勝
7298001	(無法進行)[戰場]在名譽戰場中獲勝
7299001	影子商團的誘惑
8421001	要看貝利卡也要先填飽肚子再說
8422001	獲得卡藍斯胡椒的方法
8491001	(無法進行)[戰場]在名譽戰場中獲勝
8492001	(無法進行)[戰場]在名譽戰場中獲勝
8493001	(無法進行)[戰場]在鬥志戰場中獲勝
8494001	(無法進行)[戰場]在鬥志戰場中獲勝
8496001	[戰場] 前往名譽戰場！
8701001	突如其來的投入
8702001	護衛隊承認
8703001	任務的開始
8704001	補給隊救出以及提示
8705001	揭開的真相
8706001	反擊的種子
8707001	斷罪
8708001	哀悼和新的開始
8709001	巴其溫聯盟的一員
9999001	絕對不能接取的任務
10001001	學習金屬物資製作法1
10002001	確保金屬物資1
10003001	學習金屬物資製作法2
10004001	確保金屬物資2
10005001	學習金屬物資製作法3
10006001	確保金屬物資3
10007001	學習金屬物資製作法4
10008001	確保金屬物資4
10009001	學習金屬物資製作法5
10010001	確保金屬物資5
10011001	學習魔法武器物資製作法1
10012001	確保魔法武器物資1
10013001	學習魔法武器物資製作法2
10014001	確保魔法武器物資2
10015001	學習魔法武器物資製作法3
10016001	確保魔法武器物資3
10017001	學習魔法武器物資製作法4
10018001	確保魔法武器物資4
10019001	學習魔法武器物資製作法5
10020001	確保魔法武器物資5
10021001	學習重甲物資製作法1
10022001	確保重甲物資1
10023001	學習重甲物資製作法2
10024001	確保重甲物資2
10025001	學習重甲物資製作法3
10026001	確保重甲物資3
10027001	學習重甲物資製作法4
10028001	確保重甲物資4
10029001	學習重甲物資製作法5
10030001	確保重甲物資5
10031001	學習輕甲物資製作法1
10032001	確保輕甲物資1
10033001	學習輕甲物資製作法2
10034001	確保輕甲物資2
10035001	學習輕甲物資製作法3
10036001	確保輕甲物資3
10037001	學習輕甲物資製作法4
10038001	確保輕甲物資4
10039001	學習輕甲物資製作法5
10040001	確保輕甲物資5
10041001	學習布甲物資製作法1
10042001	確保布甲物資1
10043001	學習布甲物資製作法2
10044001	確保布甲物資2
10045001	學習布甲物資製作法3
10046001	確保布甲物資3
10047001	學習布甲物資製作法4
10048001	確保布甲物資4
10049001	學習布甲物資製作法5
10050001	確保布甲物資5
10051001	學習消耗品製作法1
10052001	確保消耗品1
10053001	學習消耗品製作法2
10054001	確保消耗品2
10055001	學習消耗品製作法3
10056001	確保消耗品3
10057001	學習消耗品製作法4
10058001	確保消耗品4
10059001	學習消耗品製作法5
10060001	確保消耗品5
10061001	成為魔法刻印製作者之路  2
10062001	成為魔法刻印製作者之路  3
10063001	成為魔法刻印製作者之路  4
10064001	成為魔法刻印製作者之路  1
10101001	學習金屬物資製作法6
10102001	確保金屬物資6
10103001	學習金屬物資製作法7
10104001	確保金屬物資7
10105001	學習金屬物資製作法8
10106001	確保金屬物資8
10107001	學習金屬物資製作法9
10108001	確保金屬物資9
10109001	學習魔法武器物資製作法6
10110001	確保魔法武器物資6
10111001	學習魔法武器物資製作法7
10112001	確保魔法武器物資7
10113001	學習魔法武器物資製作法8
10114001	確保魔法武器物資8
10115001	學習魔法武器物資製作法9
10116001	確保魔法武器物資9
10117001	學習重甲物資製作法6
10118001	確保重甲物資6
10119001	學習重甲物資製作法7
10120001	確保重甲物資7
10121001	學習重甲物資製作法8
10122001	確保重甲物資8
10123001	學習重甲物資製作法9
10124001	確保重甲物資9
10125001	學習輕甲物資製作法6
10126001	確保輕甲物資6
10127001	學習輕甲物資製作法7
10128001	確保輕甲物資7
10129001	學習輕甲物資製作法8
10130001	確保輕甲物資8
10131001	學習輕甲物資製作法9
10132001	確保輕甲物資9
10133001	學習布甲物資製作法6
10134001	確保布甲物資6
10135001	學習布甲物資製作法7
10136001	確保布甲物資7
10137001	學習布甲物資製作法8
10138001	確保布甲物資8
10139001	學習布甲物資製作法9
10140001	確保布甲物資9
10141001	學習消耗品製作法6
10142001	確保消耗品6
10143001	學習消耗品製作法7
10144001	確保消耗品7
17201001	往天際漂流的碼頭
17202001	擦身而過的緣份
17203001	漫長旅行的前夕…
17204001	吉伯特的使命
17205001	航向新大陸
17206001	冷靜與熱情之間
17207001	沒有邀請的客人
17208001	孤立的遠征隊
17209001	不期而遇
17210001	懷疑以及誤會
17211001	卡邁依族群落地
17212001	亞農族的悲劇
17213001	復活吧！艾爾凱亞號！
17214001	從後面追趕吧！
17216001	新的威脅
17217001	穩固的支援
17221001	[副本] 賽伊洛斯研究基地
17222001	[副本] RK-9 機庫
18101001	巴拉卡們告知惡耗的方式
18102001	疑問的漩渦
18103001	求道者之路
18104001	入侵者們
18105001	投射的不安
18106001	研究考古學
18107001	為被殺害者舉行的儀式
18108001	強力的殺氣
18109001	隱秘而偉大
18110001	逃脫危機
18111001	等一下，該準備的準備好。
18112001	不容易的條件
18113001	事前準備
18114001	襲擊臨時兵營
18115001	1g的震動
18116001	前往黑色障壁的根源
18117001	實驗室的悲劇
18118001	再次嶄露頭角的戰雲
18201001	阿克德法秘密基地
18202001	秘密地圖
18203001	伊露卡調查團
18204001	一舉一動
18205001	阿克德法的暗紅墜飾
18206001	天才大多是怪人
18207001	萬能黏著劑
18208001	叫你做的任務你不做
18209001	前進一步
18210001	知識故鄉
18211001	奧林的考驗
18212001	繼續向前
18213001	利庫姆的技術書
18214001	尋找青蛙
18299001	Hone your Talents
18301001	次元之門的另一邊
18302001	尋找新的憤怒力量！
18303001	尋找新的憤怒力量！第二次！
18304001	尋找新的憤怒力量！第三次！
18305001	尋找新的憤怒力量！最後一次！
18306001	傳說的鐵匠家族
18311001	這世界的鐵匠
18324001	戰士們的挑戰
18325001	[活動] 討伐幻影之塔最高層 
18326001	[活動] 討伐受詛咒的伯恩斯坦惡靈島
18327001	[活動] 討伐伯恩斯坦惡靈島
18331001	[活動] 討伐阿卡莎隱身處(單人副本)
18332001	[活動] 討伐黃金迷宮(單人副本) 
18333001	[活動] 討伐兇暴基露卡爾的洞穴(單人副本) 
18335001	[活動] 討伐邪惡的奧露卡神殿 
18336001	[活動] 討伐法羅納的時空間
18337001	[活動] 討伐聖誕節的惡魔
18352001	[月光武士] 歐梅羅絲的請託
18353001	充滿灰塵的書
18355001	阿克德法討伐隊
18357001	戰士們的挑戰
18358001	沒有結果的執行
18360001	怪鳥的急襲
18366001	[活動] 防禦負責人資格試驗 [紅利]
18372001	[活動] 阿勒堡雷亞守護任務 1
18373001	[活動] 阿勒堡雷亞守護任務 2
18374001	[活動] 阿勒堡雷亞守護任務 3
18375001	[活動] 阿勒堡雷亞守護任務 4
18376001	[活動] 阿勒堡雷亞守護任務 5
18377001	[戰場] 證明強悍的路
18378001	[戰場] 前往地下激戰場
18380001	[活動] 覺醒之力的終結 II
18381001	Catalyst of Ice
18382001	Catalyst of Fire
18383001	[活動] 裝備等級 418 任務
18384001	[活動] 裝備等級 422 任務
18385001	[活動] 裝備等級 428 任務
18386001	[活動] 裝備等級 431 任務
18387001	[活動] 裝備等級 432 任務
18388001	[活動] 裝備等級 433 任務
18389001	[活動] 裝備等級 435 任務
18390001	[活動] 裝備等級 436 任務
18391001	[活動] 裝備等級 437 任務
18392001	[活動] 裝備等級 438 任務
18393001	[活動] 裝備等級 439 任務
19101001	前往帝國的土地
19102001	往旁邊突擊！
19103001	弱者的眼淚
19104001	人外有人
19105001	黑魔法的痕跡
19106001	封鎖時空龜裂
19107001	沒血沒淚
19108001	固若金湯的要塞
19109001	不祥的線索
19110001	無法挽回的一步
19111001	糾纏不休的追擊
19112001	最後的決戰
21301001	不吉利的消息
21302001	尤利雅的疑心
21303001	那天的記憶
21304001	太古神之樹
21305001	嫌疑犯 X
21306001	意外的相逢
21307001	苦澀的真相
21311001	變成廢墟的庭園
21312001	有希望的發現
41101001	鐵匠的大弟子
41102001	破碎的古代武器
41103001	第二個秘傳文件
41104001	巴特希魯的大弟子
41105001	巴特希魯的紙條
41106001	龜裂之痕
41107001	命運的鐵匠
41501001	黎明庭園探索隊
41502001	黎明庭園探索隊
41503001	黎明庭園探索隊
41504001	黎明庭園探索隊
41505001	黎明庭園探索隊
41506001	黎明庭園探索隊
41507001	黎明庭園探索隊
41508001	黎明庭園探索隊
41510001	進擊
41511001	進擊
41512001	進擊
41513001	進擊
41514001	進擊
41515001	進擊
41516001	進擊
41517001	進擊
42421001	密特拉商團的秘密
42491001	{@Rgn:9024001} 討伐命令
42521001	庭園支配者
42522001	庭園守護者
42523001	池塘守護者
42524001	遺物之房
42571001	(公會){@Rgn:9025001} 討伐命令
42581001	{@Rgn:9025001} 討伐命令
47121001	消失的靈魂
47122001	只是空殼的肉身
47123001	深根的怨恨
47124001	被壓抑的怨恨
47125001	寄給妻子的信件
47126001	寄給母親的信
47127001	有恩不報，有仇必報。
47170001	(公會)惡夢的討伐命令
47171001	(公會)死亡咆嘯冰山喇嘛討伐命令
47221001	窟拉盜掠者克拉克
47222001	克奧尼卡所喜歡的東西
47223001	墮落者眼珠
47224001	血光水晶的真偽
47226001	老舊的寶箱
47270001	(公會)討伐黃金迷宮窟拉
47271001	(公會)討伐黃金迷宮西奴斯
47272001	(公會)暴君巴拉寇斯討伐命令
47280001	墮落的標誌
47281001	暴君巴拉寇斯討伐命令
47321001	不滅的存在們
47322001	為了永生的服從
47323001	暗黑塔的警衛隊
47324001	突沙的助手們
47325001	暗黑塔的警備隊長
47326001	變異的突沙右臂
47327001	英雄的安息
47371001	(公會)討伐不滅軍團
47380001	討伐不滅軍團
47621001	奇利恩手下
47622001	馴服的禽獸們
47623001	奇利恩的 樂師
47624001	奇利恩小丑
47625001	沉澱的心
47626001	迷宮的阿勒坤
47627001	苦痛女王獄官帕多利
47628001	莎馬蘭祭司長
47629001	復仇的惡魔
47670001	(公會)討伐迷宮內的小丑
47671001	(公會)討伐奇利恩樂師
47680001	討伐迷宮裡的小丑
47681001	討伐奇利恩樂師
48121001	像實戰一樣的修練
48701001	討伐秘密基地!
48721001	具有金錢價值的證明
48722001	消滅敗殘兵
48723001	被召喚的小惡魔
48724001	厭惡的禽獸
48725001	神秘皮革
48727001	奇異的設計圖
48728001	以密碼記錄的書
48770001	(公會)扼殺敗殘兵
48821001	處置叛徒
48822001	吐血吧
48823001	奇怪的人
48824001	傀儡們
48825001	墮落靈魂的救贖
48826001	魔女們的結局
48870001	(公會)公爵家的士兵討伐命令
48871001	(公會)凡貝爾貴族討伐命令
48872001	(公會)裴勒貝洛斯討伐命令
48921001	暗黑的存在們
48922001	武器的品質不同！！
48923001	深淵聖經
48924001	消滅食人鬼
48925001	驚奇的存在
48970001	(公會)暗黑的存在討伐命令
48971001	(公會)深淵的存在討伐命令
48972001	(公會)亞剋卡拉索討伐命令
49301001	阿卡莎的下落
49302001	阿卡莎的結局
49370001	(公會)疫病討伐命令
50501001	[覺醒]  貝利卡宴會
50502001	[覺醒]  意外的客人
50511001	[覺醒]  回復的時間
50512001	[覺醒]  災難的原因
50525001	[覺醒]  山脈之端
50526001	[覺醒]  世界之壁
50527001	[覺醒]  懷疑感
50528001	[覺醒]  混亂
50529001	[覺醒]  罪惡感
50530001	[覺醒]  完全的覺醒
50531001	[覺醒]  獨自
50532001	[覺醒]  沒有東西遺失嗎?
50533001	[重要] 獻給女神的禮物
50534001	[重要] 物品負責人的行蹤不明
50535001	[重要] 天空終結者
50536001	[重要] 歐利風的料理教室: 第1節
50537001	[重要] 歐利風的料理教室: 第2節
50538001	[重要] 歐利風的料理教室: 第3節
50539001	[重要] 負責設施的憂鬱
50540001	[重要] 偶爾需要休息
50541001	[重要] 傳說的煙火
50545001	[重要] 巴拉卡的好意
50546001	[重要] 中央警備隊的好意
50547001	[重要] 南門警備隊的好意
50548001	[重要] 守備隊長的呼叫
50601001	[重要] 貝里克之夢
50602001	[重要] 革命團的惡行
50603001	[重要] 墜落及落地之間
51010001	調查異常徵兆
51011001	妨礙革命團的計畫
51012001	確認真實
51020001	找女兒。
51021001	艾賽尼亞重建
51022001	蝴蝶效應
51030001	找到小狗
51031001	記憶的秘藥
51032001	幽靈和寶石
51040001	偷走的東西也放在雜物箱裡
51041001	安全第一! 守護交貨馬車!
51042001	神聖帝國遺物的價值
51050001	確認失蹤士兵的生死
51051001	為了負傷士兵的藥材補給
51052001	修理攻城兵器
55001001	為了小雞級弓箭手的課題
55002001	為了麻雀級弓箭手的課題
55003001	為了烏鴉級弓箭手的課題
55004001	為了貓頭鷹級弓箭手的課題
55005001	為了老鷹級弓箭手的課題
55007001	為了精銳劍鬥士的第一個挑戰課題
55008001	為了精銳劍鬥士的第二個挑戰課題
55011001	為了精銳劍鬥士的第五個挑戰課題
55016001	[活動] 魔拳師的最後一次試驗
55017001	[活動] 請於砲火戰場中獲勝吧
55018001	[活動] 於名譽戰場中獲勝吧
55019001	[活動]  阿勒堡雷亞守護任務 1
55020001	[活動]  阿勒堡雷亞守護任務 2
55025001	投入阿勒堡雷亞前線 I
55026001	投入阿勒堡雷亞前線 II
55027001	投入阿勒堡雷亞前線 III
55028001	投入阿勒堡雷亞前線 IV
55029001	投入阿勒堡雷亞前線 V
55030001	投入阿勒堡雷亞前線 VI
55031001	投入阿勒堡雷亞前線 VII
55032001	投入阿勒堡雷亞前線 VIII
55033001	突破阿勒堡雷亞前線 I
55034001	突破阿勒堡雷亞前線 II
55035001	突破阿勒堡雷亞前線 III
55036001	突破阿勒堡雷亞前線 IV
55037001	突破阿勒堡雷亞前線 V
55038001	突破阿勒堡雷亞前線 VI
55039001	突破阿勒堡雷亞前線 VII
55040001	投入阿勒堡雷亞前線 I
55041001	投入阿勒堡雷亞前線 II
55042001	投入阿勒堡雷亞前線 III
55043001	投入阿勒堡雷亞前線 IV
55044001	投入阿勒堡雷亞前線 V
55045001	投入阿勒堡雷亞前線 VI
55046001	投入阿勒堡雷亞前線 VII
55047001	投入阿勒堡雷亞前線 VIII
55048001	突破阿勒堡雷亞前線 I
55049001	突破阿勒堡雷亞前線 II
55050001	突破阿勒堡雷亞前線 III
55051001	突破阿勒堡雷亞前線 IV
55052001	突破阿勒堡雷亞前線 V
55053001	突破阿勒堡雷亞前線 VI
55054001	突破阿勒堡雷亞前線 VII
59901001	守護者的日常
59902001	提亞蘭神樹的孩子
59903001	寄生的吉利嘟
59904001	為了撲滅吉利嘟
59905001	提亞蘭樹液
59906001	未知的入侵者們
59907001	沒回來的人們
59908001	阿勒坤的痕跡們
59909001	在後面追著
59910001	提亞蘭樹的眼淚
59911001	去大陸
59912001	固執的搜索
60101001	啟動{@WorkObject:64}
60102001	{@Rgn:45003$$武魂濕地}的復原
60103001	名譽研究員所擔心的事
60104001	堤勒凱伊蘑菇研究報告
60105001	昇華之棺研究報告
60106001	{@Rgn:47006$$結霜森林復原營地}支援請求
60107001	{@Rgn:47007$$咆哮森林前進營地}支援請求
60108001	{@Rgn:45007$$武魂濕地營地}支援請求
60109001	{@Rgn:45008$$偵查支援營地}支援請求
60110001	{@Rgn:45009$$暴走陣地營地}支援請求
60111001	{@Rgn:46001$$三個塔}研究本部支援請求
60112001	{@Rgn:46016$$精神研究營地}支援請求
60113001	{@Rgn:46017$$融合研究營地}支援請求
60114001	拯救生命
60115001	異變植物的調查
60116001	名譽研究員所擔心的事
60117001	所長很著急地在找你
60118001	阿勒坤研究所的呼叫
60201001	飛進基地的蒼蠅
60202001	傳達不足的零件
60203001	敵人的指揮官
60204001	飢餓的游擊隊員
60205001	游擊隊的收藏品
60206001	減少數量
60207001	{@Rgn:48005$$阿勒坤指揮所}潛入行動
60208001	無法得知真面目的裝置
60209001	地窟內的阿勒坤
60210001	地窟內的指揮官
60211001	{@Creature:418#2008#阿勒坤能量供給機}的破壞
60212001	破壞{@Creature:418#2009$$兵器控制裝置}
60213001	游擊隊不會丟下戰友
60214001	來自地下的請求
60215001	新進游擊隊員的教育
60216001	飢餓的游擊隊員
60217001	隊長正在找你
60218001	卡諾比亞游擊隊的呼叫
60301001	獵人的暖身
60302001	{@Rgn:49005$$卡錫安樹}的寄生蟲
60303001	{@Rgn:49003$$能量儲藏庫}的阿勒坤
60304001	{@Rgn:50002$$隱藏營地}的獵人
60305001	來自{@Rgn:50003$$岩石下營地}的呼叫
60306001	{@Creature:50#9$$防護方塊}的狩獵
60307001	{@Rgn:50002$$隱藏營地}的獵人
60308001	去找{@Creature:76#3001$$凱因巴拉}看看吧。
60309001	阿勒坤獵人的呼叫
60401001	養魚的技術
60402001	香蕉栽培的秘方
60403001	急需的物品
60404001	{@Rgn:30009$$倒塌的神殿廢墟}守謢者
60405001	{@Rgn:30008$$印度神殿}處的守護者
60406001	監視團的報告
60407001	危機的動物們
60408001	太陽神碑石
60409001	打亮{@Rgn:9017001$$太陽燈塔}
60410001	回收久遠的遺物
60411001	現在是該休息的時候
60412001	{@Rgn:9017001$$太陽燈塔}哨兵
60413001	陳年藥材的分析
60414001	籌措不足的藥材
60415001	稀有藥草的栽培
60416001	養魚的技術
60417001	香蕉栽培的技術
60418001	{@Creature:71#3001$$亞里斯艾琳}大人在找你
60419001	來自米瑪斯的呼叫
60501001	商人會的簡單請求
60502001	商人會的普通請求
60503001	商人會的棘手請求
60504001	商人會的艱難請求
60505001	商人會的殘忍請求
60506001	工房會的簡單請求
60507001	工房會的普通請求
60508001	工房會的棘手請求
60509001	工房會的艱難請求
60510001	工房會的殘忍請求
60511001	狩獵請求{@Rgn:10001$$蛇之島}
60512001	狩獵請求{@Rgn:12001$$絕望之島}
60513001	狩獵請求{@Rgn:18001$$遺忘巨人之都}
60514001	狩獵請求{@Rgn:21001$$蜥蜴王巢穴}
60515001	狩獵請求{@Rgn:23001$$月之湖}
60516001	狩獵請求{@Rgn:24001$$黃金之路}
60517001	狩獵請求{@Rgn:4001$$爆炎山脈}
60518001	狩獵請求{@Rgn:7001$$學識丘陵}
60519001	狩獵請求{@Rgn:9002$$貪婪迷宮}
60520001	傭兵團的普通請求
60521001	傭兵團的簡單請求
60522001	傭兵團的棘手請求
60523001	傭兵團的殘忍請求
60524001	傭兵團的負擔請求
60528001	來自於貝利卡聯盟會的呼叫
60601001	收集完整的時空紋樣
60602001	收集時空紋樣的破片
60603001	汙染根源
60604001	{@RawItem:45280$$顛倒的時空紋樣}實驗
60605001	收集黑山破片
60606001	與阿勒坤的關聯
60701001	魔道工學學問入門
60702001	移動魔法書籍
60703001	收集魔法紙材料
60704001	轉交魔法紙
60705001	學習魔法歷史
60706001	學習機械工學
60707001	學習融合
60708001	收集魔道機器小型齒輪
60709001	魔道機器能源
60710001	魔道機器補給 I
60711001	書比武器還要強。
60801001	為了生存 I
60802001	為了生存 II
60803001	事前調查
60804001	戰鬥力推測
60805001	轉交物品 I
60806001	轉交物品 II
60807001	尋找人手
60808001	緊急轉交遺漏的交易物品
60809001	結算報告
60811001	商人之路
60901001	中央警備隊的方式
61206001	為了研究的材料
61207001	森林的神祕
61210001	森林守護者的智慧
61241001	臨時隔離所的萬能工人
61244001	被偷走的治療劑
61263001	心動之花
61264001	培拉得牌魔法便當
61284001	山裡的魚才新鮮
61301001	外送寇普里史卡的藥
61302001	神力
61303001	最少處理
61304001	不得已的選擇
61305001	回來!
61308001	革命團的事
61309001	再也無法袖手旁觀了
61342001	籌措研究資料
61343001	阿梅塔斯的興趣
61421001	掃蕩作戰
61422001	汙染的怪物
61423001	修復艾賽尼亞
61424001	那時的某種事物
61461001	交易的絆腳石
61462001	寶物夾在雜物中!
61481001	我呀，是龍獵人
61482001	貝勒達修的研究裝置
61483001	為了研究收集樣本
61501001	[夥伴] 精靈的蛋
61630001	支援利佩蘭斯
61631001	帕利亞的事業輔助
61632001	皮亞提的請託
61633001	利佩蘭斯守備隊
61634001	利佩蘭斯解決者
61640001	利佩蘭斯的戰士
61650001	支援最前線
61651001	處決背叛者
61652001	支援地面物資
61653001	飢餓的阿海普
61710001	支援艾索杜勒探索營地
61711001	艾索杜勒環境調查
61712001	水質調查
61713001	維持治安
61730001	復仇刀刃
61731001	同時攻擊
61740001	寶石化治療劑
61741001	妨礙要素
61742001	清理周圍
61743001	生存所需的必備品
61801001	[重要] 凱亞的鐵砧
61901001	[釣魚] 你喜歡釣魚!嗎? 
61902001	[釣魚] 你喜歡釣魚!嗎? 
61903001	[釣魚] 要告訴你賺大錢的秘訣嗎?
61904001	[釣魚] 垂釣者成長的方法
61905001	[釣魚] 憤怒的鄰居
61906001	[釣魚] 怪物花鯰釣魚
61907001	[釣魚] 港口的腥味
61908001	[釣魚] 一家之主的自尊心
61909001	[釣魚] 神仙鬍鬚湯
61910001	[釣魚] 傳說?的教導
61911001	[釣魚] 與傳說?的打賭
61912001	[釣魚] 垂釣者的美食
61913001	[釣魚] 垂釣者的晚餐
61914001	[釣魚] 章魚與妖精
62001001	救出莉莉
62201001	救出莉莉
62801001	救出莉莉
70101001	太陽慶典 前往智慧樹
70102001	[太陽慶典] 神官志願者體驗 1
70103001	[太陽慶典] 神官志願者體驗 2
70104001	[太陽慶典] 製作水果刨冰
70105001	太陽慶典-每日 清掃地下
70106001	太陽慶典-每日 清掃庭園
70107001	太陽慶典-每日 清掃聖所
70108001	太陽慶典-每日 勤奮投遞員
70109001	太陽慶典-每日 放煙花
70111001	血之慶典 不祥的慶典
70112001	血之慶典-每日 營救居民
70113001	血之慶典-每日 闖入慶典場 1
70114001	血之慶典-每日 闖入慶典場 2
70115001	[換角慶典] 埃爾奇的邀請
70116001	[換角慶典] 西瓜、大炮與沙堡
70117001	換角慶典-每日 水炮遊戲
70118001	換角慶典-每日 砸西瓜遊戲
70119001	換角慶典-每日 朗袞的遊戲
70120001	換角慶典-每日 獸角加工師的煩惱
70121001	換角慶典-每日 海邊的皮膚美容師
70122001	[換角慶典] 羅賽茨的趣味生活
70201001	[豐饒慶典] 好心情呼叫
70202001	[豐饒慶典] 利卡諾勒的名產
70203001	[豐饒慶典] 製作特產圖鑑
70204001	[豐饒慶典] 抓住尾巴
70205001	[豐饒慶典-每日] 供應料理
70206001	[豐饒慶典-每日] 打稻草球
70207001	[豐饒慶典-每日] 牧羊人
70208001	[豐饒慶典-每日] 牧場管理
70209001	[豐饒慶典-每日] 抓尾巴
70211001	[扈卡皮卡慶典] 研究員庫魯姆
70212001	[扈卡皮卡慶典] 扈~！扈卡皮~卡！
70213001	[扈卡皮卡慶典] 扈奇 扈扈卡！！
70214001	[扈卡皮卡慶典] 提起勇氣 扈卡！
70215001	[扈卡皮卡慶典-每日] 好吃！蜥蜴扈卡！
70216001	[扈卡皮卡慶典-每日] 敲鑼打鼓 扈卡！
70217001	[扈卡皮卡慶典-每日] 家族的和平 扈卡！
70218001	[扈卡皮卡慶典-每日] 慶典持續進行 扈卡！
70219001	[豐饒慶典] 利卡諾勒特製炸彈酒
70220001	[豐饒慶典-每日] 利卡諾勒特製炸彈酒
71101001	耀眼鐵匠巴特希魯的武器
80101001	暗黑次元的異空間調查
80902001	襲擊戴蒙克隆實驗室I
80903001	襲擊戴蒙克隆實驗室II
80904001	襲擊戴蒙克隆實驗室III
80905001	襲擊戴蒙克隆實驗室IV
90101001	今天也前往炮火的戰場
90102001	夢想著戰場的英雄
90104001	來一場雪仗！？
90109001	榮耀的勝利！
90110001	今天也前往炮火的戰場
90112001	歡迎來到庫魔斯世界~
90116001	這遊樂場是我們的!
90117001	今天也要搭坦克!
90118001	這遊樂場是我們的!
99999001	絕對不可接的任務
102201001	時空裂痕移除作戰
102221001	疑問的暗黑裂縫
102222001	疑問的暗黑裂縫
102223001	疑問的暗黑裂縫
102224001	疑問的暗黑裂縫
102225001	疑問的暗黑裂縫
102226001	疑問的暗黑裂縫
102227001	疑問的暗黑裂縫
102228001	疑問的暗黑裂縫
102229001	疑問的暗黑裂縫
102230001	疑問的暗黑裂縫
102231001	疑問的暗黑裂縫
102232001	疑問的暗黑裂縫
102233001	疑問的暗黑裂縫
102234001	疑問的暗黑裂縫
102235001	疑問的暗黑裂縫
102236001	疑問的暗黑裂縫
102237001	疑問的暗黑裂縫
102238001	疑問的暗黑裂縫
102239001	疑問的暗黑裂縫
102240001	疑問的暗黑裂縫
102241001	疑問的暗黑裂縫
102242001	疑問的暗黑裂縫
102243001	疑問的暗黑裂縫
102244001	疑問的暗黑裂縫
102301001	Card sharper
102302001	Card gambler
102303001	Card magician
102304001	Card knave
102305001	Card rogue
102306001	Card schemer
118301001	舊書
118302001	[月光武士] 新的故事
200001001	[重要] 前往艾索杜勒之路
200002001	[重要] 探索艾索杜勒
200003001	[重要] 拯救作戰
200020001	研究活動 I
200021001	研究活動 II
200022001	研究活動 III
200101001	[重要] 意料之外的助手
200102001	[重要] 求救信號
200103001	[重要] 利佩蘭斯的請託
200120001	確保補給品
200121001	籌措武器
200122001	復仇的開始
200201001	[重要] 毗利氐安濕地
200202001	[重要] 重要的事物
200203001	[重要] 追擊艾利恩庫貝爾
200220001	為了研究治療方法
200221001	治療劑的材料
200222001	消滅妨害者
200301001	[重要] 前往貝爾亞克城堡
200302001	[重要] 前往機關室
200303001	[重要] 核心爆發
200304001	[重要] 葬禮
200305001	[重要] 艾索杜勒前進基地
200320001	處決背叛者 I
200321001	處決背叛者 II
200322001	內部工作 I
200323001	內部工作 II
200324001	內部工作 III
302301001	利培茲的呼叫
302302001	躲藏的敵人
302401001	深入阿勒卡夫孵化場I
302402001	深入阿勒卡夫孵化場II
302501001	深入阿勒卡夫孵化場III
302502001	深入阿勒卡夫孵化場IV
302601001	[副本] 阿勒坤的陰謀
302701001	[副本] 沙漠之狼
310101001	[副本] 蝴蝶們的誕生
310102001	[副本] 費爾奎娜巢穴
700008001	潛入費勒諾的實驗室
700009001	潛入殘暴費勒諾的實驗室
700010001	襲擊杜利溫的安息地
700013001	試驗的副本 - 攻掠阿卡莎隱身處
700014001	試驗的副本 - 攻掠黃金迷宮
700019001	急襲莉里斯城
700023001	浸透拉坎里斯的廢墟
700024001	征伐超越的拉坎里斯的廢墟
700027001	守護貝利卡地下關口
700029001	奪回貝里克神殿
700030001	奪回塌陷的貝里克神殿
700035001	急襲賽伊洛斯研究基地
700038001	討伐哈露奇亞的安息地
700040001	討伐RK-9機庫
700041001	討伐終極RK-9機庫
700042001	討伐革命團總部
700044001	討伐安塔洛斯深淵
700045001	討伐空洞的安塔洛斯深淵
700046001	潛入泰內布利斯城堡
700048001	潛入里安的地下殿堂
700049001	潛入扭曲的里安地下殿堂
700050001	巴哈勒的憤怒解放
700051001	試驗的副本 - 攻略莉里斯城
700055001	討伐費爾奎娜巢穴
700056001	討伐燦爛的費爾奎娜巢穴
700057001	討伐貝爾亞克城堡
700058001	討伐凱爾賽克隱藏地
700059001	討伐不滅凱爾賽克隱藏地
700060001	挑戰狂氣競技場
700108001	費勒諾的實驗室
700109001	潛入殘暴費勒諾的實驗室
700110001	襲擊杜利溫的安息地
700113001	試驗的副本 - 攻掠阿卡莎隱身處
700114001	試驗的副本 - 攻掠黃金迷宮
700119001	急襲莉里斯城
700123001	浸透拉坎里斯的廢墟
700124001	征伐超越的拉坎里斯的廢墟
700127001	守護貝利卡地下關口
700129001	奪回貝里克神殿
700130001	奪回塌陷的貝里克神殿
700134001	討伐受詛咒的伯恩斯坦惡靈島
700135001	急襲賽伊洛斯研究基地
700138001	討伐哈露奇亞的安息地
700140001	討伐RK-9機庫
700141001	討伐終極RK-9機庫
700142001	潛入革命團總部
700144001	討伐安塔洛斯深淵
700145001	討伐空洞的安塔洛斯深淵
700146001	潛入泰內布利斯城堡
700148001	潛入里安的地下殿堂
700149001	潛入扭曲的里安地下殿堂
700150001	巴哈勒的憤怒解放
700151001	試驗的副本 - 攻略莉里斯城
700153001	討伐空洞的安塔洛斯深淵(7人) 
700155001	討伐費爾奎娜巢穴
700156001	討伐燦爛的費爾奎娜巢穴
700157001	討伐貝爾亞克城堡
700158001	討伐凱爾賽克隱藏地
700159001	不滅凱爾賽克隱藏地
700160001	挑戰狂氣競技場
800001001	襲擊秘密基地！
800002001	襲擊凡貝爾宅邸！
800003001	襲擊札巴勒曼巢窟！
800004001	襲擊邪教徒隱身處！
800005001	襲擊邪靈術研究所！
800006001	襲擊黃金迷宮！
800007001	討伐阿卡莎隱身處！
800008001	襲擊煞雷諾空中庭園！
800009001	襲擊恐怖迷宮！
800010001	襲擊暗黑塔！
800012001	討伐法羅納
800014001	[活動]兇暴基露卡爾的洞穴
800015001	[活動]4週年瑪代泰活動!
800016001	[活動]4週年瑪代泰活動!
800017001	[活動]4週年瑪代泰活動!
800018001	[活動]4週年瑪代泰活動!
800030001	蜥蜴王討伐請求！
800031001	羅德克農場的怪獸討伐請求！
800033001	獠牙傭兵團守護隊討伐請求！
800034001	黑暗利波討伐請求！
800035001	阿拉克內雅討伐請求！
800036001	岩石蜥蜴王討伐請求！
800037001	迷宮的怪獸們討伐請求！
800038001	古老青苔泥人怪討伐請求！
800039001	古代帝國戰士討伐請求！
800040001	狂暴庫魔斯討伐請求！
800041001	聖域的守護者們討伐請求！
800042001	黑暗火神討伐請求！
800043001	馴服的溪谷蜥蜴王討伐請求！
800044001	阿堪特鱗片戰士討伐請求！
800045001	阿堪特血戰士討伐請求！
800046001	守護惡魔討伐請求！
800047001	巨大颶風蜥蜴討伐請求！
800050001	庫魔斯的遊樂場討伐作戰!
800051001	庫魔斯的遊樂場討伐作戰!
800052001	庫魔斯的遊樂場討伐作戰!
800053001	庫魔斯的遊樂場討伐作戰!
800054001	庫魔斯的遊樂場討伐作戰!
800055001	庫魔斯的遊樂場討伐作戰!
800056001	庫魔斯的遊樂場討伐作戰!
800057001	庫魔斯的遊樂場討伐作戰!
800058001	庫魔斯的遊樂場討伐作戰!
800059001	對黑暗德法報犧牲者之仇
800060001	在後面緊追著祭物的人們
800061001	危險的堤勒凱伊森林的火熊們
800062001	阿勒古尼克妖獸掃盪作戰
800063001	擊退暗影曠野的野獸
800064001	瓦解洛克追蹤勢力
800065001	瓦解被洗腦的狂信徒勢力
800066001	黑暗傭兵團解散作戰
800067001	擊退卡魔拉作戰
800068001	急襲普利恩戰士
800069001	擊退沙洲荒蕪地的野獸
800070001	收集鹿角
800071001	食人精族安息
800101001	為了砍伐區的和平
800104001	露出紅牙者們
800105001	瘋狂野獸們
800106001	凡貝爾丘陵討伐命令
800107001	偵查亡者地窟
800108001	絕望之島討伐命令
800109001	偵查貪婪迷宮
800110001	受詛咒的靈魂們
800111001	岩石部族的威脅
800112001	狡猾傢伙們的陷阱
800113001	邪教徒的神殿調查
800114001	清除突沙的傀儡
800115001	淨化汙染的野獸
800116001	古代森林安息
800117001	與寒冷一起上門的威脅
800118001	消滅黑暗傭兵團
800119001	消滅惡靈親衛隊
800120001	討伐變異者們
800121001	襲擊蜘蛛巢窟
800122001	消滅溪谷的惡徒
800123001	達坤的神殿調查
800124001	請消除燃燒的憤怒
800125001	可怕的食人族
800126001	月影森林討伐命令
800127001	淨化黑暗森林
800128001	敗殘兵掃蕩
800129001	調查背叛岩窟
800130001	為了雪原的和平
800131001	峽谷鎮壓作戰
800132001	淨化堤勒凱伊森林
800133001	溪谷討伐支援
800134001	破壞實驗體
800135001	卡拉索掃蕩戰
800136001	為了阿勒古內雅的和平
800137001	消滅煩人的盜魄坎
800138001	消滅德法山賊團 
800139001	回收被掠奪的行李
800140001	消滅腐臭的土精靈 
800141001	擊退不死士兵 
800142001	討伐德法總部
800143001	消滅洛克的追蹤者們 
800144001	掃蕩徬徨的吉利嘟
810001001	襲擊秘密基地！
810002001	襲擊凡貝爾宅邸！
810003001	襲擊札巴勒曼巢窟！
810004001	襲擊邪教徒隱身處！
810005001	襲擊邪靈術研究所！
810006001	襲擊黃金迷宮！
810007001	討伐阿卡莎隱身處！
810008001	襲擊煞雷諾空中庭園！
810009001	襲擊恐怖迷宮！
810010001	襲擊暗黑塔！
810012001	討伐法羅納
810030001	蜥蜴王討伐請求！
810031001	羅德克農場的怪獸討伐請求！
810033001	獠牙傭兵團守護隊討伐請求！
810034001	黑暗利波討伐請求！
810035001	阿拉克內雅討伐請求！
810036001	岩石蜥蜴王討伐請求！
810037001	迷宮的怪獸們討伐請求！
810038001	古老青苔泥人怪討伐請求！
810039001	古代帝國戰士討伐請求！
810040001	狂暴庫魔斯討伐請求！
810041001	聖域的守護者們討伐請求！
810042001	黑暗火神討伐請求！
810043001	馴服的溪谷蜥蜴王討伐請求！
810044001	阿堪特鱗片戰士討伐請求！
810045001	阿堪特血戰士討伐請求！
810046001	守護惡魔討伐請求！
810047001	巨大颶風蜥蜴討伐請求！
810050001	庫魔斯的遊樂場討伐作戰!
810051001	庫魔斯的遊樂場討伐作戰!
810052001	庫魔斯的遊樂場討伐作戰!
810053001	庫魔斯的遊樂場討伐作戰!
810054001	庫魔斯的遊樂場討伐作戰!
810055001	庫魔斯的遊樂場討伐作戰!
810056001	庫魔斯的遊樂場討伐作戰!
810057001	庫魔斯的遊樂場討伐作戰!
810058001	庫魔斯的遊樂場討伐作戰!
810059001	對黑暗德法報犧牲者之仇
810060001	在後面緊追著祭物的人們
810061001	危險的堤勒凱伊森林的火熊們
810062001	阿勒古尼克妖獸掃盪作戰
810063001	擊退暗影曠野的野獸
810064001	瓦解洛克追蹤勢力
810065001	瓦解被洗腦的狂信徒勢力
810066001	黑暗傭兵團解散作戰
810067001	擊退卡魔拉作戰
810068001	急襲普利恩戰士
810069001	擊退沙洲荒蕪地的野獸
810070001	收集鹿角
810071001	食人精族安息
810101001	為了砍伐區的和平
810104001	露出紅牙者們
810105001	瘋狂野獸們
810106001	凡貝爾丘陵討伐命令
810107001	偵查亡者地窟
810108001	絕望之島討伐命令
810109001	偵查貪婪迷宮
810110001	受詛咒的靈魂們
810111001	岩石部族的威脅
810112001	狡猾傢伙們的陷阱
810113001	邪教徒的神殿調查
810114001	清除突沙的傀儡
810115001	淨化汙染的野獸
810116001	古代森林安息
810117001	與寒冷一起上門的威脅
810118001	消滅黑暗傭兵團
810119001	消滅惡靈親衛隊
810120001	討伐變異者們
810121001	襲擊蜘蛛巢窟
810122001	消滅溪谷的惡徒
810123001	達坤的神殿調查
810124001	請消除燃燒的憤怒
810125001	可怕的食人族
810126001	月影森林討伐命令
810127001	淨化黑暗森林
810128001	敗殘兵掃蕩
810129001	調查背叛岩窟
810130001	為了雪原的和平
810131001	峽谷鎮壓作戰
810132001	淨化堤勒凱伊森林
810133001	溪谷討伐支援
810134001	破壞實驗體
810135001	卡拉索掃蕩戰
810136001	為了阿勒古內雅的和平
810137001	消滅煩人的盜魄坎
810138001	消滅德法山賊團
810139001	回收被掠奪的行李
810140001	消滅腐臭的土精靈 
810141001	擊退不死士兵 
810142001	討伐德法總部
810143001	消滅洛克的追蹤者們 
810144001	掃蕩徬徨的吉利嘟
970010001	[ 個人裝備 ] 於海岸占領地取得勝利!
970011001	佔領庫魔斯的遊樂場吧!
970012001	在雪仗戰場戰鬥!
970110001	[ 個人裝備 ] 於海岸占領地取得勝利!
970111001	佔領庫魔斯的遊樂場吧!
970112001	在雪仗戰場戰鬥!
980051001	響起鋼鐵的砲聲!
980052001	響起鋼鐵的砲聲!
980053001	響起鋼鐵的砲聲!
980054001	響起鋼鐵的砲聲!
980055001	響起鋼鐵的砲聲!
980056001	響起鋼鐵的砲聲!
980057001	響起鋼鐵的砲聲!
980058001	響起鋼鐵的砲聲!
980059001	響起鋼鐵的砲聲!
981051001	響起鋼鐵的砲聲!
981052001	響起鋼鐵的砲聲!
981053001	響起鋼鐵的砲聲!
981054001	響起鋼鐵的砲聲!
981055001	響起鋼鐵的砲聲!
981056001	響起鋼鐵的砲聲!
981057001	響起鋼鐵的砲聲!
981058001	響起鋼鐵的砲聲!
981059001	響起鋼鐵的砲聲!
983001001	請成功完成天空競技場挑戰!
983002001	請成功完成天空競技場挑戰!
983101001	復原拉格南城的記憶!
983102001	復原拉格南城的記憶!
983201001	急襲佩特萊養成所!
983202001	急襲佩特萊養成所!
983302001	履行守護者任務! A
983303001	履行守護者任務! B
983304001	履行守護者任務! C
983402001	征服飛行守護者任務吧!
983501001	釣魚很開心!
999601001	凶暴的蜥蜴王(下)討伐請求!
999602001	凶暴的畸甲尼亞(下)討伐請求!
999603001	凶暴的阿拉克內雅(下)討伐請求!
999604001	凶暴的血腥泥人怪(中)討伐請求!
999605001	凶暴的黑暗利波(中)討伐請求!
999606001	凶暴的地獄火怪獸(中)討伐請求!
999607001	凶暴的鱗片戰士(上)討伐請求!
999608001	凶暴的鋼鐵巨人(上)討伐請求!
999609001	凶暴的黑暗火神(上)討伐請求!
999610001	討伐生命溪谷
999611001	討伐艾賽尼亞丘陵地帶
999612001	討伐古代戰爭廢墟
999701001	凶暴的蜥蜴王(下)討伐請求!
999702001	凶暴的畸甲尼亞(下)討伐請求!
999703001	凶暴的阿拉克內雅(下)討伐請求!
999704001	凶暴的血腥泥人怪(中)討伐請求!
999705001	凶暴的黑暗利波(中)討伐請求!
999706001	凶暴的地獄火怪獸(中)討伐請求!
999707001	凶暴的鱗片戰士(上)討伐請求!
999708001	凶暴的鋼鐵巨人(上)討伐請求!
999709001	凶暴的黑暗火神(上)討伐請求!
999710001	討伐生命溪谷
999711001	討伐艾賽尼亞丘陵地帶
999712001	討伐古代戰爭廢墟
999805001	珊德拉馬奈伊亞討伐命令!
999809001	支援被遺忘的副本探險隊！
999811001	急求補修工程用木材
999812001	飛踢猴子屁股
999813001	襲擊卡邁依群落地
999814001	獵人喜歡蜘蛛
999815001	為了變節者…
999816001	艾爾凱亞號的心臟
999818001	懲處變節的搜索隊
999819001	偷蛋小偷？偷蛋小偷！
999820001	回到森林了！
999821001	兇暴又醜陋的奇怪生物體
999822001	阻礙在訓練的創造物吧。
999823001	掃盪變節的駐守軍
999824001	石灰堆的秘密
999825001	疲勞要在溫泉消除！
999826001	走在黑暗裡的人們
999827001	骨頭是最好的研究對象吧。
999828001	收集艾爾凱亞號補給箱
999829001	殺蟲要靠雷達除蟲專家！
999830001	討伐變節的駐守軍
999831001	頭！腿！手！
999832001	讓遺跡守護者安息…
999833001	有看到透影草嗎？沒看到？
999834001	精靈的變異就是有罪！
999835001	安慰靈魂的歌曲
999836001	如果吞噬魔物就會變成魔物吧。
999837001	背叛者的證明堆成一座山…
999838001	虐殺者的血形成汪洋…
999840001	貪心鬼的最後
999841001	和高階德法一起跳舞！
999842001	零件箱子不足！
999843001	肉總是正確的。
999844001	肉！我想吃肉。
999845001	血染的戰勳的證據
999846001	突破戴蒙克隆防禦線！
999847001	刺殺阿克德法精銳帝國軍！
999848001	懲處變節的偵察隊 
999849001	阻礙2級創造物
999850001	擊破防御線戴蒙克隆！
999851001	[ 統一裝備 ] 於砲火戰場中獲勝吧!
999853001	[ 個人裝備 ] 於名譽戰場中獲勝吧!
999854001	[ 統一裝備 ] 於鬥志戰場中獲勝吧!
999855001	如果無法馴服…
999856001	這是長生不老的靈藥…嗎？
999857001	攻略戴蒙克隆防禦線！
999861001	戴蒙克隆實驗室襲擊作戰！
999865001	有益身體又美味的角！
999875001	卡邁依掃盪作戰
999876001	討伐巴拉卡尼亞丘陵地駐守軍
999877001	阿克德法高階帝國軍討伐作戰
999878001	討伐戴蒙克隆
999879001	艾爾凱亞號的心臟
999880001	石灰堆的秘密
999881001	有看到透影草嗎？沒看到？
999882001	安慰靈魂的歌曲
999883001	零件箱子不足！
999884001	攻略博得神殿
999885001	攻略阿勒坤魅迪提亞
999886001	阿克德法武器庫襲擊作戰！
999888001	三胞胎紅蘿蔔不足
999889001	探險古代地下水道
999892001	猜猜看是誰贏了!
999897001	掃盪那些戴蒙克隆實驗體吧！
999898001	[ 統一裝備 ] 於地下激戰場中獲勝吧!
999899001	庫魔斯的遊樂場討伐作戰!
999903001	魅迪達討伐命令!
999904001	遺物守護者討伐命令!
999905001	珊德拉馬奈伊亞討伐命令!
999909001	支援被遺忘的副本探險隊
999911001	急求補修工程用木材
999912001	飛踢猴子屁股
999913001	襲擊卡邁依群落地
999914001	獵人喜歡蜘蛛
999915001	為了變節者…
999916001	艾爾凱亞號的心臟
999918001	懲處變節的搜索隊
999919001	偷蛋小偷？偷蛋小偷！
999920001	回到森林了！
999921001	兇暴又醜陋的奇怪生物體
999922001	阻礙在訓練的創造物吧。
999923001	掃盪變節的駐守軍
999924001	石灰堆的秘密
999925001	疲勞要在溫泉消除！
999926001	走在黑暗裡的人們
999927001	骨頭是最好的研究對象吧。
999928001	收集艾爾凱亞號補給箱
999929001	殺蟲要靠雷達除蟲專家！
999930001	討伐變節的駐守軍
999931001	頭！腿！手！
999932001	讓遺跡守護者安息…
999933001	有看到透影草嗎？沒看到？
999934001	精靈的變異就是有罪！
999935001	安慰靈魂的歌曲
999936001	如果吞噬魔物就會變成魔物吧。
999937001	背叛者的證明堆成一座山…
999938001	虐殺者的血形成汪洋…
999940001	貪心鬼的最後
999941001	和高階德法一起跳舞！
999942001	零件箱子不足！
999943001	肉總是正確的。
999944001	肉！我想吃肉。
999945001	血染的戰勳的證據
999946001	突破戴蒙克隆防禦線！
999947001	刺殺阿克德法精銳帝國軍！
999948001	懲處變節的偵察隊 
999949001	阻礙2級創造物
999950001	擊破防御線戴蒙克隆！
999951001	[ 統一裝備 ] 於砲火戰場中獲勝吧!
999953001	[ 個人裝備 ] 於名譽戰場中獲勝吧!
999954001	[ 統一裝備 ] 於鬥志戰場中獲勝吧!
999955001	如果無法馴服…
999956001	這是長生不老的靈藥…嗎？
999957001	攻略戴蒙克隆防禦線！
999961001	戴蒙克隆實驗室襲擊作戰！
999965001	有益身體又美味的角！
999975001	卡邁依掃盪作戰
999976001	討伐巴拉卡尼亞丘陵地駐守軍
999977001	阿克德法高階帝國軍討伐作戰
999978001	討伐戴蒙克隆
999979001	艾爾凱亞號的心臟
999980001	石灰堆的秘密
999981001	有看到透影草嗎？沒看到？
999982001	安慰靈魂的歌曲
999983001	零件箱子不足！
999984001	攻略博得神殿
999985001	攻略阿勒坤魅迪提亞
999986001	阿克德法武器庫襲擊作戰！
999988001	三胞胎紅蘿蔔不足
999989001	探險古代地下水道
999990001	好享受雪仗吧！
999997001	掃滅那些戴蒙克隆實驗體吧！
999998001	[ 統一裝備 ] 於地下激戰場中獲勝吧!
999999001	庫魔斯的遊樂場討伐作戰!
