201001	Раздор в Дивном лесу
202001	Проблемы фей
203001	Темный голод
212001	[Событие] Еще одно испытание инженера (бонус)
213001	[Событие] Победа в Твердыне корсаров
214001	[Событие] Победа в Каньоне Фрейвинд
221001	Глупец в лесу
222001	Поддержка равновесия
223001	Кому грудинку?
224001	Заготовка мяса
225001	Дорога к миру
226001	Дом Маона
227001	Ветчина разбежалась
228001	Полет фантазии Фонона
229001	Зуб, целый зуб
230001	Южный лес
231001	Переполох с гривами
232001	Оторвать им крылья!
233001	Мерило мести
234001	Разрушенный мост
235001	Много шума из-за грибов
236001	Где же детали?
237001	Упреждающий удар
238001	Охота на больших кошек
239001	Буря миновала
240001	Жестокое милосердие
241001	Поручение Арона
242001	Последний аргумент
243001	Опасная охота
244001	Посольство фей
270001	(Гильдия) Приказы о подавлении: Саблезубы
271001	(Гильдия) Приказы о подавлении: Кентавры
272001	Восстание Мертвых
273001	Секреты Зурас
301001	Деванское восстание
302001	Откидывая вуаль
303001	Отрезанный город
304001	Найди капитана
305001	В штаб деванцев
306001	Ужасный ритуал
322001	Фолдеус и его деньги
323001	Надежда на сундуки
324001	На волоске
325001	Эскорт
327001	На каждой улице праздник
328001	Заслуженная смерть
329001	Угроза деванцев
330001	Проблемы со спорами
331001	Спиритическая наука
333001	Свет во тьме
334001	Потеря фокуса
335001	Вперед и вперед
336001	Глубже в Академию
337001	Оружие цивилизованной империи
338001	Возвращение припасов
339001	На грани
340001	Надежда на изменения
341001	Разбить пару яиц
342001	Пылающие глаза
343001	Ложный след
344001	Битва за Кровавую тропу
370001	(Гильдия) Приказы о подавлении: Деванцы
371001	(Гильдия) Приказы о подавлении: Нежить
372001	(Гильдия) Приказы о подавлении: Деванские заговорщики
373001	(Гильдия) Приказы о подавлении: Древни
374001	(Гильдия) Приказы о подавлении: Ланок
381001	Приказы о подавлении: Ланок (ванарх)
401001	Спасти Ядро
403001	Осколки крови и пламени
421001	Навстречу огню
422001	Побежденные враги
423001	Конец кошмара
424001	Расчистка пути
425001	Воющее безумие
426001	Спорная земля
427001	Гибель темных рыцарей
428001	Заслуженная смерть
429001	Приказы бесстрашным
430001	Приручение клыкарей
431001	В ожидании падения молота
432001	Лечебные припасы
433001	Смена ролей
434001	Укрепление бастиона
435001	Огненное таинство
436001	Торговля металлом
437001	Доблесть и слава
438001	Шурский рецепт бедствия
439001	Пленных не брать
440001	Тираки навсегда
441001	Не переходите потоки
443001	Эссенция Бахаара
444001	Осколки крови и пламени
469018	Вы решаете отправиться вместе с Сионой идти по дороге, которая ведет к подземелью.
470001	(Гильдия) Приказы о подавлении: Незваные гости
471001	(Гильдия) Приказы о подавлении: Клыкари и Грокнары
472001	(Гильдия) Приказы о подавлении: Шурский альянс
473001	(Гильдия) Приказы о подавлении: Клыкари
474001	Приказы о подавлении: Темные хищники (гильдия)
475001	(Гильдия) Приказы о подавлении: Бурные канаши
480001	Приказы о подавлении: Темный альянс (ванарх)
481001	Приказы о подавлении: Бурные канаши (ванарх)
521001	Просьба беглеца
522001	Помогите туванги
523001	По данным опросов...
524001	Но по данным опросов...
525001	Какие еще туванги?
526001	Покупка знаний
527001	Пропавший торговец
528001	Ингредиенты для противоядия
529001	Потерянный рюкзак
530001	Новая императорская шляпа
531001	Деньги за доставку
533001	Спасение Джирры
534001	Настоящая угроза
535001	{@RawItem:206818}
536001	Сбор данных
537001	Лучше подавать холодным
538001	Получение помощи
539001	Моонг, Великий и Ужасный
540001	Плащ и кинжал
541001	Уничтожение туванги
542001	Нашествие туванги
543001	Убить побольше туванги
570001	(Гильдия) Приказы о подавлении: Обитатели трясины
571001	(Гильдия) Приказы о подавлении: Лощина ветров
572001	(Гильдия) Приказы о подавлении: Саблезубы
573001	(Гильдия) Приказы о подавлении: Селение Туванги
601001	Экстренная поддержка
602001	Опора деванцев
603001	Переходя в наступление
604001	Из пасти Потомков
605001	Иные отдали все
606001	Честь и слава превыше всего
621001	Отнесите его Фурлану
622001	Руда? Да ну?
623001	Корм во имя спасения
624001	Овечье руно
625001	Смертельно опасное послание
626001	Упрямый старик
627001	Укрепление границ
628001	Нам нужна еда
629001	Солдат-одиночка
630001	Уничтожение крушителей черепов
631001	Защита еды
632001	Кровавое братство
633001	Безжалостное ополчение
635001	Защита ополчения
636001	Небольшая месть
637001	Подкрепление
638001	Время расплаты
639001	Победные новости
640001	Операция: ремонт обители
641001	Юстициары в обители
642001	Изменение их перспектив
643001	Зачистка места сбора
644001	Свинья горы
645001	Разбойники в руинах
670001	(Гильдия) Приказы о подавлении: Живодеры
671001	(Гильдия) Приказы о подавлении: Медведи
672001	(Гильдия) Приказы о подавлении: Аракия
681001	Приказы о подавлении: Аракия (ванарх)
705001	Загонщики кумасов
706001	Заговор культистов
707001	Отчет Маттина
721001	Не числом, а умением
724001	Прорыв фронта
730001	Размер не имеет значения
731001	Хлеб - всему голова
732001	Добей его
733001	Охотник становится добычей
734001	Я - ученый, а не солдат
735001	Немного диверсий
736001	Удар в больное место
737001	Разбей их!
738001	Благословение Кайи
739038	Вторжение через крышу.
770001	(Гильдия) Приказы о подавлении: Орканы Красного Клыка
771001	(Гильдия) Приказы о подавлении: Злобни
772001	(Гильдия) Приказы о подавлении: Кумасы
773001	(Гильдия) Приказы о подавлении: Стражи Потомков
774001	(Гильдия) Приказы о подавлении: Наемники колоссов
775001	(Гильдия) Приказы о подавлении: Баррак
781001	Приказы о подавлении: Баррак (ванарх)
781021	Герой решает разобраться со слугами Лакана.
801001	Местонахождение Ядра
804001	Вера Фраи
805001	Как брат
806001	Клянусь этим мечом
821001	Дорога в Голодные пещеры
822001	Золото в этих болотах
823001	Питомец гулов
824001	Проблема с кайманами
825001	Конец рабства
826001	Затягивание поясов
827001	Разведка глубин
828001	Суп из головы гула
829001	Драка на кухне
830001	Кобольды всех слушаются
831001	Интересный журнал
832001	Самый большой мясник
833001	Где же Рендия?
834001	Настоящая жестокость
835001	Горькое милосердие
836001	Наказание для носильщиков
837001	Утолитель боли
838001	Утешение для жертв
839001	Покажи свою работу
840001	Плач по павшим
841001	Невиданные приправы
870001	(Гильдия) Приказы о подавлении: Болото Вексатус
871001	(Гильдия) Приказы о подавлении: Казуурский синдикат
872001	(Гильдия) Очистка катакомб
880001	(Ванарх) Прорыв в глубины
901001	Предатель Федерации
902001	Предатели навсегда
903001	Старинная реликвия
904001	Падение изменника
921001	Крокутское одеяло
922001	Уничтожьте диких зверей
923001	Потерянные припасы из Велики
924001	Опасное гнездо
925001	Отчаянная борьба за выживание
926001	Созерцатель Тьмы
927001	Глаза во тьме
928001	Ешь поваров
929001	Лекарство от сумасшествия
930001	Не играйте с ножами
931001	Останки гула
932001	Гордость защитников
933001	Цена высокомерия
934001	Таинственное исчезновение
935001	Спасенное доказательство
936001	Лучшее предложение по... лечению зубов
937001	Обезглавливая кошмары
938001	Замкнутый круг
970001	(Гильдия) Лапы посреди боя
971001	(Гильдия) Вожделение и обман
972001	(Гильдия) Хаос и разрушение
973001	(Гильдия) Приказы о подавлении: Табрук
981001	Приказы о подавлении: Табрук (ванарх)
1021001	Отпуск на острове
1022001	Вскрывая раковины
1023001	Чересчур длинные зубы
1024001	Игра с панцирями
1025001	Нашествие миканаров
1026001	Проба состава
1027001	Обломки кораблекрушения... или мусор
1028001	На пляж!
1029001	Весы правосудия
1030001	Когти и польза
1031001	Контроль популяции
1032001	Мех для дам
1033001	Малагаш должен умереть
1034001	Нужно патрулировать
1035001	Почувствуй тиски
1036001	Единственная слабость
1037001	Я дровосек, и меня это устраивает
1038001	Проворная добыча
1039001	Эфра, как ее ни назови
1040001	Хладнокровные змеи
1041001	Взгляд через кристалл
1042001	Змеи в гробнице
1043001	Не бывает больших врагов...
1044001	Раскалывая ствол
1045001	Самородки, дарящие радость
1046001	Никто не спасется с этого острова
1047001	В память
1070001	(Гильдия) Звери Змеиного берега
1071001	(Гильдия) Выделка мяса начинается со снятия шкуры
1072001	(Гильдия) Приказы о подавлении: Звери Острова Серпентис
1073001	(Гильдия) Глава военачальников
1074001	(Гильдия) Глава хозяев когтя
1075001	(Гильдия) У нагов не лучшие времена
1076001	(Гильдия) Падение нагов
1077001	(Гильдия) Сражаясь с божественным
1080001	(Ванарх) Дух побережья
1081001	(Ванарх) Сражаясь с божественным
1121001	Данные обещания
1122001	Пираты на берегу
1123001	Полезный материал
1124001	Приказ пиратов
1125001	Панацея Келлонис
1126001	На передовой бастион
1127001	Сокровища пиратов
1128001	Обезвреживание взрывчатки
1129001	Ослепленные солнцем
1130001	Подземный склад
1131001	Я записываю
1132001	Уничтожение берсерков
1133001	Хорошие инструменты для работы
1134001	Свирепый боцман
1135001	Кто-то находит, кто-то теряет
1136001	Возвращение на землю
1137001	Сложные поиски
1138001	Бесценные дневники
1139001	Разведчики в деле
1140001	К командиру
1141001	Абордажников за борт
1142001	Осколки безумия
1143001	Классные кольца
1144001	Ужасный пират Орлесс
1145001	Истребление сопровождения
1170001	(Гильдия) Приказы о подавлении: Изрезанный берег
1171001	(Гильдия) Приказы о подавлении: Бойцы Пиратов Красной плети
1221001	Секретное распоряжение
1222001	Тест Диркена: Восстановление утерянного
1224001	Приказ Диркена: Надоедливые пираты
1225001	Игры с панцирем
1226001	Материнские слезы
1228001	Вступление в сборную
1229001	Безнадежность
1230001	Дорогой, значит, ценный
1231001	Контрабандная перевозка
1233001	Зачистка Безлюдного берега
1235001	Задание Мистмура
1236001	Раненый Зебулон
1237001	Приказы
1238001	Разведка Дождливого лагеря
1239001	Украденное оружие
1240001	Битва на берегу
1241001	Танцы с крабами
1242001	Спасение брата
1243001	Дождь не может идти вечно
1270001	(Гильдия) Приказы о подавлении: Затопленные верфи
1271001	(Гильдия) Приказы о подавлении: Север Острова Мистмур
1272001	(Гильдия) Приказы о подавлении: Мрачный берег
1273001	(Гильдия) Приказы о подавлении: Абраксис
1282001	Приказы о подавлении: Абраксис
1301001	Рассветные сумерки
1302001	Очередная передряга
1303001	Тайная жизнь деревьев
1304001	По кругу
1305001	Подсказка во тьме
1306001	Следы тьмы
1307001	Жизнь меча
1308001	Эссенция предчувствия
1309001	Ачарак атакует
1310001	Подсказка во тьме
1311001	Перемещение
1312001	Темный патруль
1313001	Прямо в пасть
1315001	Собирая фрагменты воедино
1316001	Темные откровения
1317001	Уход в закат
1318001	Звериная охота
1319001	Жители острова
1321001	Мост неподалеку
1322001	Беспорядки в лесу
1323001	Ответы на вопросы
1324001	Эссенция чувственности
1325001	Отличный удар
1326001	Оскверненная мана
1327001	Гарнизон в беде
1328001	Кража в научных целях
1329001	Делая все возможное
1330001	Рогатый ужас
1331001	А я осторожно
1332001	Они съедят что угодно
1333001	Дважды лает, дважды кусает
1334001	Изучение реликвий [Повторяемое]
1335001	Пропавший посыльный
1336001	Потерянный груз Хионе
1337001	Последнее
1338001	Доклад Хионе
1339001	Серсин нужны кандалы
1340001	Опасное знакомство с дисками
1341001	Наследие мертвых [Повторяемое]
1343001	Ответы приводят к новым вопросам
1344001	Разрушение разрушителей
1345001	Поиски Сорчи
1346001	Испытание безрассудной Сорчи
1347001	Этот камень пополз...
1348001	Свирепые цветущие монстры
1349001	Убей их всех
1350001	Загадочное влечение
1351001	Спрос и предложение
1352001	Спрос и предложение
1371001	Обучение воина
1372001	Обучение рыцаря
1373001	Обучение убийцы
1374001	Обучение берсерка
1375001	Обучение лучника
1376001	Обучение мага
1377001	Обучение жреца
1378001	Обучение мистика
1379001	Обучение инженера
1382001	Обретение силы
1383001	Обретение силы
1384001	Знакомство с гарнизоном
1385001	Амулет всегда со мной
1386001	Бомбы готовы!
1389001	Опустошение ящика Пандоры
1390001	Особое послание
1504001	Вторжение в особняк
1505001	Заслуженное
1506001	Повозки в круг!
1507001	Причина эпидемии
1508001	Дементалит
1509001	В тылу эпидемии
1510001	Кровь всегда подскажет
1511001	Страж особняка
1521001	Верь своим ушам
1522001	Кровавые монстры
1523001	Кровавая синхронность
1524001	Воздаяние
1525001	Мутирующее месиво
1526001	Разъяренные фимбрилиски
1527001	Остановка кровотечения
1528001	Время творить историю
1529001	Источая удачу
1530001	Клыки раздумий
1531001	Вариантов всегда несколько
1532001	Обувь, которой завидуют
1533001	Агрофобия
1534001	Принеси мне ягоды
1535001	Где твоя дубина, стоеросовый?
1536001	Нечего скрывать
1537001	Добрые дела на день
1540001	Первая глава сказки
1541001	Вторая глава сказки
1542001	Третья глава сказки
1543001	Кульминация сказки
1544001	Сказание о битве
1545001	Нашествие тыкв
1570001	Задания гильдии: Кровавые изверги
1571001	(Гильдия) Мутирующие рекруты
1572001	(Гильдия) Приказы о подавлении: Атроцитас
1581001	Приказы о подавлении: Атроцитас (ванарх)
1621001	След Джадана
1622001	Тревожные новости
1623001	Глава
1624001	Народное средство
1625001	Наемная помощь
1626001	Песнь мертвеца
1627001	Меньшее, что можно сделать
1628001	Анализ крови
1629001	Расчищая путь
1630001	Распускание сплетен
1631001	Внезапные изменения
1632001	Не надо меня проверять
1633001	Разросшиеся слухи
1634001	Камни, которые мы искали
1635001	Пока смерть не разлучит вас
1636001	Еще один шанс
1637001	Последнее прощание
1638001	Кровь и камни
1639001	Теряя силы
1640001	Красная тряпка для быка
1641001	Разведка
1642001	Это мелочи
1670001	(Гильдия) Обезвреживание вампиров
1721001	Деревенская жизнь
1722001	Переброска припасов
1723001	И кончилось терпение
1724001	Неприятные обязанности
1725001	Настоящий хищник
1726001	В бой!
1727001	Линии жизни
1728001	Ты мне кого-то напоминаешь
1729001	Другая сторона жизни
1730001	Празднество
1731001	А кто охраняет охранников?
1732001	Не делай важный вид
1733001	Сжечь перед прочтением
1734001	Серьезные заявления
1735001	Кровь за кровь
1736001	Затягиваем пояса
1737001	Как хранить секреты
1770001	(Гильдия) Небесное Падение
1771001	(Гильдия) Охота на боровов
1811901	Глубинный искатель
1821001	Ветер раздувает огонь
1822001	В поисках реликвий
1823001	Тень заклинания
1824001	Убить повелителя ужаса!
1825001	Свержение короля торговцев
1826001	В поисках Немы
1827001	Поймать и отрубить голову
1828001	Ядро мертвых
1829001	Доведение до ума
1830001	Неверное восприятие
1831001	Глава культа
1832001	Как надоесть друзьям и завести врагов
1833001	Древние фрагменты
1834001	Фрагменты в руинах
1835001	Последняя часть
1836001	Огромные проблемы
1837001	Культисты, повсюду культисты
1838001	Усидеть на двух стульях
1840001	[Подземелье] Крепость Тенебриса
1870001	(Гильдия) Уничтожение кулкари Пустынного огня
1871001	(Гильдия) Уничтожение Древних тералитов
1921001	Амбар Аруна
1922001	Бородавочники все крушат
1923001	Охота на гиен
1924001	Каменное сердце
1925001	Шкатулка в форме сердца
1926001	Строительство забора
1927001	Донесение о подавлении
1928001	Непоправимая ошибка
1929001	Подозрительная сцена
1930001	Братья Лока
1931001	Оружие Потомков Лока
1932001	Смерть Сидурека
1933001	Тайна Сидурека
1934001	Око за око
1970001	(Гильдия) Клыки долой
1971001	(Гильдия) Уничтожение големов
2001001	Откровение богини
2002001	Не то оружие мы искали
2003001	Все загадочней и загадочней
2021001	Новости от брата
2022001	Грибы во тьме
2023001	Инструменты невольников
2024001	Месторождения
2025001	Подбадриватели
2026001	Напоминание о пропавших
2027001	В поисках выживших
2028001	Старое оружие
2029001	Коллекция черепов
2030001	Спасение шахты
2031001	Обвал
2032001	Зачистка пути для каравана
2033001	Символические усилия
2034001	Отравляющие усилия
2035001	Тайное свидание
2036001	Мерцание сияющих камней
2037001	Прекращение поисков
2070001	(Гильдия) Приказы о подавлении: Рабовладельцы
2071001	(Гильдия) Приказы о подавлении: Скелеты
2072001	(Гильдия) Приказы о подавлении: Арахнены-кровавые когти
2122001	Наблюдение за передвижениями кулкари
2123001	Помощь в охоте за реликвиями
2124001	Зуб даст тебе свободу
2125001	Пустынные падальщики
2126001	Вода в пустыне
2127001	Священная статуя
2128001	Пропавший исследователь
2129001	Пылающая тропа
2130001	Посох пророка
2131001	Археология 101
2132001	Археология 102
2133001	Неудавшееся путешествие
2134001	Клад не найден
2136001	Парфюмер
2137001	Лечебные компоненты
2139001	Эфирные камни
2140001	Поиск разрешения
2141001	Угрожающий василиск
2142001	Глаз за глаз
2143001	Самый прочный в мире материал
2144001	Беззвучный крик
2145001	Яичное-отличное
2170001	(Гильдия) Приказы о подавлении: Скальные преследователи
2171001	(Гильдия) Приказы о подавлении: Агрессивные василиски
2172001	(Гильдия) Приказы о подавлении: Взгляд Смерти
2181001	Приказы о подавлении: Взгляд Смерти
2221001	Подкрепление Жуткой академии
2222001	Передача записок
2223001	Старость и предательство
2224001	Мрачная опека
2225001	Планы на каникулы
2226001	Путь к безумию
2227001	Спуск
2228001	Дела идут на лад
2229001	Высуньте голову
2230001	Удар по Госпоже
2231001	Любимчики учителя
2232001	По следам шутов
2233001	Как сбить спесь с аристократов
2234001	Игра теней
2235001	Дурной хаос
2236001	Лок сверху, Лок снизу
2237001	Враги в опасных местах
2238001	Страдание дураков
2240001	Поход в часовню
2250001	Пушки и сладости
2251001	Вышибала
2270001	(Гильдия) Приказы о подавлении: Старшие ученицы
2271001	Поставить их на место (гильдия)
2272001	(Гильдия) Приказы о подавлении: Предатели
2305001	История двух принцесс
2306001	Соперничество в семье
2307001	Владения ведьм
2308001	Способный ученик
2321001	Подкрепление
2322001	Дары природы
2323001	Легкость медвежьего бытия
2324001	Знаменитое вино
2325001	Мяуканье саблекошек
2326001	Мне казалось, ты выше
2327001	Прогулка под луной
2328001	Лишь ты предотвратишь лесные пожары
2329001	Мелкие ведьмы
2330001	Шуточки
2331001	Приказ о пересылке
2332001	На пепелище
2333001	Кто убивает наблюдателей
2334001	Сады камней
2335001	Культистам по газонам не ходить
2336001	Незваный... Совсем незваный
2337001	Борьба с аристократией
2370001	Рогатый урожай (гильдия)
2371001	(Гильдия) Приказы о подавлении: Огненные клыкари
2372001	(Гильдия) Приказы о подавлении: Трунус
2381001	Приказы о подавлении: Трунус
2421001	Пустынные крысы
2422001	Проклятая жажда
2423001	Тайные пружины
2424001	Отказ от расточительства
2425001	Вынужденный доброволец
2426001	Бич Песков
2427001	Древняя реликвия
2428001	Одна проблема, один солдат
2429001	Нарядные бусины
2430001	Темный кристалл
2431001	Авангард
2432001	Потерянный контакт
2433001	Война на истощение
2434001	Арена ужаса
2435001	Ветры войны
2436001	Демоны пляжных покрывал
2437001	Демоны крушат все вокруг
2438001	Поиск ракушек у моря
2439001	Стражи руин
2440001	Моя жизнь погублена
2441001	Защитник Источника
2470001	(Гильдия) Приказы о подавлении: Порождения Тулуфана
2471001	(Гильдия) Приказы о подавлении: Резвые штормовые ящеры
2472001	(Гильдия) Приказы о подавлении: Пустынные молниеносные кумасы
2473001	(Гильдия) Приказы о подавлении: Солракнус
2481001	Приказы о подавлении: Солракнус
2501001	Тайное должно оставаться тайным
2502001	Гонка в темноте
2503001	Мрачные сны
2505001	Страж Велики
2521001	Уничтожьте Беспощадных гиен.
2522001	Жутко кислые плоды
2523001	Оковы господства
2524001	Охота просто так
2525001	Доброй ночи, ужасные рыцари
2526001	Они не хотят умирать
2527001	Лучшая защита - это нападение
2528001	В собор
2529001	Всегда свежие новости
2530001	Упреждающий удар во имя победы
2531001	Крупный питомец
2532001	Прорыв защиты Потомков Лока
2533001	Описание злодеяний
2534001	Одержимые и воры
2535001	Тайный агент
2536001	На глубину
2537001	Темные делишки
2539001	Охота на Шурских воителей
2540001	Травля одержимых жрецов
2541001	Командир должен взять удар на себя
2548001	Неистовое рвение
2570001	(Гильдия) Приказы о подавлении: Передовой отряд культистов
2571001	(Гильдия) Приказы о подавлении: Солдаты-нежить
2572001	(Гильдия) Приказы о подавлении: Кафедральные культисты
2573001	(Гильдия) Приказы о подавлении: Культисты-жрецы
2670001	(Гильдия) Приказы о подавлении: Воскрешенные лесные существа
2671001	(Гильдия) Приказы о подавлении: Андрас
2681001	Приказы о подавлении: Андрас
2701001	Жемчужина пустыни
2702001	Прогнило насквозь
2770001	(Гильдия) Приказы о подавлении: Легион Брогара
2801001	Видение судьбы
2803001	Шакана не пугать
2870001	(Гильдия) Приказы о подавлении: Лесные существа
2871001	(Гильдия) Приказы о подавлении: Вонючие ориски
2872001	(Гильдия) Приказы о подавлении: Теркасия
2881001	Приказы о подавлении: Теркасия
2950001	Изобретение Гетти 
2970001	(Гильдия) Приказы о подавлении: Валканы-тяжеловесы
2971001	(Гильдия) Приказы о подавлении: Ананша
2981001	Приказы о подавлении: Ананша
3006001	Солнечный сад
3007001	Хранители солнца
3008001	Озеро Дзерены
3009001	Навстречу свету
3010001	Под присмотром Балдера
3021001	Арканет повержен
3022001	Вперед и вдаль
3023001	Защита вымирающих видов
3024001	Гроза трехпалых
3025001	Руби рубак
3026001	Целебный бальзам, снижающий жар
3027001	Молитва цветам
3028001	Ежедневная рутина
3029001	Источник проблем
3030001	Люксовый лосьон Лешоффа
3031001	Роскошный мех
3032001	Всегда помни, где твое полотенце
3033001	Связанный язык
3034001	Чистая доска
3035001	Перекладывание вины
3036001	Правильное управление
3037001	Разрушители развалин
3038001	Укрощение ленивцев
3039001	Для хорошего соседства нужны хорошие заборы
3040001	Мода на медведя
3041001	Пилигримы попо
3042001	Полезные когти
3043001	Пыльца на моих крыльях
3044001	Перо аркая
3045001	Вечный омлет
3046001	Текущие события
3047001	Да будет свет
3048001	Главная тайна Ошара
3049001	Битва с конкурентами
3050001	Записывая прошлое
3051001	Записывая будущее
3052001	Отчаянные мандрилы
3071001	(Гильдия) Приказы о подавлении: Ленивцы
3072001	(Гильдия) Приказы о подавлении: Мандрилы
3073001	(Гильдия) Приказы о подавлении: Аркаи
3081001	Приказы о подавлении: Ленивцы
3082001	Приказы о подавлении: Мандрилы
3083001	Приказы о подавлении: Аркаи
3091001	Смертоносный ленивец
3092001	Угроза мандрилов
3093001	Подарок аркаев
3101001	Предатель Акарума
3102001	Где Кайдун?
3103001	Освобождение Кайдуна
3121001	Ложка дегтя
3122001	Лучше поздно, чем никогда
3123001	Безопасность прежде всего
3124001	Дом, построенный Мансуром
3125001	Твердые решения
3126001	Желаете ознакомиться с винной картой?
3127001	Будь у меня молоток...
3128001	Утоление голода
3129001	Опасные тропы
3130001	Охота за ветром
3131001	Золотая монета моряка
3132001	Тайное сокровище гулов
3133001	Предводитель змей
3134001	Украденные записи
3135001	Пускай не меркнет свет
3136001	Живые горы
3137001	Безмолвные охотники
3138001	Гори, ведьма!
3139001	Колики
3140001	Брошенные во тьме
3141001	Свержение колосса
3170001	(Гильдия) Приказы о подавлении: Оссугоны
3171001	(Гильдия) Приказы о подавлении: Утонувшие гулы
3172001	(Гильдия) Приказы о подавлении: Ониксовые гидраты
3173001	(Гильдия) Приказы о подавлении: Маруташ
3174001	(Гильдия) Приказы о подавлении: Кестол
3180001	Приказы о подавлении: Наги-богатыри и Жнецы смерти
3181001	Приказы о подавлении: Маруташ
3182001	Приказы о подавлении: Кестол
3202001	Истина богини
3221001	Им не нужно столько мечей
3222001	Отмщение сердца
3223001	Было твоим, стало моим
3225001	Борьба со злобнями
3226001	Лучшая защита
3227001	Альтернативный подход
3228001	Война войной, а обед по расписанию
3229001	Мрачные жнецы
3230001	Проклятые стрелы
3231001	Уничтожение Бааларка
3233001	Сведения сиранцев
3234001	Лучше букета
3235001	Охота на ведьм
3236001	Беглые бойцы
3237001	Правая рука предателя
3238001	Разбор устройства
3239001	Вызывание затемнения
3270001	(Гильдия) Приказы о подавлении: Сиранские солдаты
3271001	(Гильдия) Приказы о подавлении: Сиранские защитники
3272001	(Гильдия) Приказы о подавлении: Ловчие Гильдии
3273001	(Гильдия) Приказы о подавлении: Сиранские маги
3291001	Захват возвышенности
3292001	Подавление повстанцев
3293001	Преследование преследователей
3294001	Победа над сиранами
3295001	Жетоны ведьм?
3298001	Акарум в опасности 1
3299001	Акарум в опасности 2
3321001	Подарок неумехи-фокусника
3322001	Обманутая душа
3323001	Откровенное издевательство
3324001	Клоуны и куклы
3325001	Маппет-шоу
3326001	Следуя голосам
3327001	Назидательная история
3328001	Наказание диском
3329001	Встреча с кровавыми стражами
3330001	Спуск вниз
3331001	Солдат повсюду оскорбляют
3332001	Цель: некроманты
3333001	Груз с плеч
3334001	Пока смерть не разлучит нас
3335001	Разрывание цепи
3336001	Запутанное укоренение
3337001	Месть пленника
3338001	Поручение о пощаде
3339001	Увидимся при падении
3370001	(Гильдия) Приказы о подавлении: Вампиры
3371001	(Гильдия) Приказы о подавлении: Кровавые стражи
3372001	(Гильдия) Приказы о подавлении: Гниющие
3380001	Приказы о подавлении: Инквизиторы
3421001	Джунайдарские хищники
3422001	Лучшие друзья эльфов
3423001	Не отпускай нож
3424001	Мрачные перспективы
3425001	Возвращение украденного
3426001	Помощь Морозному пределу
3427001	Та отвага, что в синем
3428001	Ни слякоть, ни снег, ни вендиго
3429001	Бремя лидерства
3430001	Вендиго? Кто куда пошел?
3431001	Красные осколки утра
3432001	Психология задиры
3433001	Вперед, за золотом!
3434001	Торчащий гвоздь
3435001	Снежные эльфы
3436001	Обряд перехода
3437001	Возможно, это великаны
3438001	Крушение Барабока
3439001	Барсикоры: злые или непонятые?
3440001	Каков отец, таков и сын
3441001	Неоценимая услуга
3442001	Сокращение числа хищников
3443001	Вставьте ногу, ждите охотника
3444001	Неуловимые осколки
3470001	(Гильдия) Приказы о подавлении: Териак
3471001	(Гильдия) Приказы о подавлении: Фрайгарас
3472001	(Гильдия) Приказы о подавлении: Сабранак
3481001	Приказы о подавлении: Териак
3482001	Приказы о подавлении: Фрайгарас
3483001	Приказы о подавлении: Сабранак
3521001	Узок круг смельчаков
3522001	Срыв плана Тулсы
3523001	Твое или мое?
3524001	На чаше весов
3525001	Город слишком тесен
3526001	Выживших прикончит Тулса
3527001	Бесконечная ярость
3528001	Поиски оружия
3529001	Монстры в скалах
3530001	Замаскируйся и отправляйся на поиски
3531001	Дозор
3532001	Покатятся головы
3533001	Несокрушимость
3534001	Ты станешь дантистом
3535001	Подари мне смертецветы
3536001	Защита Зазубренного хребта
3570001	(Гильдия) Приказы о подавлении: Хузрат Тиран
3571001	(Гильдия) Приказы о подавлении: Порождения Кроскурна
3572001	(Гильдия) Приказы о подавлении: Валканы-странники пустошей
3573001	(Гильдия) Приказы о подавлении: Легион Тулсы
3581001	Приказы о подавлении: Хузрат Тиран
3582001	Приказы о подавлении: Порождения Кроскурна
3583001	Приказы о подавлении: Валканы-странники пустошей
3584001	Приказы о подавлении: Легион Тулсы
3621001	В Тор-Эксул
3622001	Спрос без предложения
3623001	Сбор трофеев
3624001	Нападение на нападающих
3625001	Былая слава
3626001	Бес подобно
3627001	Прорыв блокады
3628001	Большая проблема
3629001	Невежда-чародей
3630001	Рогатая пустыня
3631001	Вера, надежда, страх
3632001	Кровавая смерть
3634001	Жетоны мертвых
3635001	Голодный, как волк
3636001	Армия с двусторонними топорами
3637001	Испытание тенебрара
3638001	Камень Киллиана
3639001	Приспешники шутов
3641001	Расцвет любви
3670001	(Гильдия) Приказы о подавлении: Келтузадские валканы
3671001	(Гильдия) Приказы о подавлении: Выжившие
3672001	(Гильдия) Приказы о подавлении: Арахнен-зверолов дола
3673001	(Гильдия) Приказы о подавлении: Магмары-тералиты
3681001	Приказы о подавлении: Келтузадские валканы
3682001	Приказы о подавлении: Выжившие
3683001	Приказы о подавлении: Арахнен-зверолов дола
3684001	Приказы о подавлении: Магмары-тералиты
3702001	Призрачная надежда
3704001	Заточенный бог
3705001	Испытание богов
3721001	В поисках адской гончей
3722001	Вопрос продовольствия
3723001	Доклад разведчика
3724001	Сумасшедшие союзники
3725001	Кровавые грибы
3726001	Смерть и тираки
3727001	Пути поставки припасов Киллиана
3728001	Трепка приспешников
3729001	Да начнется бой
3730001	Стаи аргонов
3731001	Стреляй первым и последним
3732001	Лидеры манаатолов
3733001	Как рождаются легенды
3734001	Жаати падет
3735001	Зловонный щит
3736001	Реликвии прионов
3737001	Проверка аргонов в склепе
3770001	(Гильдия) Приказы о подавлении: Прионы
3771001	(Гильдия) Приказы о подавлении: Войско Киллиана
3772001	(Гильдия) Приказы о подавлении: Аргоны
3780001	Приказы о подавлении: Прионы
3781001	Приказы о подавлении: Войско Киллиана
3782001	Приказы о подавлении: Аргоны
3821001	Снова за работу
3826001	Кто смеется последним?
3827001	Старая древесина
3828001	Глаза, полные огня
3829001	Гости на Огненном поле
3830001	Руки и аман
3831001	Все чудесатее и чудесатее
3832001	Серпом по серпу
3835001	Наследие великанов
3836001	Месть Джермира
3837001	Один отставший
3839001	Спящий великан
3840001	Подотчетные инструменты
3870001	(Гильдия) Приказы о подавлении: Никсаррас
3871001	(Гильдия) Приказы о подавлении: Враги в каньоне
3872001	(Гильдия) Приказы о подавлении: Прожорливый клыкарь
3874001	(Гильдия) Приказы о подавлении: Ущелье Фелдрин
3881001	Приказы о подавлении: Никсаррас 
3882001	Приказы о подавлении: Враги в каньоне
3883001	Приказы о подавлении: Прожорливый клыкарь
3885001	Приказы о подавлении: Ущелье Фелдрин
3901001	Под маской
3921001	Запутавшаяся сеть
3922001	Игра в скорлупки
3923001	К Неприветливой заставе
3924001	Опять панцири пауков
3925001	Истребление эксплуататоров
3926001	Останки
3927001	Сердце камня
3928001	Пропавший арахнолог
3929001	Без пощады
3930001	Рука помощи
3931001	В погоне за малигосом
3932001	Преданные слуги королевы
3933001	Клык жутеклыка
3934001	Тропы мертвых
3935001	Ужасная кара
3936001	Кто скрывается в центре паутины?
3937001	Охота на врентсуульцев
3938001	Дурная наука
3939001	Очаг заговора
3940001	Битва с Надсмотрщиками
3941001	Останки
3942001	Дети Арахны
3970001	(Гильдия) Приказы о подавлении: Оволиты
3971001	(Гильдия) Приказы о подавлении: Разорители
3972001	(Гильдия) Приказы о подавлении: Дулагорас
3980001	(Гильдия) Приказы о подавлении: Надсмотрщики-наездники когтя
3981001	Приказы о подавлении: Дулагорас
4001001	Ярость Фраи
4021001	Загрязнение
4022001	Неистовые миканары
4023001	Важная проблема
4024001	Свирепые звери
4025001	Надоедливые волки
4026001	Уничтожение похитителей
4027001	Не разлей водой
4028001	Подтверждение проступка
4029001	Незваные гости
4030001	Опасное помешательство
4031001	Необычный префект
4032001	На страже стражи
4033001	Нет худа без добра
4034001	Прионы-обвальщики
4035001	Прямо под носом
4036001	Насущная проблема
4037001	Постоянно подгоняемые
4038001	Отряд шахтеров
4039001	Мутирующие шахтеры
4040001	Не та трава
4042001	Труба зовет
4043001	Неугомонные шахтеры
4044001	Свинское дельце
4045001	Не плюй в колодец...
4046001	Лекарственные травы
4070001	(Гильдия) Приказы о подавлении: Безумные стражники
4080001	Приказы о подавлении: Крестаратские воители
4102001	Новая порода
4121001	Пропавший торговец
4122001	Охота начинается
4123001	Кровавые делишки
4124001	Злодеям просьба поднять руки
4125001	Хороший василиск - мертвый василиск
4126001	Символ мира
4127001	Облегчить страдания Сафна
4128001	Эффективное лекарство
4129001	Соринка в глазу
4130001	Мир ценой крови
4131001	Средство контроля
4132001	Уничтожить всех монстров
4133001	Атмосфера сотрудничества
4134001	Воины Черного Когтя
4135001	Коронация нового короля
4136001	Вражеские монстры
4137001	А вы любите полакомиться?
4138001	Красный цветок мужества
4151001	[Подземелье] Испытание омутом
4170001	(Гильдия) Приказы о подавлении: Бойцы и Налетчики Черного Когтя
4171001	(Гильдия) Приказы о подавлении: Алчные василиски
4172001	(Гильдия) Приказы о подавлении: Черные Когти
4180001	Приказы о подавлении: Ориски
4202001	Сокровища Дагона
4221001	Припасы для храма
4222001	Альянс Недоброжелательности
4223001	Расчистка дороги
4224001	Бешаранская помеха
4225001	Ядовитое противоядие
4226001	Оживляющий камень
4227001	Исцели их всех
4228001	В поисках Тилиана
4229001	Крылатые неприятности
4230001	Планы для клыков и чешуи
4231001	Осколки для щитов
4232001	Всегда под контролем
4233001	Кто это обронил?
4234001	Пугающее предложение
4235001	Устранение Траголета
4236001	Деловое предложение
4237001	Шепот возрождения
4238001	Важные цели
4239001	Крестовый поход против крестоносцев
4240001	Кампания меконари
4241001	Могли ли они его пробудить?
4242001	Поборник Дагона
4243001	Отл-яично
4244001	Таблички Дагона
4270001	(Гильдия) Приказы о подавлении: Выжившие на первом этаже
4271001	(Гильдия) Приказы о подавлении: Выжившие на втором этаже
4272001	Приказы о подавлении: Уцелевшие на втором этаже
4273001	Приказы о подавлении: Наги на третьем этаже
4280001	Приказы о подавлении: Уцелевшие на третьем этаже
4503001	Постройка Мистериума
4521001	Небольшая помощь
4522001	Полевые наблюдения
4523001	Собиратель рун
4524001	Подозрительные пилоны
4525001	Пора лопать пузыри
4526001	Еще пузыри
4527001	Стрельба с возвышенности
4528001	Начеку
4529001	Оно живое
4530001	Дружеская забота
4532001	Туванги в тумане
4533001	Небесные поля навсегда
4534001	Брошенные ценности
4535001	Крепость в горе
4536001	Туванги и жабы
4537001	Дикие и пушистые
4538001	Непрошеный гость
4571001	(Гильдия) Приказы о подавлении: Низшие аргоны
4572001	(Гильдия) Приказы о подавлении: Измененные аргонами
4573001	(Гильдия) Приказы о подавлении: Арьергард аргонов
4574001	(Гильдия) Приказы о подавлении: Небесные поля
4575001	(Гильдия) Приказы о подавлении: Драэлтерикс
4581001	Приказ захватить вход на мост
4582001	Приказы о подавлении: Измененные аргонами
4583001	Приказы о подавлении: Арьергард аргонов
4584001	Приказы о подавлении: Небесные поля
4585001	Приказ покорить Драэлтерикса
4601001	Три Башни
4602001	Единственный выживший
4621001	Загадочная башня
4622001	Странный голем
4623001	Странная фляга
4624001	Цветочный горшок с сюрпризом
4625001	Очищение разума аргонов
4626001	Разрушение шпиля
4627001	Технотаксидермия
4628001	Темные феи
4629001	В глубины башен
4630001	Мы прерываем эту программу
4631001	Невероятная эволюция
4632001	Энергичная эволюция
4633001	Таинственная машина
4634001	Даже кулкари могут хандрить
4635001	Шаманы должны исчезнуть
4671001	(Гильдия) Приказы о подавлении: Кулкари
4672001	(Гильдия) Приказы о подавлении: Сикандари
4673001	(Гильдия) Приказы о подавлении: Оссугоны
4681001	Приказы о подавлении: Кулкари
4682001	Приказы о подавлении: Сикандари
4683001	Приказы о подавлении: Оссугоны
4701001	Очистка Тиркая
4703001	Заброшенный лагерь Аргона
4721001	Появившиеся вновь
4722001	Нехватка припасов
4723001	Непредсказуемые
4724001	Канал поставок
4725001	Ядовитые грибы
4726001	Забота о саженцах
4729001	В приступе гнева
4731001	Шипи, кусай и ползи
4732001	Докучливые медведи
4733001	Разведка в лагере разведчиков
4734001	Копание в грязи
4735001	Ярость фей
4771001	Приказ покорить Белоснежный лес (Гильдия)
4772001	Приказ покорить Лес перемен (Гильдия)
4773001	Приказ покорить Гибельный рык (Гильдия)
4774001	Приказ покорить Лес рыка (Гильдия)
4781001	Приказ покорить Белоснежный лес
4782001	Приказ покорить Лес перемен
4783001	Приказ покорить Гибельный рык
4784001	Приказ покорить Лес рыка
4791001	Белоснежная угроза
4792001	Гулы и их дружки
4793001	Неприятности в Гибельном рыке
4794001	Пограничное правосудие
4801001	На поражение
4802001	Богиня войны
4803001	Гимн войны
4804001	Шрам войны
4821001	Тактическая ветчина
4823001	Странствия в аргонской стране чудес
4824001	Голодный, как Атакела
4825001	Жертвы войны
4826001	Осторожно, наука
4827001	Пора поквитаться
4828001	А ну отдай
4829001	Павший, но не забытый
4830001	От греха подальше
4831001	Отцовское наследство
4833001	Обменять: {@RawItem:206816}
4834001	Какая горячая
4835001	Частная собственность
4837001	Полет во враждебных небесах
4838001	Доступа нет
4839001	Выстрелы в голову
4840001	Острые крылья
4841001	Суровый урок
4842001	Основные цели
4843001	Тлеющие останки
4844001	Рожденный летать...
4845001	Голову на отсечение
4846001	Бой за падших
4847001	Мою домашку съел аргон
4848001	По рукам связанные
4849001	Укрощение аргонов
4871001	(Гильдия) Приказы о подавлении: Аргоны
4872001	(Гильдия) Приказы о подавлении: Гилгаши и акалаты
4873001	(Гильдия) Приказы о подавлении: Хурсарас
4881001	Приказы о подавлении: Аргоны
4882001	Приказы о подавлении: Гилгаши и акалаты
4883001	Приказы о подавлении: Хурсарас
4891001	Резня оптом
4892001	Размер не имеет значения
4901001	К Сердцу Тьмы
4902001	Шпиль Циазмов
4921001	Установка контакта
4922001	А теперь новости
4923001	Перейдем к новостям
4924001	Срочные новости
4925001	Все новости, которые можно напечатать
4929001	Завтрак безжалостных боевых машин
4930001	Вверх и вниз, туда-сюда
4931001	Изучить самородок маны
4932001	Необычайно жуткий, но совершенный
4933001	Наблюдение за птицами
4934001	Выразительный шум
4935001	Древо знаний
4936001	Спасение Касианского дерева
4937001	Продвинутое траволечение
4939001	День деревьев
4940001	Справочник. Автор: {@Creature:76#1011}
4941001	Записка, автор которой - {@Creature:76#1011}
4942001	Письмо, автор которого - {@Creature:76#1011}
4943001	Враг прямо у ворот
4944001	Внезапное нападение
4945001	Берегись
4946001	Десять негритят
4947001	Зачистка местности
4948001	Рубилово с рубаками
4949001	Сестры тьмы
4950001	Мастер Шпиля
4951001	Испытание искателя
4952001	Личная безопасность
4953001	Неприятности в шахте
4971001	(Гильдия) Приказы о подавлении: Аргоны
4972001	(Гильдия) Приказы о подавлении: Аргонские боевые машины
4973001	(Гильдия) Приказы о подавлении: Волсурус
4981001	Приказы о подавлении: Аргоны
4982001	Приказы о подавлении: Аргонские военные машины
4983001	Приказы о подавлении: Волсурус
4991001	Продвижение
4992001	Охота за крупной дичью
4993001	Невыносимые аргоны 1
4994001	Невыносимые аргоны 2
5001001	В поисках огня
5002001	Конец войны
5021001	Научные изыскания
5022001	Природа пробьет себе путь
5023001	Смерть Формователя
5024001	Вредительство... во благо
5025001	Кровавый урожай
5026001	Собрание собирателей
5027001	Суть дела
5028001	Убийство во имя науки
5029001	Путь смерти
5031001	{@Creature:76#1011} - донесение
5032001	{@Creature:76#1011} - последнее письмо
5033001	Раскрывая привратника
5034001	Закончи начатое
5035001	Проверка на храбрость
5036001	Выковано в огне, закалено добротой
5037001	Виридийские пещеры
5038001	Проблеск надежды
5039001	Потерянный странник
5071001	(Гильдия) Приказы о подавлении: Аргоны
5072001	(Гильдия) Приказы о подавлении: Аргонские гиганты
5073001	(Гильдия) Приказы о подавлении: Дишолок
5081001	Приказы о подавлении: Аргоны
5082001	Приказы о подавлении: Аргонские гиганты
5083001	Приказы о подавлении: Дишолок
5091001	Под давлением
5092001	Все проблемы по зубам
5121001	Как приятно владеть умами
5122001	Равный счет
5123001	Ты не уникальная красивая снежинка
5124001	Кристальная ясность
5125001	Появятся аргоны - выдави стекло
5126001	Взболтать и смешать
5127001	Своенравный зверолов
5128001	Охота на котиков
5129001	Меня кто-то подслушивает
5131001	Клыки за все
5132001	Выше крыши
5133001	Семья прежде всего
5134001	Ты здесь
5135001	Ледяным великанам тут не место
5136001	Правосудие неизбежно
5137001	Плохой выбор
5138001	Последний долг
5139001	Кушать подано
5140001	Выпивка на всех
5170001	(Гильдия) Приказы о подавлении: Линифи
5171001	(Гильдия) Приказы о подавлении: Вендиго
5172001	(Гильдия) Приказы о подавлении: Подчиненные звери
5173001	(Гильдия) Приказы о подавлении: Мстительные ледяные великаны
5181001	Приказы о подавлении: Линифи (ванарх)
5182001	Приказы о подавлении: Вендиго (ванарх)
5183001	Приказы о подавлении: Подчиненные звери (ванарх)
5184001	(Гильдия) Приказы о подавлении: Мстительные ледяные великаны
5201001	В топку
5202001	Лабиринт Ужаса
5203001	Материалы для чудес
5204001	Рок Тулсы
5205001	Предвестник истребления
5221001	Разобщенные солдаты
5222001	Дарекуур Дважды Обезглавленный
5223001	Остерегайтесь разведчиков
5224001	Против преторов
5225001	Федерация меха
5226001	Экстренные новости для Хабере
5227001	Штурм штурмующих
5228001	Ведьмина стужа
5229001	Вопли демона
5230001	Лекарство от смертельного яда
5231001	На Базу "Храбрость"
5232001	Уничтожить конную армию Тулсы
5233001	Вражеские припасы
5234001	Раскаленный горн
5235001	Страшная услуга
5236001	Некротехника в действии
5237001	Надвигается буря
5238001	Бессердечные твари
5239001	Смерть во благо
5240001	Захват горна
5241001	Закален в огне и крови
5242001	Усмирение Тарноса
5243001	Достойный
5244001	Подкрепление, если желаете
5245001	Освобождая наши земли
5250001	Алый пирит
5251001	Рога героев
5270001	(Гильдия) Приказы о подавлении: Проклятый Легион
5271001	(Гильдия) Приказы о подавлении: Нападающие на базу
5272001	(Гильдия) Приказы о подавлении: Войска Ворона
5273001	(Гильдия) Приказы о подавлении: Юнарас Зубастый
5280001	Приказы о подавлении: Проклятый Легион
5281001	Приказы о подавлении: Нападающие на базу
5282001	Приказы о подавлении: Захватчики Горна
5283001	Приказы о подавлении: Юнарас Зубастый
5421001	Все как у фей
5422001	Мрачное будущее
5423001	Кто-то в тумане
5424001	Семена надежды
5425001	Чуй нутром
5426001	Целебные кружева
5427001	Где же они сейчас?
5428001	Массовые эффекты
5429001	Покидая сад
5430001	Южное неудобство
5431001	Туманная перспектива
5432001	Спор за земли
5433001	О, где же вы, братья?
5434001	Непоколебимые кумасы
5435001	Лязг сабель
5436001	Чего хочет аргон
5437001	Заунывная песнь
5438001	Работа внутри
5439001	Феи хуже смерти
5440001	С особым отличием
5441001	Решение проблем Мистериума
5442001	Отстрел кулларов
5470001	(Гильдия) Приказы о подавлении: Зловредная зараза
5471001	(Гильдия) Приказы о подавлении: Существа Фейглена
5472001	(Гильдия) Приказы о подавлении: Драколот-янтарное сердце
5473001	(Гильдия) Приказы о подавлении: Прародительница
5480001	Приказы о подавлении: Зловредная зараза
5481001	Приказы о подавлении: Защита заставы
5482001	Приказы о подавлении: Драколот-янтарное сердце
5483001	Приказы о подавлении: Прародительница
5495001	Спаси Силивуд 1
5496001	Спаси Силивуд 2
5501001	Перчатка брошена
5502001	Неукротимость Духа
5521001	Маленькие победы, великая радость
5522001	Нужда в мясе
5524001	Первобытная ярость
5525001	Фея без причины
5526001	Любопытство саблезуба сгубило
5527001	Утолим их жажду
5528001	Неприятности с миканарами
5529001	Повадки ансили
5530001	Рука, что двигает пешки
5531001	Открой пасть и скажи "Му-у-у"
5532001	Предмет спора
5533001	Только для исследований
5534001	Не лезь в дела драколотов
5535001	Убийца ворон
5536001	Взъерошенные перья
5537001	Мольбы к предателям
5538001	Конец правления
5570001	(Гильдия) Приказы о подавлении: Джалмараки
5571001	(Гильдия) Приказы о подавлении: Лесные звери
5572001	(Гильдия) Приказы о подавлении: Обитатели Дрожащего леса
5573001	(Гильдия) Приказы о подавлении: Ориски
5574001	(Гильдия) Приказы о подавлении: Кшаранцы
5575001	(Гильдия) Приказы о подавлении: Малбинарские драколоты
5576001	(Гильдия) Приказы о подавлении: Меконари
5580001	Приказы о подавлении: Джалмараки
5581001	Приказы о подавлении: Лесные звери
5582001	Приказы о подавлении: Обитатели Дрожащего леса
5583001	Приказы о подавлении: Ориски
5584001	Приказы о подавлении: Кшаранцы
5585001	Приказы о подавлении: Малбинарские драколоты
5586001	Приказы о подавлении: Меконари
5601001	Утопить в крови
5602001	Напасть Сикандера
5621001	Рассеять тени
5622001	Близок локоть, а не укусишь
5623001	Выбирай врага по росту
5624001	Вдали от наших могил
5625001	Сеятель смерчей
5626001	Бремя командования
5627001	Мрачные вести
5628001	Посильная помощь посыльному
5629001	Пропала собака
5630001	Всепоглощающая тьма
5631001	Кровь за кровь
5632001	Убийство меконари
5633001	Бритва Киллиана
5634001	Важные персоны
5635001	Осквернение кровавого склепа
5636001	Кто еще, кроме тебя, мне угрожает?
5637001	Никогда
5640001	[Подземелье] Мастерская Леандра
5670001	(Гильдия) Приказы о подавлении: Осада
5671001	(Гильдия) Приказы о подавлении: Мятежные меконари
5672001	(Гильдия) Приказы о подавлении: Стражи алтаря
5673001	(Гильдия) Приказы о подавлении: Раэтиарк
5680001	Приказы о подавлении: Осада
5681001	Приказы о подавлении: Мятежные меконари
5682001	Приказы о подавлении: Стражи алтаря
5683001	Приказы о подавлении: Раэтиарк
5721001	Смена прилива
5722001	Покори это
5723001	Урок повиновения
5724001	Что сокрыто
5725001	Будь свободным или умри, сражаясь
5726001	Силы хаоса
5727001	Кровавая резня
5728001	Клювы ярости
5729001	Воители Сикандера
5730001	Нарушенный долг
5731001	Разбиватели клювов и отбиратели жизней
5732001	Чего стоит честь
5733001	Аргоны не знают чести
5734001	Изменить ход событий
5735001	Любой ребенок - наш
5736001	Для тех, кто любит потяжелее
5770001	(Гильдия) Приказы о подавлении: Бетсаэль
5771001	(Гильдия) Приказы о подавлении: Штормовые ящеры
5772001	(Гильдия) Приказы о подавлении: Атель-акаад
5773001	(Гильдия) Приказы о подавлении: Сикандари
5774001	Приказы о подавлении: Бойцы Киллиана
5781001	Приказы о подавлении: Бетсаэль
5782001	Приказы о подавлении: Штормовые ящеры
5783001	Приказы о подавлении: Атель-акаад
5784001	Приказы о подавлении: Сикандари
5785001	Приказы о подавлении: Бойцы Киллиана
6000001	[Важно] Страдающие жители
6001001	[Важно] Тайное оружие
6002001	[Важно] Попытка сбить
6050001	The Missing Ingredient
6099001	Зачаровательная история
6140001	[Подземелье] Святилище Бахаара
6301001	Кругом все кружится
6302001	Совместными усилиями
6304001	Для дуэлянтов
6305001	Вступая в строй
6306001	Школа Легиона
6307001	Для дуэлянтов
6321001	Помощь внутреннему фронту
6322001	Хваленые тюрбаны туванги
6323001	Вслед за командиром
6324001	В капюшоне
6325001	Коронное украшение
6326001	Почти как летчик
6327001	Треуголка для настоящего пирата
6328001	Праздничные шляпы
6329001	Для тех, кто хочет стать попори
6330001	Я и мои пташки
6331001	Шик, блеск, роскошь
6332001	Последний писк моды в Попории
6333001	Лучшие шляпы
6334001	Путь к сердцу леопарда
6335001	Как же их объездить?
6336001	Мяуканье кошки
6337001	Сонные котята
6338001	Кожаное седло
6339001	По седлам
6340001	[Событие] Победа на Стальной арене
6341001	[Событие] Победа в Твердыне корсаров
6342001	[Событие] Штурм Бастиона Лока
6343001	[Событие] Штурм Зловещего Особняка
6344001	[Событие] Штурм Убежища Культистов
6345001	[Событие] Штурм Гробницы Некроманта
6346001	[Событие] Штурм Золотого лабиринта
6347001	[Событие] Штурм Эбеновой Башни
6348001	[Событие] Штурм Лабиринта ужаса
6349001	[Событие] Штурм Небесного сада Салерона
6350001	[Событие] Штурм Логова Сараваша
6351001	[Событие] Штурм Обители Манайи
6352001	[Событие] Штурм Мясницких Катакомб
6353001	[Событие] Штурм Арсенала Сабекс
6354001	Пасхальная суета
6356001	Для заядлых дуэлянтов
6357001	По пони
6358001	Все о символах
6359001	Новая поддержка
6361001	Веридийская динамика
6364001	[Подземелье] Подозрительное землетрясение
6367001	Покупка хороших боеприпасов
6368001	Покупка отличных боеприпасов
6369001	Продолжение хранителя
6370001	Составление энциклопедии
6371001	Нержавеющие умения 1
6372001	Нержавеющие умения 2
6378001	Снежки мира
6381001	У нас есть технологии
6383001	Мастерская Сантии
6384001	Зачарование для чайников
6385001	Зачарование для чайников, часть 2
6395001	Снежки
7000041	Штурм Острова Мертвых
7000341	Захватите Остров Мертвых проклятого Бьюрндена
7205001	Путь надежды
7282001	Дам тебе золотой жетон
7290001	Вы еще не развлеклись?
7291001	Мы, идущие на бой, приветствуем тебя (Бой)
7292001	Кровь и песок (Бой)
7293001	Кровь героев (Бой)
7294001	Кровь и честь (Бой)
7295001	Пламя славы (Бой)
7296001	Пламя доблести (Бой)
7297001	Пламя чести (Бой)
7298001	Пламя победы (Бой)
7299001	Сея кровавые семена
8421001	Какая-то свинья
8422001	Добавить остроты
8491001	Пламя завоевания (Бой)
8492001	Пламя господства (Бой)
8493001	Рога битвы (Бой)
8494001	Рога триумфа (Бой)
8496001	[Арена] В Каньон Фрейвинд!
8701001	Неотложное действие
8702001	В поисках одобрения
8703001	Собирая осколки
8704001	Тайна красной печати
8705001	Сбор разведданных
8706001	Дорога в Пора-Элину
8707001	Сердце врага
8708001	Новый день, новые страдания
8709001	Боец Валькионской федерации
9999001	Недоступное задание
10001001	Ремесленный образ жизни
10002001	Оружие для новичков
10003001	Оттачивание мастерства
10004001	На грани
10005001	Тяжелый металл
10006001	Дело мастера боится
10007001	Ближе к делу
10008001	Копьеклепатель
10009001	Гордость и отвага
10010001	Оружие для обеих рук
10011001	Все дело в концентрации
10012001	Легкая походка
10013001	Пора сконцентрироваться
10014001	Прицельный огонь
10015001	Энергопередатчики
10016001	Переменная концентрация
10017001	Мощные жезлы
10018001	Жезл для защиты природы
10019001	Сосредоточиться на мастерстве
10020001	Пока крутятся диски...
10021001	Ковка основ
10022001	Одежда для всех
10023001	Отлив основ
10024001	Доспехи в массы
10025001	Слой за слоем
10026001	Металл для мастера
10027001	Познание металлов
10028001	Выкуй это
10029001	Творения искусства и войны
10030001	Броневая высота
10031001	В поисках шкуры
10032001	Защита для новичков
10033001	Негожая кожа
10034001	Прочные, но гибкие
10035001	Это меня не смущает
10036001	Мурашки по коже
10037001	Кожаное наследие
10038001	Проверено на практике, одобрено солдатами.
10039001	Творение мастера
10040001	Эльфийское изящество
10041001	Нити и иголки
10042001	Одежда для новичков
10043001	Пора одеваться
10044001	Пошив туник
10045001	Ткацкий труд
10046001	Достойное применение нитей
10047001	Добро пожаловать на потогонное производство
10048001	Под давлением
10049001	Создание мантии
10050001	Искусство создания мантий
10051001	Учимся делать своими руками
10052001	Сделать для себя
10053001	Исключительно на пробу
10054001	Понимание алхимии
10055001	Оно в воде
10056001	Дымящаяся вода
10057001	Лунная алхимия
10058001	Управление алхимией
10059001	Питание для солдат
10060001	Алхимическая пища
10061001	Становление мастера гравировок 2
10062001	Становление мастера гравировок 3
10063001	Становление мастера гравировок 4
10064001	Становление мастера гравировок 1
10101001	Снаряжение для рыцарей
10102001	Рыцари обеспечены снаряжением
10103001	Путь мечей
10104001	Следование пути меча
10105001	Изучение топоров
10106001	Создание топора
10107001	Искусство копья
10108001	Создание копья
10109001	Вооружение мистиков
10110001	Методика жезлопроизводства
10111001	Посохи для всех
10112001	Всем по посоху
10113001	Чертеж диска
10114001	Доставка дисков
10115001	Улучшенные жезлы
10116001	Искусные жезлы
10117001	Тяжелая наука
10118001	Доставка доспехов
10119001	Тяжелый металл
10120001	Мастерство подмастерья
10121001	Кованый дизайн
10122001	Доспехи для войны
10123001	Прочный наряд
10124001	Цельнометаллическое творение
10125001	Медвежьи потребности
10126001	Кожаные доспехи для офицеров
10127001	Искусство кожевника
10128001	Кожа лидеров
10129001	Полмира за кожу
10130001	Применение для кожи
10131001	Лучший кожаный доспех
10132001	Идеальная кожаная броня
10133001	Умелый безумный портной
10134001	Мантии для войск
10135001	Отличные тканые доспехи
10136001	В ткани с головы до пят
10137001	Украшенная одежда
10138001	Улучшенная ткань
10139001	Прочная одежда
10140001	Создание тканевых доспехов
10141001	Зов мастера
10142001	Мастерские мантии
10143001	Подготовка к алхимии
10144001	Разрешение на занятие алхимией
17201001	Спрос и предложение
17202001	Проверенный багаж
17203001	Хуже болезни...
17204001	Крейсер
17205001	Война войной, а кушать надо.
17206001	Развлечения в полете
17207001	Битва за "Бесстрашного"
17208001	Жесткая посадка
17209001	Авгуры и знаки
17210001	Пробы и ошибки
17211001	Долина гуванги
17212001	Дипломатические опасности
17213001	Страсть к механике
17214001	Не такой уж и большой побег
17216001	Новая угроза
17217001	Уверенная поддержка
17221001	[Подземелье] Лаборатория Сайрекса
17222001	[Подземелье] Ангар совершенного RK-9
18101001	Я приношу плохие вести
18102001	И как же это работает?
18103001	Лестница к мудрости
18104001	Сплошное разорение
18105001	Бедные заблудшие овечки
18106001	Непредвиденные последствия
18107001	Ритуал утешения
18108001	Не в здравом уме
18109001	Все относительно
18110001	Избежать и убежать
18111001	Мусор и сокровища
18112001	Лепестки Зо-Зо
18113001	Сужение поисков
18114001	Поиски истины
18115001	Момент истины
18116001	Тайна штормового барьера
18117001	Трагедия и триумф
18118001	Скоро война
18201001	Вторжение
18202001	Перехваченное сообщение
18203001	В поисках ответов
18204001	Ближе к истине
18205001	Счастливые талисманы
18206001	Странная наука
18207001	Надо продолжать
18208001	Минздрав не одобряет
18209001	Шаг вперед
18210001	Колыбель знаний
18211001	Нужно знать
18212001	Остался один должок
18213001	Чертежи Рикума
18214001	В поисках жабы
18299001	Hone your Talents
18301001	Устанавливая связи
18302001	Устрашающий нрав
18303001	Обучение берсерка: Карающий удар
18304001	Обучение берсерка: Подавление
18305001	Обучение берсерка: Контрудар топором
18306001	Тайный Господин
18310001	Штормовой барьер
18311001	Кузнец этого мира
18324001	Вызов на битву
18325001	[Событие] Штурм последнего уровня Шпиля страха
18326001	[Событие] Штурм Острова Мертвых (сложно)
18327001	[Событие] Штурм Острова Мертвых
18331001	[Событие] Штурм Убежища Акаши (соло)
18332001	[Событие] Штурм Золотого Лабиринта (соло)
18333001	[Событие] Штурм Абсцесса (сложно)(соло)
18335001	[Событие] Штурм Глубинныго Храма (сложно)
18336001	[Событие] Штурм Хроноплоскости
18337001	[Событие] Битва с рождественским кошмаром
18344001	Восстановление Каменной скрижали
18345001	Вызов на битву
18346001	Бесконечное дело
18347001	Таинственный флот
18348001	Вредоносный и несносный
18352001	[Валькирия] Поручение Омероса
18353001	Запылившаяся книга
18354001	Абсцесс
18355001	Доспехи Хранителя
18357001	Вызов на битву
18358001	Бесконечное дело
18360001	Внезапное нападение хищника
18366001	[Событие] Особое испытание защитника (бонус)
18372001	(Событие) Помощь Арборее 1
18373001	(Событие) Помощь Арборее 2
18374001	(Событие) Помощь Арборее 3
18375001	(Событие) Помощь Арборее 4
18376001	(Событие) Помощь Арборее 5
18377001	[Поле битвы] Путь демонстрации силы
18378001	[Поле битвы] На Подземную арену
18380001	[Событие] Сила пробуждения II
18381001	Catalyst of Ice
18382001	Catalyst of Fire
18383001	[Событие] Задание: снаряжение 418
18384001	[Событие] Задание: снаряжение 422
18385001	[Событие] Задание: снаряжение 428
18386001	[Событие] Задание: снаряжение 431
18387001	[Событие] Задание: снаряжение 432
18388001	[Событие] Задание: снаряжение 433
18389001	[Событие] Задание: снаряжение 435
18390001	[Событие] Задание: снаряжение 436
18391001	[Событие] Задание: снаряжение 437
18392001	[Событие] Задание: снаряжение 438
18393001	[Событие] Задание: снаряжение 439
19101001	Игра в догонялки
19102001	Часть - это часть
19103001	Тяжелая ноша
19104001	Дергая за ниточки
19105001	Раскрытие тайны
19106001	Закройте переднюю дверь
19107001	Отрываясь по полной
19108001	Удачного штурма замка
19109001	В крепость
19110001	Не расставайтесь
19111001	В поисках правосудия
19112001	Плата по счетам
21301001	Печальные вести
21302001	Подозрения Адрии
21303001	Воспоминания
21304001	Дерево Духов
21305001	Подозреваемый X
21306001	Неожиданная встреча
21307001	Горькая правда
21310001	Разрушенный сад
21311001	Разрушенный сад
21312001	Обнадеживающее открытие
41101001	Повелитель кузницы
41102001	В поисках сломанного
41103001	Другой кузнец
41104001	Уроки изготовления доспехов
41105001	Архикузнец
41106001	Из Разлома
41107001	Кузнец судьбы
41501001	На пляж!
41502001	На пляж!
41503001	На пляж!
41504001	На пляж!
41505001	На пляж!
41506001	На пляж!
41507001	На пляж!
41508001	На пляж!
41510001	Конец пролога
41511001	Конец пролога
41512001	Конец пролога
41513001	Конец пролога
41514001	Конец пролога
41515001	Конец пролога
41516001	Конец пролога
41517001	Конец пролога
42421001	Призыв Капримы
42491001	Устранение синдиката
42521001	Первое Испытание Балдера
42522001	Второе Испытание Балдера
42523001	Третье испытание Балдера
42524001	Последнее испытание Балдера
42571001	(Гильдия) Приказы о подавлении: Храм Балдера  - стражи
42581001	Приказы о подавлении: Храм Балдера - стражи
47121001	Исчезнувший дух
47122001	Бездушное тело
47123001	Укоренившаяся Вражда
47124001	Длительная вражда
47125001	Письмо для моей жены
47126001	Память для моей мамы
47127001	Путь смерти
47170001	(Гильдия) Приказы о подавлении: Кшаранские Солдаты
47171001	(Гильдия) Приказы о подавлении: Ведилит
47221001	Стенания Курака
47222001	Любимая еда Коника
47223001	Жадные глаза
47224001	Жертвы во имя Науки
47226001	Истории дедушки
47270001	(Гильдия) Приказы о подавлении: Гулы
47271001	(Гильдия) Приказы о подавлении: Кайманы
47272001	(Гильдия) Приказы о подавлении: Баракос
47280001	Приказы о подавлении: Развращенные создания
47281001	Приказы о подавлении: Баракос
47321001	Черные сердца
47322001	Служи мне и живи вечно
47323001	Пусть Кайа с ними разберется
47324001	Помощники аргонов
47325001	Прикрой капитанов
47326001	Кардинал Тулсы
47327001	Портрет
47371001	(Гильдия) Приказы о подавлении: Кровавый Легион
47380001	Приказы о подавлении: Войска нежити
47621001	Распределение смерти
47622001	Псы Киллиана
47623001	Оркестр Киллиана
47624001	Безумные шуты Киллиана
47625001	Охота на жуков
47626001	Аргоны в лабиринте
47627001	Стегатель
47628001	Я чувствую что-то
47629001	Тяжелая ноша
47670001	(Гильдия) Приказы о подавлении: Клоуны Киллиана
47671001	(Гильдия) Приказы о подавлении: Музыканты Киллиана
47680001	Приказы о подавлении: Клоуны Киллиана
47681001	Приказы о подавлении: Музыканты Киллиана
48121001	Испытание на смелость
48701001	Еще раз на штурм!
48721001	Жетон прибыли
48722001	В объединении есть свои минусы
48723001	Бесовские улыбки
48724001	Клыки, которые не кусают
48725001	Таинственная кожа
48727001	Таинственный проект
48728001	Зашифрованная книга
48770001	Приказы о подавлении: Деванские культисты
48821001	Плата за измену
48822001	Кровавый кашель
48823001	Прятки Потомков Лока
48824001	Новообращенные
48825001	Возвращение в Мир Грез
48826001	Сбор муки
48870001	(Гильдия) Приказы о подавлении: Дукалские солдаты
48871001	(Гильдия) Приказы о подавлении: Вампирская знать
48872001	(Гильдия) Приказы о подавлении: Малгариос
48921001	Порождения Тьмы
48922001	Великолепное качество
48923001	Книга Бездны
48924001	БЕСпроблемный случай
48925001	Видеть не хочется
48970001	(Гильдия) Приказы о подавлении: Порождения Тьмы
48971001	(Гильдия) Приказы о подавлении: Абисмальские порождения
48972001	(Гильдия) Приказы о подавлении: Баозурбас
49301001	Найти и уничтожить
49302001	Борьба с заразой
49370001	(Гильдия) Лекарство против чумы
50501001	[Пробуждение] Праздник Велики
50502001	[Пробуждение] Незванный гость
50511001	[Пробуждение] Время, пошедшее вспять
50512001	[Пробуждение] Причина трагедии
50525001	[Пробуждение] Предгорье
50526001	[Пробуждение] Граница мира
50527001	[Пробуждение] Сомнение
50528001	[Пробуждение] Безумие
50529001	[Пробуждение] Чувство вины
50530001	[Пробуждение] Полное пробуждение
50531001	[Пробуждение] Наедине с собой
50532001	[Пробуждение] Ничего не потеряли?
50533001	[Важно] Подношение богине
50534001	[Важно] Исчезновение распорядителя припасами
50535001	[Важно] Герой Колизея
50536001	[Важно] Уроки кулинарии Олибана — 1-й урок
50537001	[Важно] Уроки кулинарии Олибана — 2-й урок
50538001	[Важно] Уроки кулинарии Олибана — 3-й урок
50539001	[Важно] Управляющий в печали
50540001	[Важно] Отдыхать тоже надо!
50541001	[Важно] Легендарный фейерверк
50545001	[Важно] Добротная одежда барака
50546001	[Важно] Добротная одежда Стражей Верхнего Дозора
50547001	[Важно] Добротная одежда Стражей Южных ворот
50548001	[Важно] Призыв префекта
50601001	[Важно] Сон Велики
50602001	[Важно] Злодейства повстанцев
50603001	[Важно] Между падением и приземлением
51010001	Исследование странных симптомов
51011001	Помешать планам повстанцев
51012001	Проверка на правду
51020001	Поиск дочери
51021001	Восстановление Эссении
51022001	Эффект бабочек
51030001	В поисках щенка
51031001	Зелье воспоминаний
51032001	Призрак и кристалл
51040001	Украденные вещи в ящиках с хламом
51041001	Безопасность превыше всего! Защитим товарную повозку!
51042001	Цена реликвии Священной Империи
51050001	Проверьте, жив ли пропавший солдат
51051001	Доставка медикаментов для раненых солдат
51052001	Ремонт Осадного орудия
55001001	Задание для лучника ранга "Цыпленок"
55002001	Задание для лучника ранга "Воробей"
55003001	Задание для лучника ранга "Ворон"
55004001	Задание для лучника ранга "Филин"
55005001	Задание для лучника ранга "Коршун"
55007001	Первое испытание для воина стражи
55008001	Второе испытание для воина стражи
55011001	Пятое испытание для воина стражи
55016001	[Событие] Заключительное испытание крушителя
55017001	[Событие] Победа в Твердыне корсаров
55018001	[Событие] Победа в Каньоне Фрейвинд
55019001	(Событие) Помощь Арборее 1
55020001	(Событие) Помощь Арборее 2
55025001	Отправка на фронт I
55026001	Отправка на фронт II
55027001	Отправка на фронт III
55028001	Отправка на фронт IV
55029001	Отправка на фронт V
55030001	Отправка на фронт VI
55031001	Отправка на фронт VII
55032001	Отправка на фронт VIII
55033001	Прорыв фронта I
55034001	Прорыв фронта II
55035001	Прорыв фронта III
55036001	Прорыв фронта IV
55037001	Прорыв фронта V
55038001	Прорыв фронта VI
55039001	Прорыв фронта VII
55040001	Отправка на фронт I
55041001	Отправка на фронт II
55042001	Отправка на фронт III
55043001	Отправка на фронт IV
55044001	Отправка на фронт V
55045001	Отправка на фронт VI
55046001	Отправка на фронт VII
55047001	Отправка на фронт VIII
55048001	Прорыв фронта I
55049001	Прорыв фронта II
55050001	Прорыв фронта III
55051001	Прорыв фронта IV
55052001	Прорыв фронта V
55053001	Прорыв фронта VI
55054001	Прорыв фронта VII
59901001	Жизнь хранителя
59902001	Дети дерева Тиаран
59903001	Паразитирующий древень
59904001	Во имя ликвидации древней
59905001	Сок дерева Тиаран
59906001	Неизвестные захватчики
59907001	Жертвы войны
59908001	Следы аргонов
59909001	В погоне
59910001	Слезы дерева Тиаран
59911001	На континент
59912001	Доскональный обыск
60101001	Порка не прекратится, пока не будет повиновения
60102001	Закрыть колодец
60103001	Собака-скуляка
60104001	Упорядочение данных
60105001	Форма грядущего
60106001	Хорошая мина при плохой игре
60107001	Векторы исследования
60108001	Все во имя Науки
60109001	Сражение во имя науки
60110001	Любопытство помощника ученого сгубило
60111001	Инвалеско наносит ответный удар
60112001	Покупки в универмаге "Аргон"
60113001	Тяжелые металлы
60114001	Верните их живыми
60115001	Общинные мутантные сады
60116001	Плохие собачки
60117001	Благодарность Инвалеско
60118001	Призыв Инвалеско
60201001	Кошмар на улице моей
60202001	В хозяйстве все пригодится
60203001	Важные цели
60204001	Бой на пустой желудок
60205001	Значок чести
60206001	Сине-черные массы
60207001	Бей первым, бей сильнее
60208001	Потяни за язычок и откроется
60209001	В том тоннеле меня ненавидят
60210001	Туннельные крысы
60211001	Потоковый накопитель
60212001	Отключая питание
60213001	Одно кольцо, чтобы всех связать
60214001	Грибная токсикология
60215001	Воспитывая следующее поколение
60216001	Никаких боев на пустой желудок
60217001	От имени Шариара
60218001	Зов Шариара
60301001	Из кожи вон
60302001	Охота на вредителей
60303001	Следопыт
60304001	Аргонское сафари
60305001	Переменный ветер
60306001	Осторожная жертва
60307001	Разрешенный отстрел
60308001	Назад в приют
60309001	Валсекирские охотничьи рожки
60401001	Вверх по ручью
60402001	Идем, мистер Валькион
60403001	Пытаясь стать пастухом
60404001	Пугающие пугала
60405001	По газонам не ходить
60406001	Убийство деревьев во спасение
60407001	Первый шанс увидеть
60408001	Поклонение солнцу
60409001	Улыбка солнца
60410001	Генеральная уборка
60411001	Пора отдохнуть
60412001	Вас нет в моем списке
60413001	Зернохранилище
60414001	Бальзам Балдера
60415001	Освежающая передышка
60416001	Не время бездельничать
60417001	Идеальная пища от природы
60418001	Мирный победитель
60419001	Мирные воины
60501001	Всякая всячина
60502001	Хлопоты по хозяйству
60503001	Помощь помощнику
60504001	Получилось
60505001	Собирмейстер
60506001	Это все весело
60507001	Большие ожидания
60508001	Сегодня мы пьем
60509001	Всякие разности
60510001	Работа Таратии
60511001	Кожа да кости - и когти
60512001	Части тела, часть фу
60513001	Большой, плохой, злой
60514001	Время убивать
60515001	Охота за трофеями
60516001	Охота на врагов
60517001	Удачной охоты
60518001	Охотник на монстров
60519001	Все за одного, да?
60520001	День душевного здоровья
60521001	Царство ремесел
60522001	Никому не нравятся плохие услуги
60523001	Леди и джентльмены, Длань Велики
60524001	Просьба наемников
60528001	Загребущие руки
60601001	Части головоломки
60602001	Что для одного мусор, то для другого сокровища
60603001	Пугающая тишина
60604001	Что может пойти не так
60605001	Эхо в камнях
60606001	Технические страхи
60701001	С самого начала
60702001	Заимствуя книгу
60703001	Документ Чейза
60704001	Доставка документов
60705001	Неожиданная проверка
60706001	Механика магии
60707001	Неразбериха со Слиянием
60708001	Маленькая проблема
60709001	А вместо сердца...
60710001	Автоматическая доставка
60711001	Просчитай исход
60801001	Назад на пляж
60802001	Жажда прибыли
60803001	Исследование рынка
60804001	Сокращение расходов
60805001	Регулярная доставка
60806001	Срочная доставка
60807001	Человеческие ресурсы
60808001	Пропала посылка!
60809001	Намеки
60811001	Друг Семьи
60901001	Тренировка стража
61206001	Материалы для исследования
61207001	Тайна леса
61210001	Мудрость хранителя леса
61241001	Разнорабочий во временном изоляторе
61244001	Украденное лекарство
61263001	Ёкающий цветок
61264001	Зачарованный обед
61284001	Рыба в горах вкуснее всего
61301001	Доставка лекарства Коттри
61302001	Божественная сила
61303001	Минимальные меры
61304001	Другого выбора нет
61305001	Нужно возвращаться!
61308001	Дело повстанцев
61309001	Орудие природного гнева
61342001	Добыча материалов для исследования
61343001	Хобби Амелдас
61421001	Истребление
61422001	Зараженный монстр
61423001	Возвращайтесь в Эссению
61424001	Что-то из прошлого
61461001	Помеха для торговли
61462001	Драгоценность среди хлама!
61481001	Охотник на драконов
61482001	Исследовательское устройство Бердаша
61483001	Сбор образцов для исследования.
61501001	[Напарник] Яйцо духов
61630001	Поддержка Риверана
61631001	Поддержка Фарии
61632001	Просьба Пити
61633001	Стража Риверана
61634001	Мастер на все руки Риверана
61640001	Воин Риверана
61650001	Поддержка на передовой
61651001	Плата за измену
61652001	Доставка припасов с поверхности
61653001	Голодный Ахеф
61710001	Поддержка лагеря поискового отряда Эксодора
61711001	Изучение экосистемы Эксодора
61712001	Проверка качества воды
61713001	Защита границ
61730001	Клинок мести
61731001	Одновременная атака
61740001	Лекарство от Драгкамизации
61741001	Помеха
61742001	Прибраться вокруг
61743001	Все необходимое для выживания
61901001	[Рыбалка] Рыбалка! Тебе нравится ловить рыбу?
61902001	[Рыбалка] Вам нравятся рыбные блюда?
61903001	[Рыбалка] Рассказать, как заработать состояние?
61904001	[Рыбалка] Способ развития рыбака
61905001	[Рыбалка] Злой сосед
61906001	[Рыбалка] Охота на огромного сома
61907001	[Рыбалка] Запах рыбы в порту
61908001	[Рыбалка] Честь главы семьи
61909001	[Рыбалка] Соленый суп
61910001	[Рыбалка] Знания легенды
61911001	[Рыбалка] Спор с легендой
61912001	[Рыбалка] Деликатес для рыбака
61913001	[Рыбалка] Ужин рыбака
61914001	[Рыбалка] Осьминог и фея
70101001	[СОБЫТИЕ] Священная обязанность
70102001	[СОБЫТИЕ] На службе
70103001	[СОБЫТИЕ] Сохранить огонь
70104001	[СОБЫТИЕ] Прошу на холод
70105001	[Ежедневное] Борьба с ленивцем
70106001	[Ежедневное] Уборка мусора
70107001	[Ежедневное] Пыль не дремлет
70108001	[Ежедневное] Ледяная глазурь
70109001	[Ежедневное] Полет ракет
70111001	[СОБЫТИЕ] Карнавал хищников
70112001	[Ежедневное] Не в меню
70113001	[Ежедневное] Конец вечеринки
70114001	[Ежедневное] Вечеринка. Кончилась.
70115001	[СОБЫТИЕ] Пляжная жизнь
70116001	[СОБЫТИЕ] Хочу сыграть в игру
70117001	[Ежедневное] Береговая пушка
70118001	[Ежедневное] Разбей арбуз
70119001	[Ежедневное] Песчаный замок
70120001	[Ежедневное] Тревоги резчика
70121001	[Ежедневное] Пляжная красотища
70122001	[СОБЫТИЕ] Новое хобби Рамси
70201001	[Рутсток] Путь на ярмарку
70202001	[Рутсток] Назад к корням
70203001	[Рутсток] Работа над руководством фермера
70204001	[Рутсток] На ферме
70205001	[Рутсток - ежедневное] Доставка блюд
70206001	[Рутсток - ежедневное] Мощный удар
70207001	[Рутсток - ежедневное] Выпас овец
70208001	[Рутсток - ежедневное] Управляющий ранчо
70209001	[Рутсток - ежедневное] Скачки на свиньях
70211001	[Праздник Пруда] Жизнь в пруду
70212001	[Праздник Пруда] Феи все ближе
70213001	[Праздник Пруда] Лилии и барабаны
70214001	[Праздник Пруда] Прятки
70215001	[Праздник Пруда - ежедневное] Убить драконов
70216001	[Праздник Пруда - ежедневное] Барабанная дробь
70217001	[Праздник Пруда - ежедневное] Прекрасные цветы
70218001	[Праздник Пруда - ежедневное] Нет бою конца
70219001	[Рутсток] Особый ерш Вольноземья
70220001	[Рутсток: ежедневно] Особый ерш Вольноземья
71101001	Первозданное оружие.
80101001	Обследуйте Нексус: Грань Миров
80902001	Демокраксус должен умереть I
80903001	Демокраксус должен умереть II
80904001	Демокраксус должен умереть III
80905001	Демокраксус должен умереть IV
90101001	Жизнь пирата мне по душе
90102001	Герой Каньона Фрейвинд
90104001	Победа или смерть в снегах
90109001	Вперед к славе!
90110001	Жизнь пирата мне по душе
90112001	Привет, Миляга!
90113001	Быть лучшим
90116001	Здесь мы играем!
90117001	И снова в танке!
90118001	Здесь мы играем!
95002001	Печальные глаза дракона
99999001	Недоступное задание
102201001	Защита устройств
102202001	В поисках Нексуса
102221001	Загадочный Нексус
102222001	Загадочный Нексус
102223001	Загадочный Нексус
102224001	Загадочный Нексус
102225001	Загадочный Нексус
102226001	Загадочный Нексус
102227001	Загадочный Нексус
102228001	Загадочный Нексус
102229001	Загадочный Нексус
102230001	Загадочный Нексус
102231001	Загадочный Нексус
102232001	Загадочный Нексус
102233001	Загадочный Нексус
102234001	Загадочный Нексус
102235001	Загадочный Нексус
102236001	Загадочный Нексус
102237001	Загадочный Нексус
102238001	Загадочный Нексус
102239001	Загадочный Нексус
102240001	Загадочный Нексус
102241001	Загадочный Нексус
102242001	Загадочный Нексус
102243001	Загадочный Нексус
102244001	Загадочный Нексус
102301001	Карточный шулер
102302001	Карточный аферист
102303001	Карточный фокусник
102304001	Карточный плут
102305001	Карточный жулик
102306001	Карточный махинатор
118301001	Старая книга
118302001	[Валькирия] Новая история
200001001	[Важное] Путь в Эксодор
200002001	[Важное] Поиск Эксодора
200003001	[Важное] Спасение шахты
200020001	Исследования I
200021001	Исследования II
200022001	Исследования III
200101001	[Важное] Неожиданный помощник
200102001	[Важное] Сигнал о помощи
200103001	[Важное] Просьба Риверана
200120001	Забрать припасы
200121001	Доставка оружия
200122001	Начало возмездия
200201001	[Важное] Болотистая местность
200202001	[Важное] Важные вещи
200203001	[Важное] Преследование Эллеона
200220001	Ради изучения способов исцеления
200221001	Ингредиенты для лекарства
200222001	Уничтожьте терронов
200301001	[Важное] В Крепость Берарк
200302001	[Важное] К Машинному отделению
200303001	[Важное] Взрыв ядра
200304001	[Важное] Погребение
200305001	[Важное] Аванпост Эксодора
200320001	Плата за измену I
200321001	Плата за измену II
200322001	Внутренние маневры I
200323001	Внутренние маневры II
200324001	Внутренние маневры III
302301001	Вызов Ривенжа
302302001	Скрытый противник
302401001	Проникновение в Инкубатор Аргафа I
302402001	Проникновение в Инкубатор Аргафа II
302501001	Проникновение в Инкубатор Аргафа III
302502001	Проникновение в Инкубатор Аргафа IV
310101001	[Подземелье] Рождение бабочек
310102001	[Подземелье] Гнездо Паркин
700008001	Проникновение в Лабораторию Берна
700009001	Проникновение в Лабораторию Берна (сложно)
700010001	Штурм Убежища Дуриона
700013001	Подземелье испытаний - захват Убежища Акаши
700014001	Подземелье испытаний - захват Золотого Лабиринта
700019001	Штурм Замка Лилит
700023001	Штурм руин Абнукты
700024001	Убейте Кошмарную Абнукту
700027001	Защита входа в катакомбы Велики
700028001	Защита входа в разрушенные катакомбы Велики
700029001	Освобождение Святилища Велики
700030001	Освобождение разрушенного Святилища Велики
700035001	Налет на Лабораторию Сайрекса
700038001	Нападение на Алчное Ущелье
700040001	Штурм Ангара RK-9
700041001	Штурм Ангара совершенного RK-9
700042001	Штурм лагеря повстанцев
700044001	Штурм Омута Антароса
700045001	Штурм Омута Бездушного Антароса
700046001	Штурм крепости Тенебриса
700048001	Штурм мастерской Леандра
700049001	Штурм Заброшенной мастерской Леандра.
700050001	Всплеск ярости Бахаара
700051001	Подземелье испытаний - Захват Замка Лилит
700055001	Штурм Гнезда Паркин
700056001	Штурм Гнезда сверкающей Паркин
700057001	Зачистка Крепости Берарк
700108001	Лаборатория Берна
700109001	Проникновение в Лабораторию Берна (сложно)
700110001	Штурм Убежища Дуриона
700113001	Подземелье испытаний - захват Убежища Акаши
700114001	Подземелье испытаний - захват Золотого Лабиринта
700119001	Штурм Замка Лилит
700122001	 Нападение на крейсер "Стремление" (сложно)
700123001	Штурм руин Абнукты
700124001	Убейте Кошмарную Абнукту
700127001	Защита входа в катакомбы Велики
700128001	Защита входа в разрушенные катакомбы Велики
700129001	Освобождение Святилища Велики
700130001	Освобождение разрушенного Святилища Велики
700134001	Штурм Проклятого Острова Мертвых
700135001	Налет на Лабораторию Сайрекса
700138001	Нападение на Алчное Ущелье
700140001	Штурм Ангара RK-9
700141001	Штурм Ангара совершенного RK-9
700142001	Внедрение в лагерь повстанцев
700144001	Штурм Омута Антароса
700145001	Охота на Бездушного Антароса из Бездушного Омута.
700146001	Штурм крепости Тенебриса
700148001	Штурм мастерской Леандра.
700149001	Штурм Заброшенной мастерской Леандра.
700150001	Всплеск ярости Бахаара
700151001	Подземелье испытаний - Захват Замка Лилит
700153001	Штурм Омута Бездушного Антароса (7 чел.)
700155001	Штурм Гнезда Паркин
700156001	Штурм Гнезда сверкающей Паркин
700157001	Зачистка Крепости Берарк
800001001	 Штурм Бастиона Лока!
800002001	 Штурм Зловещего Особняка!
800003001	 Штурм Логова Сараваша
800004001	 Штурм Убежища Культистов!
800005001	 Штурм Гробницы Некроманта!
800006001	 Штурм Золотого Лабиринта!
800007001	Штурм Убежища Акаши!
800008001	 Штурм Небесного сада Салерона!
800009001	 Штурм Лабиринта Ужаса!
800010001	 Штурм Эбеновой Башни!
800012001	 Захватить Яну
800014001	 [Событие] Абсцесс
800015001	 [Событие] Событие в 4 годовщину Медетай!
800016001	 [Событие] Событие в 4 годовщину Медетай!
800017001	 [Событие] Событие в 4 годовщину Медетай!
800018001	 [Событие] Событие в 4 годовщину Медетай!
800030001	  Уничтожьте алчных василисков!
800031001	  Защита Фермы Годрика!
800033001	 Уничтожьте Наемников колоссов
800034001	  Убейте Фимбрилисков!
800035001	  Убейте Оволитов!
800036001	  Убейте Темных василисков!
800037001	  Убейте Колоссов Азарела!
800038001	  Убейте Затаившихся тералитов!
800039001	  Убейте Гладиаторов-великанов!
800040001	  Убейте Пустынных молниеносных кумасов!
800041001	  Убейте Терпеливых литикумасов!
800042001	  Убейте Ониксовых гидратов!
800043001	  Убейте Алчных василисков!
800044001	  Убейте Наг-военачальников!
800045001	  Убейте Наг-левиафанов!
800046001	  Уничтожьте Эбеновых фимбрилисков.
800047001	  Убейте Рыщущих в песках ящеров!
800050001	 Захватить Базу кумасов
800051001	 Захватить Базу кумасов
800052001	 Захватить Базу кумасов
800053001	 Захватить Базу кумасов
800054001	 Захватить Базу кумасов
800055001	 Захватить Базу кумасов
800056001	 Захватить Базу кумасов
800057001	 Захватить Базу кумасов
800058001	 Захватить Базу кумасов
800059001	 Месть за павших
800060001	 Имитируя жертву
800061001	 Охота на гризли
800062001	 Убейте аргономорфов!
800063001	 Зачистка Изломанной равнины
800064001	 Ослабление сил Лока
800065001	 Смерть пустоголовым!
800066001	 Уничтожение наемников
800067001	 Убейте Камара!
800068001	 Убейте Прион Ньялвар!
800069001	 Зачистка Магс-Тохорка
800070001	 Охота на норуков
800071001	 Оставшиеся Вендиго
800101001	 За мирный лес
800104001	 Появление Красного Клыка
800105001	 Обезумевшие звери
800106001	 Приказ о зачистке Долины Клыка
800107001	 Разведка в Темных рудниках
800108001	 Приказ о захвате острова Мистмур
800109001	 Разведка в лабиринте Азарела
800110001	 Проклятые души
800111001	 Угроза Пустынного огня
800112001	 Ловушка хитрецов
800113001	 Исследование Убежища Культистов
800114001	 Истребление Сиранарских силачей
800115001	 Уничтожение порождений Тулуфана
800116001	 Валкан-лесной странник
800117001	 Угроза, пришедшая с холодом
800118001	 Истребить наемников тьмы
800119001	 Истребите Кровавых стражей
800120001	 Истребить мутировавших жителей
800121001	 Нападение на Арахнейские пещеры
800122001	 Истребите разбойников в долине
800123001	 Исследовать Храм Дагона
800124001	 Успокоить пылающую ярость
800125001	 Ужасные каннибалы
800126001	 Нападение на Дрожащий лес
800127001	 Очищение Шепчущих лесов
800128001	 Истребить беглецов
800129001	 Исследование Склепа Рока
800130001	 Мир в Заснеженных равнинах
800131001	 Захват ущелья
800132001	 Очищение леса Тиркай
800133001	 Поддержка захвата долины
800134001	 Уничтожьте опытные образцы
800135001	 Уничтожение каласов
800136001	 Мир в Аргонии
800137001	 Убить шумных камнеклювов
800138001	 Убить деванских разбойников
800139001	 Возврат украденных сумок с деньгами
800140001	 Убить Взволнованных спороходов
800141001	 Истребить Павших защитников
800142001	 Нападение на штаб деванцев
800143001	 Истребить Потомков Лока
800144001	 Истребить Замшелых древней
810001001	 Штурм Бастиона Лока!
810002001	 Штурм Зловещего Особняка!
810003001	 Штурм Логова Сараваша
810004001	 Штурм Убежища Культистов!
810005001	 Штурм Гробницы Некроманта!
810006001	 Штурм Золотого Лабиринта!
810007001	Штурм Убежища Акаши!
810008001	 Штурм Небесного сада Салерона!
810009001	 Штурм Лабиринта Ужаса!
810010001	 Штурм Эбеновой Башни!
810012001	 Захватить Яну
810030001	  Уничтожьте алчных василисков!
810031001	  Защита Фермы Годрика!
810033001	 Уничтожьте Наемников колоссов
810034001	  Убейте Фимбрилисков!
810035001	  Убейте Оволитов!
810036001	  Убейте Темных василисков!
810037001	  Убейте Колоссов Азарела!
810038001	  Убейте Затаившихся тералитов!
810039001	  Убейте Гладиаторов-великанов!
810040001	  Убейте Пустынных молниеносных кумасов!
810041001	  Убейте Терпеливых литикумасов!
810042001	  Убейте Ониксовых гидратов!
810043001	  Убейте Алчных василисков!
810044001	  Убейте Наг-военачальников!
810045001	  Убейте Наг-левиафанов!
810046001	  Уничтожьте Эбеновых фимбрилисков.
810047001	  Убейте Рыщущих в песках ящеров!
810050001	 Захватить Базу кумасов
810051001	 Захватить Базу кумасов
810052001	 Захватить Базу кумасов
810053001	 Захватить Базу кумасов
810054001	 Захватить Базу кумасов
810055001	 Захватить Базу кумасов
810056001	 Захватить Базу кумасов
810057001	 Захватить Базу кумасов
810058001	 Захватить Базу кумасов
810059001	 Месть за павших
810060001	 Имитируя жертву
810061001	 Охота на гризли
810062001	 Убейте аргономорфов!
810063001	 Зачистка Изломанной равнины
810064001	 Ослабление сил Лока
810065001	 Смерть пустоголовым!
810066001	 Уничтожение наемников
810067001	 Убейте Камара!
810068001	 Убейте Прион Ньялвар!
810069001	 Зачистка Магс-Тохорка
810070001	 Охота на норуков
810071001	 Оставшиеся Вендиго
810101001	 За мирный лес
810104001	 Появление Красного Клыка
810105001	 Обезумевшие звери
810106001	 Приказ о зачистке Долины Клыка
810107001	 Разведка в Темных рудниках
810108001	 Приказ о захвате острова Мистмур
810109001	 Разведка в лабиринте Азарела
810110001	 Проклятые души
810111001	 Угроза Пустынного огня
810112001	 Ловушка хитрецов
810113001	 Исследование Убежища Культистов
810114001	 Истребление Сиранарских силачей
810115001	 Уничтожение порождений Тулуфана
810116001	 Валкан-лесной странник
810117001	 Угроза, пришедшая с холодом
810118001	 Истребить наемников тьмы
810119001	 Истребите Кровавых стражей
810120001	 Истребить мутировавших жителей
810121001	 Нападение на Арахнейские пещеры
810122001	 Истребите разбойников в долине
810123001	 Исследовать Храм Дагона
810124001	 Успокоить пылающую ярость
810125001	 Ужасные каннибалы
810126001	 Нападение на Дрожащий лес
810127001	 Очищение Шепчущих лесов
810128001	 Истребить беглецов
810129001	 Исследование Склепа Рока
810130001	 Мир в Заснеженных равнинах
810131001	 Захват ущелья
810132001	 Очищение леса Тиркай
810133001	 Поддержка захвата долины
810134001	 Уничтожьте опытные образцы
810135001	 Уничтожение каласов
810136001	 Мир в Аргонии
810137001	 Убить шумных камнеклювов
810138001	 Убить деванских разбойников
810139001	 Возврат украденных сумок с деньгами
810140001	 Убить Взволнованных спороходов
810141001	 Истребить Павших защитников
810142001	 Нападение на штаб деванцев
810143001	 Истребить Потомков Лока
810144001	 Истребить Замшелых древней
970010001	[Бойня] Победа в Битве на побережье
970011001	Захватить Базу кумасов
970012001	Все на бой снежками на Заснеженной равнине!
970110001	[Бойня] Победа в Битве на побережье
970111001	Захватить Базу кумасов
970112001	Все на бой снежками на Заснеженной равнине!
980051001	 Начнем стальную канонаду!
980052001	 Начнем стальную канонаду!
980053001	 Начнем стальную канонаду!
980054001	 Начнем стальную канонаду!
980055001	 Начнем стальную канонаду!
980056001	 Начнем стальную канонаду!
980057001	 Начнем стальную канонаду!
980058001	 Начнем стальную канонаду!
980059001	 Начнем стальную канонаду!
981051001	 Начнем стальную канонаду!
981052001	 Начнем стальную канонаду!
981053001	 Начнем стальную канонаду!
981054001	 Начнем стальную канонаду!
981055001	 Начнем стальную канонаду!
981056001	 Начнем стальную канонаду!
981057001	 Начнем стальную канонаду!
981058001	 Начнем стальную канонаду!
981059001	 Начнем стальную канонаду!
983001001	Победите в Небесном Колизее!
983002001	Победите в Небесном Колизее!
983101001	Восстановите воспоминания из Треллум-Консурго
983102001	Восстановите воспоминания из Треллум-Консурго
983201001	Нападение на Академию Петрэ!
983202001	Нападение на Академию Петрэ!
983302001	Выполните задания хранителя! [А]
983303001	Выполните задания хранителя! [В]
983304001	Выполните задания хранителя! [С]
983402001	Победитель воздушных заданий хранителя!
983501001	Люблю рыбалку!
999601001	 Убейте Окаянного василиска!
999602001	 Убейте Окаянного ориска!
999603001	 Убейте Окаянную арахнею!
999604001	 Убейте Окаянного связанного кровью тералита!
999605001	 Убейте Окаянного фимбирлиска!
999606001	 Убейте Окаянного обжигающего клыкаря!
999607001	 Убейте Окаянного нага!
999608001	 Убейте Окаянного стального гиганта!
999609001	 Убейте Ониксовых гидратов!
999610001	 Штурм Блаженного озера
999611001	 Штурм Эссенийского хребта
999612001	 Штурм Каньона Сиенна
999701001	 Убейте Окаянного василиска!
999702001	 Убейте Окаянного ориска!
999703001	 Убейте Окаянную арахнею!
999704001	 Убейте Окаянного связанного кровью тералита!
999705001	 Убейте Окаянного фимбирлиска!
999706001	 Убейте Окаянного обжигающего клыкаря!
999707001	 Убейте Окаянного нага!
999708001	 Убейте Окаянного стального гиганта!
999709001	 Убейте Ониксовых гидратов!
999710001	 Штурм Блаженного озера
999711001	 Штурм Эссенийского хребта
999712001	 Штурм Каньона Сиенна
999805001	 Приказ об уничтожении Шандры Манайи!
999809001	 Назад в подземелья
999811001	 Деревяхи!
999812001	 Мандрилы-мародеры
999813001	 Смерть в долине
999814001	 Спорная земля
999815001	 Охота на парфианцев
999816001	 Сердце "Бесстрашного"
999818001	 Очищение парфианцев 
999819001	 Яичница
999820001	 Медвежья услуга
999821001	 Озерные чудовища
999822001	 Тренировка экзорциста
999823001	 Проверка документов
999824001	 Известия об извести
999825001	 Горячие источники ночью
999826001	 Имперская путаница
999827001	 Костяные осколки
999828001	 Спрос и предложение
999829001	 Букашки-таракашки
999830001	 Наказание парфианцев
999831001	 Сплошное разорение
999832001	 Веселье в руинах
999833001	 Корни в алхимии
999834001	 Лишняя мелочь
999835001	 Реквием
999836001	 Крадущаяся черепаха, затаившаяся птица
999837001	 Все меняется
999838001	 Офицер
999840001	 Засада
999841001	 Сея разрушения
999842001	 Всех их соберем
999843001	 Черные хищники
999844001	 Не до смеха
999845001	 Знаки отличия
999846001	 Децимация демокронов
999847001	 Побежденная ярость
999848001	 Убийца группы 
999849001	 Тренировка экзорциста
999850001	 Время очищения
999851001	[Общее] Победа в Твердыне корсаров
999853001	[Бойня] - Победа в Каньоне Фрейвинд
999854001	[Общее] Победа на Небесной Арене
999855001	 Идеальная м-м-миссия
999856001	 Эфирные масла
999857001	 Дальнейшее наступление
999861001	 Демокраксус должен умереть!
999863001	Еще один раунд в бассейне
999865001	 Получение трофеев
999875001	 Истребление гуванги
999876001	 Наказание парфианцев
999877001	 Офицер
999878001	 Демокроны это болезнь
999879001	 Сердце "Бесстрашного"
999880001	 Известия об извести
999881001	 Корни в алхимии
999882001	 Реквием
999883001	 Всех их соберем
999884001	 Сбор ягод
999885001	 Дом из песка
999886001	 Дом из песка
999888001	 Нехватка каротели
999889001	 Штурм Каналов
999892001	 Угадай-ка, кто победит!
999897001	 Так не пойдет!
999898001	[Общее] Победа на Подземной Арене
999899001	 Захватить Базу кумасов
999903001	Приказы о подавлении: Мелдита
999904001	Приказ о подавлении: Страж Реликвии
999905001	 Приказ об уничтожении Шандры Манайи!
999909001	Запись в расхитители подземелий!
999911001	 Деревяхи!
999912001	 Мандрилы-мародеры
999913001	 Смерть в долине
999914001	 Спорная земля
999915001	 Охота на парфианцев
999916001	 Сердце "Бесстрашного"
999918001	 Очищение парфианцев 
999919001	 Яичница
999920001	 Медвежья услуга
999921001	 Озерные чудовища
999922001	 Тренировка экзорциста
999923001	 Проверка документов
999924001	 Известия об извести
999925001	 Горячие источники ночью
999926001	 Имперская путаница
999927001	 Костяные осколки
999928001	 Спрос и предложение
999929001	 Букашки-таракашки
999930001	 Наказание парфианцев
999931001	 Сплошное разорение
999932001	 Веселье в руинах
999933001	 Корни в алхимии
999934001	 Лишняя мелочь
999935001	 Реквием
999936001	 Крадущаяся черепаха, затаившаяся птица
999937001	 Все меняется
999938001	 Офицер
999940001	 Засада
999941001	 Сея разрушения
999942001	 Всех их соберем
999943001	 Черные хищники
999944001	 Не до смеха
999945001	 Знаки отличия
999946001	 Децимация демокронов
999947001	 Побежденная ярость
999948001	 Убийца группы 
999949001	 Тренировка экзорциста
999950001	 Время очищения
999951001	[Общее] Победа в Твердыне корсаров
999953001	[Бойня] - Победа в Каньоне Фрейвинд
999954001	[Общее] Победа на Небесной Арене
999955001	 Идеальная м-м-миссия
999956001	 Эфирные масла
999957001	 Дальнейшее наступление
999961001	 Демокраксус должен умереть!
999965001	 Получение трофеев
999975001	 Истребление гуванги
999976001	 Наказание парфианцев
999977001	 Офицер
999978001	 Демокроны это болезнь
999979001	 Сердце "Бесстрашного"
999980001	 Известия об извести
999981001	 Корни в алхимии
999982001	 Реквием
999983001	 Всех их соберем
999984001	 Сбор ягод
999985001	 Дом из песка
999986001	 Дом из песка
999988001	 Нехватка каротели
999989001	 Штурм Каналов
999990001	 Поиграем в снежки!
999992001	 Угадай-ка, кто победит!
999997001	 Так не пойдет!
999998001	[Общее] Победа на Подземной Арене
999999001	 Захватить Базу кумасов
