201001	Zwietracht im Feenwald
202001	Feen in der Klemme
203001	Düsterer Hunger
212001	[Event] Bonusprüfung der Arkaningenieurin
213001	[Event] Siegt in der Korsarenfestung
214001	[Event] Siegt im Canyon der Ehre
221001	Der Narr im Wald
222001	Das Soll erfüllen
223001	Ran an den Speck
224001	Gepökeltes Fleisch
225001	Der Weg zum Frieden
226001	Maons Besitz
227001	Schinken auf der Flucht
228001	Phonons feiner Flug
229001	Zahn um Zahn
230001	Der südliche Wald
231001	Zeigt her eure Mähnen
232001	Flügel pflücken
233001	Eine Prise Rache
234001	Die vermaledeite Brücke
235001	Viel Lärm um Pilze
236001	Unbekannte Bauteile
237001	Präventivschlag
238001	Großkatzenjagd
239001	Der Sturm ist vorübergezogen
240001	Gnade auf die brutale Art
241001	Eine Besorgung für Aron
242001	Der letzte Streit
243001	Gefährliche Jagd
244001	Abgesandte der Feen
270001	(Gilde) Missionsziel: Säbelzähne
271001	(Gilde) Missionsziel: Zentauren
272001	Rise of the Dead
273001	Secrets of Zuras
301001	Aufstand der Devaner
302001	Den Schleier lüften
303001	Das isolierte Dorf
304001	Findet den Hauptmann
305001	Zum Lager der Devanerbanditen
306001	Teuflische Zeremonie
322001	Das liebe Geld
323001	Truhen der Hoffnung
324001	Am seidenen Faden
325001	Begleitschutz
327001	Ein Hundeleben
328001	Die verehrten Toten
329001	Bedrohung durch die Devaner
330001	Auf der Spor
331001	Geistige Wissenschaft
333001	Licht in der Dunkelheit
334001	Das Wesentliche aus den Augen verlieren
335001	Kundschafter voraus
336001	Eintauchen in die akademische Welt
337001	Die elegante Waffe eines fortschrittlicheren Imperiums
338001	Ein Laden für alle Fälle
339001	Am äußersten Rande
340001	Endlich gute Nachrichten
341001	Ein paar Eier zerschlagen
342001	Flammende Augen
343001	Auf dem Holzweg
344001	Der Kampf um den Blutpfad
370001	(Gilde) Missionsziel: Devaner
371001	(Gilde) Missionsziel: Untote
372001	(Gilde) Missionsziel: Devanerverschwörer
373001	(Gilde) Missionsziel: Ghilliedhus
374001	(Gilde) Missionsziel: Lanok
381001	(Vanarchengilde) Missionsziel: Lanok
401001	Die Rettung des Kerns
403001	Brand-Magiestein
421001	Mitten ins Feuer
422001	Bezwungene Feinde
423001	Dem Albtraum ein Ende bereiten
424001	Den Weg räumen
425001	Zum Heulen
426001	Umkämpftes Gebiet
427001	Verfall der Dunklen Ritter
428001	Die Ehre der Toten
429001	Befehle für die Kühnen
430001	Die Reißer zähmen
431001	Warten bis der Hammer fällt
432001	Medizinische Eigenschaften
433001	Das Blatt wenden
434001	Die Schutzwälle verstärken
435001	Ein brennendes Geheimnis
436001	Wie ein Magnet
437001	Auf Tapferkeit und Ruhm
438001	Shurianische vorprogrammierte Katastrophe
439001	Macht keine Gefangenen
440001	Sic Semper Tyrak
441001	Überquert nicht die Ströme
443001	Essenz von Bahaar
444001	Brand-Magiestein
469018	Ihr habt Euch entschieden, gemeinsam mit Syona den Weg durch den Untergrund zu nehmen.
470001	(Gilde) Missionsziel: Eindringlinge
471001	(Gilde) Missionsziel: Reißzahnbrut und Schwefelige Groknar
472001	(Gilde) Missionsziel: Shurianische Allianz
473001	(Gilde) Missionsziel: Reißzahnbrut
474001	(Gilde) Missionsziel: Dunkle Jäger
475001	(Gilde) Missionsziel: Stürmischer Kanash
480001	(Vanarchengilde) Missionsziel: Dunkle Allianz
481001	(Vanarchengilde) Missionsziel: Stürmischer Kanash
521001	Bitte des Ausreißers
522001	Helft den Tuwangi
523001	Das Gutachten sagt ...
524001	Das Gutachten sagt immer noch ...
525001	Tuwan-wie?
526001	Verstehen hat seinen Preis
527001	Vermisster Händler
528001	Zutaten für das Gegengift
529001	Verlorenes Gepäck
530001	Des Kaisers neuer Hut
531001	Bei Lieferung Barzahlung
533001	Jirra retten
534001	Die wahre Bedrohung
535001	{@RawItem:206818}
536001	Daten sammeln
537001	Am besten kalt servieren
538001	Hilfeersuchen
539001	Moong, der Große und Schreckliche
540001	Mantel und Degen
541001	Nieder mit den Tuwangi
542001	Tuwangiterror
543001	Es gibt noch mehr Tuwangi zu töten
570001	(Gilde) Missionsziel: Morastbewohner
571001	(Gilde) Missionsziel: Baboksenke
572001	(Gilde) Missionsziel: Tintensäbelzähne
573001	(Gilde) Missionsziel: Tuwangiweiler
601001	Notfallunterstützung
602001	Die Macht hinter den Devanern
603001	In die Offensive gehen
604001	Die Nachkommen zu Wort kommen lassen
605001	Einige haben alles gegeben
606001	Für Heldenmut seine Grenzen überschreiten
621001	Bringt ihn zu Furlan.
622001	Erz, ohne Scherz?
623001	Füttert sie für unser Überleben.
624001	Lasst den Schafen den Vortritt!
625001	Lebensgefährliche Botschaft
626001	Störrischer alter Mann
627001	Die Zäune verstärken
628001	Wir brauchen Nahrung
629001	Ein einsamer Soldat
630001	Auslöschen der Schädelspalter
631001	Sicherung der Vorräte
632001	Blutige Kameradschaft
633001	Leichtsinnige Miliz
635001	Für die Sicherheit der Miliz sorgen
636001	Kleine Rache
637001	Verstärkung
638001	Zeit für Rache
639001	Siegesnachrichten
640001	Einsatz: Unterwerfung des Schreins
641001	Justikarinnen am Schrein
642001	Ihre Sichtweise ändern
643001	Den Sammelpunkt säubern
644001	Schwein auf dem Hügel
645001	Gesetzlose in den Ruinen
670001	(Gilde) Missionsziel: Darmschlitzer
671001	(Gilde) Missionsziel: Ausgehungerte Bären
672001	(Gilde) Missionsziel: Arakia
681001	(Vanarchengilde) Missionsziel: Arakia
705001	Schäbige Kumashirten
706001	Ein Geheimnis aufbauen
707001	Mattins Bericht
721001	Immer zahlenmäßig unterlegen; niemals vergessen
724001	Durchbrecht die Linien
730001	Keine Bagatelle
731001	Der Kopf der Meute
732001	Kraftvoll zubeißen
733001	Die Jäger werden zu Gejagten
734001	Blut der Blutwachen
735001	Ein kleines bisschen Sabotage
736001	Trefft sie, wo es schmerzt
737001	Macht sie nieder
738001	Segen von Kaia
739038	Ihr schleicht Euch über das Dach ein.
770001	(Gilde) Missionsziel: Rotreißerorkaner
771001	(Gilde) Missionsziel: Rotreißerwüter
772001	(Gilde) Missionsziel: Kumas
773001	(Gilde) Missionsziel: Die Wachen der Nachkommen Loks
774001	(Gilde) Missionsziel: Molochsöldner
775001	(Gilde) Missionsziel: Barraq
781001	(Vanarchengilde) Missionsziel: Barraq
781021	Es wurde entschieden, dass Lakans Diener direkt zu beseitigen.
801001	Wo ist der Kern?
804001	Frayas Vertrauen
805001	Wie ein Bruder zu mir
806001	Der lange Abschied
821001	Straße zu den Hungrigen Höhlen
822001	Gold in den Sümpfen dort
823001	Gulaschergen
824001	Das Kaimanproblem
825001	Das Ende der Sklavenhändler
826001	Die Geldbeutelschnüre durchschneiden
827001	Der Späher ganz unten
828001	Gulakopfsuppe
829001	Küchenschlacht
830001	Kobolde hören auf jeden
831001	Die Bücher frisieren
832001	Der größte Schlachter
833001	Wo ist Rendia?
834001	Grausamer geht's nicht
835001	Bittere Gunst
836001	Bestraft die Pförtner
837001	Schmerzmittel
838001	Beistand für die Opfer
839001	Zeigt Eure Arbeit
840001	Der Gefallenen gedenken
841001	Unerträglicher Gestank
870001	(Gilde) Missionsziel: Vexatussumpf
871001	(Gilde) Missionsziel: Kazuursyndikat
872001	(Gilde) Die Katakomben säubern
880001	(Vanarchengilde) Sturm auf die Tiefe
901001	Verräter von Valkyon
902001	Sic Semper Proditores
903001	Relikt einer längst vergangenen Zeit
904001	Niedergang des Verräters
921001	Crocutadecken für die Nacht
922001	Vernichtet die garstigen Bestien
923001	Fehlende Vorräte aus Velika
924001	Das gefährliche Nest
925001	Der verzweifelte Kampf ums Überleben
926001	Betrachter der Dunkelheit
927001	Augen in der Dunkelheit
928001	Die Köche kochen
929001	Den wirren Geist entwirren
930001	Messer, Feuer, Schere, Licht ...
931001	Gulareste
932001	Beschützerstolz
933001	Der Preis der Überheblichkeit
934001	Mysteriöses Verschwinden
935001	Verbleibende Beweise
936001	Der beste Angriff ist ... Zahnmedizin
937001	Einen Albtraum köpfen
938001	Der Kreis ist geschlossen
970001	(Gilde) Die Pfoten mitten im Kampf
971001	(Gilde) Begierde und Täuschung
972001	(Gilde) Chaos und Zerstörung
973001	(Gilde) Missionsziel: Tabruk
981001	(Vanarchengilde) Missionsziel: Tabruk
1021001	Inselferien
1022001	Die Schalen zerbrechen
1023001	Mit spitzen Zähnen
1024001	Die Haut abziehen
1025001	Immer Ärger mit den Mycanaren
1026001	Mission Make-up
1027001	Es ist Treibgut ... oder doch eher Treibschlecht?
1028001	Den Strand erreichen
1029001	Die Waagschale der Gerechtigkeit
1030001	Klauen und Wirkung
1031001	Populationskontrolle
1032001	Fell für die Damen
1033001	Malagash muss sterben
1034001	Sprung zum Ausblick
1035001	Kneifzange
1036001	Ihre einzige Rüstung
1037001	Ich bin ein Holzfäller und mir geht's gut
1038001	Flinke Beute
1039001	Was uns Aefra heißt ...
1040001	Kaltherzige Schlangen
1041001	Einsichten
1042001	Schlangen im Grabmal
1043001	Kein Feind zu groß
1044001	Das Problem an der Wurzel packen
1045001	Schimmernde Klumpen
1046001	Niemand verlässt die Insel
1047001	Zum Gedenken
1070001	(Gilde) Bestien am Strand der Boas
1071001	(Gilde) Schlachten beginnt mit Häuten
1072001	(Gilde) Missionsziel: Bestien der Insel Kerozen
1073001	(Gilde) Die Kampfmeister meistern
1074001	(Gilde) Die Klauenmeister meistern
1075001	(Gilde) Naga am Ende
1076001	(Gilde) Niedergang der Naga
1077001	(Gilde) Den Göttlichen herausfordern
1080001	(Vanarchengilde) Der Star der Küste
1081001	(Vanarchengilde) Den Göttlichen herausfordern
1121001	Gemachte Versprechen
1122001	Piraten am Ufer
1123001	Nützliches Material
1124001	Die Befehle der Piraten
1125001	Kellonis' Allheilmittel
1126001	Zur Vorbastion
1127001	Verborgener Piratenschatz
1128001	Bergt den Sprengstoff.
1129001	Starrende Augen
1130001	Salzwindaußenposten
1131001	Auf der schwarzen Liste
1132001	Schaltet die Berserker aus.
1133001	Das richtige Werkzeug für die Aufgabe
1134001	Der Brutale Bootsmann
1135001	Wer's findet, darf's behalten
1136001	Auf den Boden zurückkehren
1137001	Steinhart
1138001	Unbezahlbare Logbücher
1139001	Die Späher der Wache
1140001	Zum Kommandanten
1141001	Schlagt alle Enterer zurück
1142001	Fragmente des Wahnsinns
1143001	Klassenringe
1144001	Gefürchteter Kapitän der Rotpeitschenpiraten Orless
1145001	Beseitigt die Eskorten.
1170001	(Gilde) Missionsziel: Zerklüftete Küste
1171001	(Gilde) Missionsziel: Rotpeitschenpiratenstreiter
1221001	Geheime Anweisung
1222001	Dirkens Prüfung: findet die verlorene Ladung
1224001	Dirkens Ziel: lästige Piraten
1225001	Den Strand säubern
1226001	Tränen einer Mutter
1228001	Der Mannschaft beitreten
1229001	Die Unseriösen
1230001	Kostspielig kann auch verlustreich bedeuten
1231001	Schmuggelverkehr
1233001	Die Wüste Küste säubern
1235001	Mission auf der Nebelmoorinsel
1236001	Verwundeter Zebulon
1237001	Befehle ausführen
1238001	Die Regenkäfige auskundschaften
1239001	Gestohlene Waffen
1240001	Wracks am Strand
1241001	Der mit den Krebsen tanzt
1242001	Bitte rettet meinen Bruder
1243001	Es kann nicht jeden Tag regnen
1270001	(Gilde) Missionsziel: Versunkene Höfe
1271001	(Gilde) Missionsziel: Norden der Nebelmoorinsel
1272001	(Gilde) Missionsziel: Trostlose Küste
1273001	(Gilde) Missionsziel: Abraxis
1282001	Missionsziel: Abraxis
1301001	Zwielicht der Morgendämmerung
1302001	Schöne Bescherung
1303001	Das geheime Leben der Bäume
1304001	Die Runde machen
1305001	Nicht mehr im Dunkeln tappen
1306001	Spuren der Dunkelheit
1307001	Wer das Schwert ergreift
1308001	Essenzielle Vorahnung
1309001	Angriff auf Acharak
1310001	Nicht mehr im Dunkeln tappen
1311001	Neueinsatz
1312001	Die finstere Patrouille
1313001	In den Schlund
1315001	Die Teile zusammensetzen
1316001	Dunkle Enthüllungen
1317001	In den Sonnenuntergang davonreiten
1318001	Jagd auf die Bestien
1319001	Inselbewohner
1321001	Eine nahe Brücke
1322001	Gewalt im Wald
1323001	Antworten erhalten
1324001	Essenz und Verstand
1325001	Der perfekte Schnitt
1326001	Mana aus Morast
1327001	Garnison in Not
1328001	Gestohlene Ausrüstung
1329001	Drunter und drüber
1330001	Gehörnter Horror
1331001	Langsam hocharbeiten
1332001	Allesfresser
1333001	Doppeltes Bellen, doppelt Reißzähne
1334001	Erforschung der Relikte <Wiederholbar>
1335001	"Einer unserer Kuriere wird vermisst."
1336001	Chiones fehlende Fracht
1337001	Der Letzte
1338001	Chiones Bericht
1339001	Sersine sucht Fesseln
1340001	Schmähende Mäher
1341001	Das Vermächtnis der Toten <Wiederholbar>
1343001	Antworten werfen weitere Fragen auf
1344001	Vernichtet alle Vernichter
1345001	Sorcha ... verzweifelt gesucht
1346001	Sorchas riskantes Vorhaben
1347001	Es war ein Felsen...kletterer
1348001	Brutale blühende Banditen
1349001	Alle müssen dran glauben
1350001	Seltsame Anziehungskraft
1351001	Angebot und Nachfrage
1352001	Angebot und Nachfrage
1371001	Grundausbildung für Krieger
1372001	Grundausbildung für Lanzer
1373001	Grundausbildung für Zerstörer
1374001	Grundausbildung für Berserker
1375001	Grundausbildung für Bogenschützen
1376001	Grundausbildung für Zauberer
1377001	Grundausbildung für Priester
1378001	Grundausbildung für Mystiker
1379001	Grundausbildung für Arkaningenieurinnen
1382001	An Stärke gewinnen
1383001	An Stärke gewinnen
1384001	Die Garnison kennenlernen
1385001	Immer auf Talismane aus
1386001	Feuer frei
1389001	Das Öffnen der Kiste des Übermuts
1390001	Sonderzustellung
1504001	Sturm auf das Anwesen
1505001	Entehrt, wem Ehre gebührt
1506001	Die Wagen umkreisen
1507001	Den Ursprung der Infektionskrankheit finden
1508001	Wut-Magiestein
1509001	Nach der Seuche
1510001	Am Blut sollt Ihr sie erkennen
1511001	Wachmann des Anwesens
1521001	Folgt Euren Ohren
1522001	Lästige Landplage
1523001	Rot wie Blut
1524001	Sucht Vergeltung
1525001	Mutantenmatsche
1526001	Fuchtige Fimbrilisken
1527001	Die Blutung stillen
1528001	Geschichte ist Jetzt
1529001	Verbreitet das Glück
1530001	Zahnzwickmühle
1531001	Neun Leben, neun Felle
1532001	Blanke Stiefel für blanken Neid
1533001	Agrarphobie
1534001	Toruanbeeren
1535001	Was ist mit Euch?
1536001	Nichts zu vergraben
1537001	Gute Taten des Tages
1540001	First chapter of tale
1541001	Second chapter of tale
1542001	Third chapter of tale
1543001	Culmination of the tale
1544001	The story of the battle
1545001	Invasion of pumpkins
1570001	(Gilde) Missionsziel: Blutunholde
1571001	(Gilde) Mutierte Rekruten
1572001	(Gilde) Missionsziel: Atrocitas
1581001	(Vanarchengilde) Missionsziel: Atrocitas
1621001	Jadan aufspüren
1622001	Beunruhigende Neuigkeiten
1623001	Anführerin
1624001	Ein Volksheilmittel
1625001	Gedungene Hilfe
1626001	Sohn eines toten Mannes
1627001	Das Mindeste, das Ihr tun könnt
1628001	Bluttests
1629001	Einen Weg bereiten
1630001	Verbreitet die Neuigkeiten.
1631001	Plötzliche Veränderungen
1632001	Noch mehr Proben
1633001	Wilde Gerüchte
1634001	Nach diesen Steinen sucht Ihr
1635001	Bis der Tod dich scheidet
1636001	Die letzte Chance
1637001	Endgültiger Abschied
1638001	Blut und Härte
1639001	Nieder mit den Mächten
1640001	Rot sehen
1641001	Ausspähen
1642001	Es sind die kleinen Dinge
1670001	(Gilde) Den Vampiren die Reißzähne ziehen
1721001	Mörderisch schönes Land
1722001	Versorgung aus der Luft
1723001	Pflugscharen sind ausgegangen
1724001	Geschmacklose Pflicht
1725001	Natürliche Feinde
1726001	Schließt Euch dem Kampf an
1727001	Rettungsleinen
1728001	Bekanntes Gesicht
1729001	Wie die andere Hälfte lebt
1730001	Halli Galli
1731001	Wer bewacht ...
1732001	Versucht nicht wichtig auszusehen
1733001	Vor dem Lesen verbrennen
1734001	Ernste Anschuldigungen
1735001	Blut für Blut
1736001	Den Gürtel enger schnallen
1737001	Wie man ein Geheimnis bewahrt
1770001	(Gilde) Himmelsfall
1771001	(Gilde) Warzenschweinjagd
1811901	Diver
1821001	Aufstand des Wüstenfeuerstamms
1822001	Relikte erforschen
1823001	Missratener Zauberspruch
1824001	Vernichtet den Anführer der Angst, vernichtet die Welt.
1825001	König der Händler entthront
1826001	Findet Nema
1827001	Aufholen und den Kopf verlieren
1828001	Kern der Toten
1829001	Lückenbüßer
1830001	Täuschung
1831001	Anführer des Kults
1832001	Wie man Freunde ärgert und Menschen in Gefahr bringt
1833001	Zeitfragmente
1834001	Fragmentarisch
1835001	Das letzte Teil
1836001	Riesenprobleme
1837001	Kultisten, überall Kultisten
1838001	Unter zwei Chefs
1840001	[Dungeon] Tenebrisfestung
1870001	(Gilde) Vernichtet Angehörige des Wüstenfeuerstamms
1871001	Die Uralten Teralithen vernichten
1921001	Die Kornkammer von Arun
1922001	Warzenschweine ruinieren alles
1923001	Kriegshyänenjagd
1924001	Dieses steinerne Herz
1925001	Herzförmige Kiste
1926001	Die Zäune errichten
1927001	Zerschlagungsbericht
1928001	Nicht wiedergutzumachender Fehler
1929001	Verdächtige Szene
1930001	Brüder Loks
1931001	Waffen der Nachkommen Loks
1932001	Vernichtet Sidurek!
1933001	Sidureks Geheimnis
1934001	Wie Ihr mir, so ich Euch
1970001	(Gilde) Viel zu reißen
1971001	(Gilde) Zerstörung der Golems
2001001	Offenbarung der Göttin
2002001	Das sind nicht die von uns gesuchten Waffen
2003001	Das Geheimnis wird immer undurchsichtiger
2021001	Neuigkeiten von meinem Bruder
2022001	Pilze in der Dunkelheit
2023001	Die Werkzeuge der Sklaverei
2024001	Thermionik
2025001	Moralverbesserer
2026001	Erinnerungsstücke
2027001	Suche nach Überlebenden
2028001	Alte Waffe
2029001	Schädelsammlung
2030001	Rettung aus der Mine
2031001	Höhlenauftrag
2032001	Die Nachschubroute freimachen
2033001	Marken im Schatten
2034001	Gift und Galle
2035001	Geheimzusammenkunft
2036001	Leuchte, kleiner Leuchtstein
2037001	Die Forschung zum Erliegen bringen
2070001	(Gilde) Missionsziel: Sklavenhändler
2071001	(Gilde) Missionsziel: Ossugonische Skelette
2072001	(Gilde) Missionsziel: Blutklauenarachnen
2122001	Die Bewegungen der Darmschlitzer verfolgen
2123001	Helft der Reliktexpedition.
2124001	Der Zahn wird Euch befreien
2125001	Wüstenaasfresser
2126001	Wasser in der Wüste
2127001	Heilige Statue
2128001	Verirrter Forscher
2129001	Flammende Spur
2130001	Prophetenstab
2131001	Archäologie 101
2132001	Archäologie 102
2133001	Eine verdorbene Reise
2134001	Nicht gefundene Schätze
2136001	Eau mein Gott
2137001	Medizinische Zutaten
2139001	Ölsteine
2140001	Um Erlaubnis bitten
2141001	Basiliskenaugen
2142001	Au...ge um Auge
2143001	Das stärkste Material der Welt
2144001	Der stumme Schrei
2145001	Ei-nsame Spitze
2170001	(Gilde) Missionsziel: Gipfelpirscher
2171001	(Gilde) Missionsziel: Wilde Dämmerbasilisken
2172001	(Gilde) Missionsziel: Todesstarren
2181001	Missionsziel: Todesstarren
2221001	Verstärkung für die Eldritchakademie
2222001	Flüchtige Notizen
2223001	Alter und Verrat
2224001	Düstere Anleitung
2225001	Ferienpläne
2226001	Der Wahnsinn hat Methode
2227001	Abwärts
2228001	Aufwärts
2229001	Die Rektorin ausschalten
2230001	Blutige Puppen
2231001	Lieblingsschüler
2232001	Immer auf die Jongleure
2233001	Ein Rüffel für die Aristokraten
2234001	Schattenspiele
2235001	Chaos ist unschön
2236001	Lok hier, Lok da
2237001	Tief gesunkene Feinde
2238001	Leid der Narren
2240001	Unterwegs zur Kapelle
2250001	Süßes sonst gibt's Saures
2251001	Türsteher{@g:/in}
2270001	(Gilde) Missionsziel: Oberlehrlinge
2271001	(Gilde) In die Schranken weisen
2272001	(Gilde) Missionsziel: Verräter
2305001	Jede Medaille hat zwei Seiten
2306001	Geschwisterrivalität
2307001	Die Domäne der Hexen
2308001	Der altkluge Lehrling
2321001	Unterstützung
2322001	Vom Land leben
2323001	Unent-bär-lich
2324001	Der gute Wein
2325001	Das Miau der Säbelkatze
2326001	Ich dachte, Ihr wärt größer
2327001	Ein Mondspaziergang
2328001	Verhinderung von Waldbränden
2329001	Diese kleinen Hexen
2330001	Die reinste Narretei
2331001	Versetzungsbefehle
2332001	Einfach ätzend
2333001	Wer tötet die Wachen?
2334001	Steingärten
2335001	Kultisten und Hunde runter vom Rasen
2336001	Nicht eingeladen ... mit extremen Vorurteilen
2337001	Die Aristokratie soll bluten
2370001	(Gilde) Norukjagd
2371001	(Gilde) Missionsziel: Schmelzreißzahnbrut
2372001	(Gilde) Missionsziel: Trunus
2381001	Missionsziel: Trunus
2421001	Wüstenratten
2422001	Elender Durst
2423001	Fäden ziehen
2424001	Nicht länger auf großem Fuße leben
2425001	Ihr seid freiwillig gemeldet worden
2426001	Geißel des Sands
2427001	Uraltes Relikt
2428001	Eine Krise, ein Soldat
2429001	Echte Perlen
2430001	Ein dunkler Kristall
2431001	Die Vorhut
2432001	Abgebrochener Kontakt
2433001	Zermürbungskrieg
2434001	Arena des Schreckens
2435001	Winde des Kriegs
2436001	Dämonen am Strand
2437001	Dämonen ruinieren alles
2438001	Muschelsuche am Strand
2439001	Wache über die Ruinen
2440001	Ich bin ruiniert
2441001	Beschützer der Quelle
2470001	(Gilde) Missionsziel: Bestien in Tulufan
2471001	(Gilde) Missionsziel: Flinke Sturmechsen
2472001	(Gilde) Missionsziel: Wüstenblitzkumas
2473001	(Gilde) Missionsziel: Solrachnus
2481001	Missionsziel: Solrachnus
2501001	Geheimnisse, die nicht ans Licht kommen sollten
2502001	Ein Rennen durch finstere Orte
2503001	Zerschmetterte dunkle Träume
2505001	Der Wächter von Velika
2521001	Vernichtet Erbarmungslose Hyänen
2522001	Bittersaure Frucht
2523001	Beherrschende Fesseln
2524001	Suche nach einfachen Vergleichen
2525001	Gute Nacht, Furchtritter!
2526001	Nicht totzukriegen
2527001	Angriff ist die beste Verteidigung
2528001	Zur Kathedrale
2529001	Immer die neuesten Informationen!
2530001	Präventivschlag für den Sieg
2531001	Einfach grauenhaft
2532001	Die Verteidigung der Nachkommen Loks durchbrechen
2533001	Böse Schrift
2534001	Fanatiker und Diebe
2535001	Der Spion
2536001	Tiefer hinein
2537001	Dunkle Taten
2539001	Zur Jagd auf Shurianische Meister
2540001	Zur Jagd auf die Uranhänger Loks
2541001	Nieder mit den Anführern
2548001	Brennender Eifer
2570001	(Gilde) Missionsziel: Vorhut der Kultisten
2571001	(Gilde) Missionsziel: Untote Soldaten
2572001	(Gilde) Missionsziel: Kultisten in der Kathedrale
2573001	(Gilde) Missionsziel: Nachkommenpriester
2670001	(Gilde) Missionsziel: Wiederbelebte Waldkreaturen
2671001	(Gilde) Missionsziel: Andras
2681001	Missionsziel: Andras
2701001	Juwel der Wüste
2702001	Bis zum Kern verdorben
2770001	(Gilde) Missionsziel: Brogarlegion
2801001	Visionen des Schicksals
2803001	Shakan, nicht Shir Khan
2870001	(Gilde) Missionsziel: Waldkreaturen
2871001	(Gilde) Missionsziel: Stinkende Orisken
2872001	(Gilde) Missionsziel: Terkasia
2881001	Missionsziel: Terkasia
2950001	Gettys Erfindung
2970001	(Gilde) Missionsziel: Vulcanusschlachtschiffe
2971001	(Gilde) Missionsziel: Anansha
2981001	Missionsziel: Anansha
3006001	Zu Balders Zuflucht
3007001	Bewahrer der Sonne
3008001	Serens See
3009001	Dem Licht entgegen
3010001	Vor Balders Augen
3021001	Das Arkanetz ist abgestürzt
3022001	Aufrecht und verloren
3023001	Beschützt gefährdete Arten
3024001	Schrecken mit drei Klauen
3025001	Schlachten der Schlitzer
3026001	Salbe für Ausschlag, Nahrung für Fieber
3027001	Gebet der Blume
3028001	Kein Tag für Faultiere
3029001	Der Kern des Problems
3030001	Leshoffs Luxuslotion
3032001	Einfach schleierhaft
3033001	Sprachlos
3034001	Aufgetafelt
3035001	Mit Furcht und Tadel
3036001	Vernünftige Hausverwaltung
3037001	Sie ruinieren die Ruinen
3038001	Den Faultieren Widerstand leisten
3039001	Gute Zäune machen gute Nachbarn
3040001	Bärenmode
3041001	Poporische Pilger
3042001	Kritische Klauen
3043001	Staub unter meinen Schwingen
3044001	Oshars zweitgrößtes Geheimnis
3045001	Omelett der Ewigkeit
3046001	Die jüngsten Ereignisse
3047001	Im Glanz erstrahlen
3048001	Oshars größtes Geheimnis
3049001	Die Konkurrenz niedermähen
3050001	Die Vergangenheit auf Papier gebannt
3051001	Die Zukunft auf Papier gebannt
3052001	So was nennt man Drill
3071001	(Gilde) Missionsziel: Faultiere
3072001	(Gilde) Missionsziel: Mandrille
3073001	(Gilde) Missionsziel: Grünarkai
3081001	Missionsziel: Faultiere
3082001	Missionsziel: Mandrille
3083001	Missionsziel: Grünarkai
3091001	Tödliches Faultier
3092001	Mandrillbedrohung
3093001	Arkaikopfgeld
3101001	Der Verräter von Acarum
3102001	Wo ist Kaidun?
3103001	Kaidun befreien
3121001	Ein fauler Apfel
3122001	Besser spät als nie
3123001	Sicherheit hat Vorrang
3124001	Das Haus, das Mansur erbaute
3125001	Robuste Lösungen
3126001	Darf ich Euch die Weinkarte zeigen?
3127001	Hätt' ich einen Hammer, würd' ich Ossugoner töten
3128001	Speisung der Hungrigen
3129001	Gefährliche Pfade
3130001	Dem Wind nachjagen
3131001	Goldmünze eines Matrosen
3132001	Der geheime Schatz der Gula
3133001	Kopf der Schlange
3134001	Gestohlene Forschung
3135001	Haltet die Lichter am Brennen
3136001	Die Hügel haben Augen
3137001	Lautlose Jäger
3138001	Die Hexe soll brennen
3139001	Bauchschmerzen
3140001	Wirkt gegen die Dunkelheit
3141001	Den Koloss stürzen
3170001	(Gilde) Missionsziel: Ossugoner
3171001	(Gilde) Missionsziel: Ertrunkene Gula
3172001	(Gilde) Missionsziel: Onyxhydrathe
3173001	(Gilde) Missionsziel: Marutash
3174001	(Gilde) Missionsziel: Kestol
3180001	Missionsziel: Nagakolosse und Nagatodesreißer
3181001	Missionsziel: Marutash
3182001	Missionsziel: Kestol
3202001	Zenobias Verlust
3221001	Sie brauchen nicht ALLE Schwerter
3222001	Rache des Herzens
3223001	Was Euer ist, ist auch mein
3225001	Rennen gegen die Wüter
3226001	Die beste Verteidigung
3227001	Alternative Versorgungsquelle
3228001	Eine Armee marschiert besser mit vollem Magen
3229001	Sensenmänner
3230001	Verfluchte Pfeile
3231001	Baalark vernichten
3233001	Sihranisches Netzwerk
3234001	Besser als ein Blumenstrauß
3235001	Hexenjagd
3236001	Fliehende Kämpfer
3237001	Der rechte Arm des Verräters
3238001	Langsam ernährt sich das Eichhörnchen
3239001	Den Ausfall auslösen
3270001	(Gilde) Missionsziel: Sihraner
3271001	(Gilde) Missionsziel: Sihranische Verteidiger
3272001	(Gilde) Missionsziel: Pirschjäger
3273001	(Gilde) Missionsziel: Sihranische Templer
3291001	Von oben herab
3292001	Die Rebellion ersticken
3293001	Auf der Pirsch nach Pirschern
3294001	Die Führung der Sihraner
3295001	Hexenmarken
3298001	Acarum in Gefahr 1
3299001	Acarum in Gefahr 2
3321001	Geschenk der Zauberer auf Abwegen
3322001	Die gefangene Seele
3323001	Nur wir werden verspottet
3324001	Clowns und Puppen
3325001	Das Puppentheater
3326001	Von Stimmen geleitet
3327001	Die Moral der Geschichte
3328001	Sich um die Reißer reißen
3329001	Trefft die Blutwache.
3330001	Treppab
3331001	Eine Beleidigung für alle Soldaten
3332001	Ziel: Nekromanten
3333001	Die Last lindern
3334001	Bis dass der Tod uns scheidet
3335001	Den Kreis unterbrechen
3336001	Gestörte Umpflanzung
3337001	Rache der Gefangenen
3338001	Gefälligkeit der Gnade
3339001	Ein Fall für mutige Helden
3370001	(Gilde) Missionsziel: Vampiredelleute
3371001	(Gilde) Missionsziel: Blutwachen
3372001	(Gilde) Missionsziel: Verfaulende Kreaturen
3380001	Missionsziel: Inquisitoren
3421001	Junaidarplünderzug
3422001	Der beste Freund des Elfen
3423001	Haltet das Messer fest
3424001	Düstere Aussichten
3425001	Pfändungsdienst
3426001	Frostige Zeiten in den Frostweiten
3427001	Der blauere Teil der Tapferkeit
3428001	Weder Regen, noch Schnee noch Wendigos ...
3429001	Die Last der Führung
3430001	Wendigo? Wenn die wo?
3431001	Rote Scherben am Morgen ...
3432001	Psychologie der Schikane
3433001	Auf das Gold stürzen
3434001	Der herausragende Nagel
3435001	Gefrorene Elfen
3436001	Initiationsritus
3437001	Ein Riesenaufgebot
3438001	Barabok brechen
3439001	Barsicoren - bösartig oder missverstanden?
3440001	Wie der Vater, so der Sohn
3441001	Eine große Erleichterung
3442001	Die Raubtiere zurechtstutzen
3443001	Fuß rein, Lasche ziehen
3444001	Trügerische Scherben
3470001	(Gilde) Missionsziel: Teriak
3471001	(Gilde) Missionsziel: Karagos
3472001	(Gilde) Missionsziel: Sabranak
3481001	Missionsziel: Teriak
3482001	Missionsziel: Karagos
3483001	Missionsziel: Sabranak
3521001	Die Wenigen und die Tapferen
3522001	Thulsa aufhalten
3523001	Gute Mi(e)ne zum bösen Spiel
3524001	Ein Mittel gegen Schuppen
3525001	Dieser Ort ist nicht groß genug
3526001	Tötet sie alle und überlasst Thulsa die Leichen
3527001	Rastlose Raserei
3528001	Waffen besorgen
3529001	Monster auf dem Hang
3530001	Versteckspiel
3531001	Aufsehen unter den Aufsehern
3532001	Köpfe werden rollen
3533001	Flugverbot
3534001	Zahnarzt gesucht
3535001	Schickt mir Todesblüten
3536001	Beschützt den Zerklüfteten Kamm
3570001	(Gilde) Missionsziel: Huzrat der Tyrann
3571001	(Gilde) Missionsziel: Croskurnbestien
3572001	(Gilde) Missionsziel: Vulcanusödniswandler
3573001	(Gilde) Missionsziel: Tenebrara
3581001	Missionsziel: Huzrat der Tyrann
3582001	Missionsziel: Croskurnbestien
3583001	Missionsziel: Vulcanusödniswandler
3584001	Missionsziel: Tenebrara
3621001	Nach Tor Exsul
3622001	Viel Nachfrage, kein Angebot
3623001	Bergungsoperation
3624001	Die Angreifer angreifen
3625001	Überreste vergangenen Ruhms
3626001	Äußerst wichtelig
3627001	Durchbrecht die Blockade!
3628001	Große Probleme
3629001	Ignoranter Arkanist
3630001	Flammende Hirsche
3631001	Wir wollen, hoffen und haben Angst
3632001	Mit Blut gefärbt
3634001	Marken der Toten
3635001	Hungrig wie ein Wolf
3636001	Armee der doppelten Äxte
3637001	Tenebraratest
3638001	Killians Stein
3639001	Schergen des Narren
3641001	Blühende Liebe
3670001	(Gilde) Missionsziel: Kelthuzadvulcanus
3671001	(Gilde) Missionsziel: Tenebrara
3672001	(Gilde) Missionsziel: Taljägerarachnen
3673001	(Gilde) Missionsziel: Magmarteralithen
3681001	Missionsziel: Kelthuzadvulcanus
3682001	Missionsziel: Tenebrara
3683001	Missionsziel: Taljägerarachnen
3684001	Missionsziel: Magmarteralithen
3702001	Fragment der Hoffnung
3704001	Der gefangene Gott
3705001	Gewählte Prüfung
3721001	Höllenhunden auf der Spur
3722001	Eine ration-ale Reaktion
3723001	Der Späherbericht
3724001	Zu verrückt für den Krieg
3725001	Blutige Pilze
3726001	Tod und Tyraks
3727001	Killians Versorgungsrouten
3728001	Die Schergen peitschen
3729001	Ein Kampf zwischen Euch und ihm
3730001	Argonen en masse
3731001	Erster und letzter Schlag
3732001	Die Manaatholanführer
3733001	So werden Legenden geboren
3734001	Zhaathi muss fallen
3735001	Der Geruch der Sicherheit
3736001	Prionenrelikte
3737001	Die Argonen in der Krypta überprüfen
3770001	(Gilde) Missionsziel: Prionen
3771001	(Gilde) Missionsziel: Killians Streitkräfte
3772001	(Gilde) Missionsziel: Argonen
3780001	Missionsziel: Prionen
3781001	Missionsziel: Killians Streitkräfte
3782001	Missionsziel: Argonen
3821001	Zurück an die Arbeit
3826001	Wer lacht als Letztes?
3827001	Urwaldholz
3828001	Flammenaugen
3829001	Eindringlinge auf dem Feuerfeld
3830001	Waffen und die Amani
3831001	Seltsamer und seltsamer
3832001	Die Mäher niedermähen
3835001	Was die Riesen zurückließen
3836001	Jermirs Rache
3837001	Ein Mann bleibt zurück
3839001	Schlafender Riese
3840001	Ausgrabungswerkzeuge ausgraben
3870001	(Gilde) Missionsziel: Nyxarras
3871001	(Gilde) Missionsziel: Schluchtfeinde
3872001	(Gilde) Missionsziel: Gefräßige Reißzahnbrut
3874001	(Gilde) Missionsziel: Feldrinschlucht
3881001	Missionsziel: Nyxarras
3882001	Missionsziel: Schluchtfeinde
3883001	Missionsziel: Gefräßige Reißzahnbrut
3885001	Missionsziel: Feldrinschlucht
3901001	Die Maske lüften
3921001	Ein unentwirrbares Geflecht
3922001	Die Panzer knacken
3923001	Zum Raubeinaußenposten
3924001	Noch mehr Spinnen schälen
3925001	Die Sklavenmeister töten
3926001	Was übrig bleibt
3927001	Steinernes Herz
3928001	Arachnologe spurlos verschwunden
3929001	Gnadenlos
3930001	Eine helfende Hand
3931001	Fangt diese Maligos
3932001	Loyale Diener der Königin
3933001	Giftreißer eines Schreckzahns
3934001	Pfade der Toten
3935001	Schreckzahnrache
3936001	Was lauert im Zentrum des Netzes?
3937001	Kaligo-Sekte erledigen
3938001	Schlechte Wissenschaft
3939001	Das Herz der Verschwörung
3940001	Klauenreiteraufseher niedermetzeln
3941001	Niemand wird zurückgelassen
3942001	Kinder von Arachne
3970001	(Gilde) Missionsziel: Ovolithen
3971001	(Gilde) Missionsziel: Verwüster
3972001	(Gilde) Missionsziel: Dulagoras
3980001	(Gilde) Missionsziel: Klauenreiteraufseher
3981001	Missionsziel: Dulagoras
4001001	Frayas Zorn
4021001	Verschmutzter Boden
4022001	Gewalttätige Mycanare
4023001	Der gestiegene Bedarf
4024001	Brutale Bestien
4025001	Die Wolfsplage
4026001	Entführer auslöschen
4027001	Wie Pech und Schwefel
4028001	Beweise für Vergehen
4029001	Ungebetene Gäste
4030001	Gefährliche Dummheit
4031001	Ein prekärer Präfekt
4032001	Wer bewacht die Wachen?
4033001	Ein versteckter Segen
4034001	Kaligo-Kämpfer
4035001	Vor aller Augen versteckt
4036001	Ein stechendes Problem
4037001	Beeilt Euch und wartet
4038001	Kaligo-Elitekämpfer
4039001	Mutierte Minenarbeiter
4040001	Nicht die Art Gras
4042001	Blindanhänger
4043001	Rastlose Minenarbeiter
4044001	Achtung, Ferkel, Los
4045001	Noch ist das Kind nicht in den Brunnen gefallen
4046001	Studien der Kräuterkunde
4070001	(Gilde) Missionsziel: Wächteranomalien
4080001	Vernichtung der Kaligo-Sekte
4102001	Eine neue Spezies
4121001	Vermisster Händler
4122001	Die Jagd beginnt
4123001	Etwas Blut unter Freunden
4124001	Arme hoch, wenn Ihr böse seid
4125001	Toter Basilisk = guter Basilisk
4126001	Ein Friedenssymbol
4127001	Safna trösten
4128001	Gute Medizin
4129001	Ihr habt da was im Auge
4130001	Blut für Frieden
4131001	Kontrolllösung
4132001	Zerstört alle Monster
4133001	Geist der Zusammenarbeit
4134001	Schwarzklauenkrieger
4135001	Einen Anführer krönen
4136001	Feindliche Monster
4137001	Köstlichkeiten
4138001	Die purpurrote Blume des Mutes
4151001	[Dungeon] Abgrund der Abgründe
4170001	(Gilde) Missionsziel: Schwarzklauenkämpfer und Schwarzklauenplünderer
4171001	(Gilde) Missionsziel: Ausgehungerte Basilisken
4172001	(Gilde) Missionsziel: Schwarzklauen
4180001	Missionsziel: Finsterorisken
4202001	Dagons Schatz
4221001	Den Tempel versorgen
4222001	Ein Bündnis der Niedertracht
4223001	Den Weg freimachen
4224001	Besharanblockade
4225001	Gift gegen Gift
4226001	Stein der Wiederbelebten
4227001	Heilt sie alle
4228001	Die Suche nach Tilian
4229001	Geflügelte Gefahr
4230001	Miese, reißerische Pläne
4231001	Scherben für Schilde
4232001	Alles im Griff
4233001	Wer hat das fallen gelassen?
4234001	Ein beängstigender Vorschlag
4235001	Gegen Tragoleth antreten
4236001	Ein Geschäftsangebot
4237001	Geflüster der Wiedergeburt
4238001	Hauptziele
4239001	Kreuzzug gegen die Kreuzritter
4240001	Die Mekonarioffensive
4241001	Können sie ihn erwecken?
4242001	Dagons Apostel
4243001	Eiwandfrei
4244001	Die Tafeln von Dagon
4270001	(Gilde) Missionsziel: Überlebende auf der ersten Ebene
4271001	(Gilde) Missionsziel: Überlebende auf der zweiten Ebene
4272001	Missionsziel: Feinde der zweiten Ebene
4273001	Missionsziel: Naga der dritten Ebene
4280001	Missionsziel: Feinde auf der dritten Ebene
4503001	Der Beginn der Argonenforschung
4521001	Ein wenig Hilfe
4522001	Beobachtungen vor Ort
4523001	Runen hüten
4524001	Verdächtige Pfeiler
4525001	Blasen blubbern
4526001	Noch mehr Blubberblasen
4527001	Von oben herab schießen
4528001	Die Augen offenhalten
4529001	Es lebt
4530001	Freundlich Anteilnahme
4532001	Tuwangi im Nebel
4533001	Himmlische Himmelsfelder
4534001	Zurückgelassen
4535001	Festung in einem Berg
4536001	Tuwangi und Kröten
4537001	Wild und wollig
4538001	Ein unwillkommener Besucher
4571001	(Gilde) Missionsziel: Kleinere Argonen ausdünnen
4572001	(Gilde) Missionsziel: Argonomorphe
4573001	(Gilde) Missionsziel: Nachhut der Argonen
4574001	(Gilde) Missionsziel: Himmelsfelder
4575001	(Gilde) Missionsziel: Draelteryx
4581001	Befehl, den Brückenkopf zu unterwerfen
4582001	Missionsziel: Argonomorphe
4583001	Missionsziel: Nachhut der Argonen
4584001	Missionsziel: Himmelsfelder
4585001	Befehl, Draelteryx zu unterwerfen
4601001	Drei Türme
4602001	Einzige Überlebende
4621001	Geheimnisvoller Turm
4622001	Seltsamer Golem
4623001	Seltsame Flasche
4624001	Nicht nur ein Blumentopf
4625001	Argonenindoktrination
4626001	Niedergang der Strebe
4627001	Technische Tierpräparation
4628001	Dunkle Feen
4629001	Tiefer in die Türme
4630001	Wir unterbrechen unser Programm
4631001	Unglaubliche Evolution
4632001	Energieentwicklung
4633001	Geheimnisvolle Maschine
4634001	Selbst Darmschlitzer kennen Schmerz
4635001	Keine Schamanen mehr
4671001	(Gilde) Missionsziel: Darmschlitzer
4672001	(Gilde) Missionsziel: Sikandari
4673001	(Gilde) Missionsziel: Ossugoner
4681001	Missionsziel: Darmschlitzer
4682001	Missionsziel: Sikandari
4683001	Missionsziel: Ossugoner
4701001	Tirkai säubern
4703001	Verlassener Argonen-Unterschlupf
4721001	Die Zurückkehrer
4722001	Nachschubengpass
4723001	Unberechenbare Kerle
4724001	Versorgungskette
4725001	Giftpilze
4726001	Junge Triebe
4729001	Fortdauernde Wut
4731001	Schlängelndes Klappern und Rollen
4732001	Bärendienste
4733001	Das Späherlager auskundschaften
4734001	Im Schmutz graben
4735001	Rasende Feen
4771001	(Gilde) Befehl, den Weißfrostwald zu unterwerfen
4772001	(Gilde) Befehl, den veränderten Wald zu unterwerfen
4773001	(Gilde) Befehl, Pesthauch zu unterwerfen
4774001	(Gilde) Befehl, das Argonengrenzgebiet zu unterwerfen
4781001	Befehl, den Weißfrostwald zu unterwerfen
4782001	Befehl, den veränderten Wald zu unterwerfen
4783001	Befehl, Pesthauch zu unterwerfen
4784001	Befehl, das Argonengrenzgebiet zu unterwerfen
4791001	Weißfrostbedrohung
4792001	Gula und Konsorten
4793001	Ärger in Pesthauch
4794001	Frontjustiz
4801001	Pyromanisch
4802001	Die Göttin des Krieges
4803001	Kriegslied
4804001	Kriegsnarben
4821001	Schinkentaktik
4823001	In einem Argonenwunderland wandeln
4824001	Hungrig wie die Athakela
4825001	Kriegsverluste
4826001	Ich werde es mit Wissenschaft versuchen
4827001	Die Sache mit dem Heimzahlen
4828001	Gebt sie zurück
4829001	Gefallen, aber nicht vergessen
4830001	In Sicherheit
4831001	Das Vermächtnis des Vaters
4833001	{@RawItem:206816}-Lieferung
4834001	Nicht anfassen, heiß
4835001	Privatbesitz
4837001	An feindseligen Himmeln fliegen
4838001	Zugang verweigert
4839001	Portraits
4840001	Die Flügel stutzen
4841001	Mühsam erlernte Lektionen
4842001	Hauptangriffsziele
4843001	Glimmende Überreste
4844001	Vom Himmel gepflückt
4845001	Ab mit dem Kopf
4846001	Für die Gefallenen kämpfen
4847001	Mein Argone hat meine Hausaufgaben gefressen
4848001	Gebundene Hände
4849001	Die Argonen dezimieren
4871001	(Gilde) Missionsziel: Argonen
4872001	(Gilde) Missionsziel: Gilgashe und Akalathen
4873001	(Gilde) Missionsziel: Hursaras
4881001	Missionsziel: Argonen
4882001	Missionsziel: Gilgashe und Akalathen
4883001	Missionsziel: Hursaras
4891001	Gemetzel im großen Stil
4892001	Größe zählt nicht
4901001	Mitten ins Herz der Finsternis
4902001	Cyasmaspitze
4921001	Den Kontakt herstellen
4922001	Und jetzt zu den Neuigkeiten
4923001	Zeit für die Neuigkeiten
4924001	Eilmeldungen
4925001	Lauter druckreife Neuigkeiten
4929001	Gnadenlose Kriegsmaschinen zum Frühstück
4930001	Auf und nieder, vor und zurück
4931001	Neu und verbessert
4932001	Entzückend gruselig und doch raffiniert
4933001	Vogelbeobachtung
4934001	Beredter Missklang
4935001	Der Wissensbaum
4936001	Den Casianbaum retten
4937001	Fortgeschrittene Kräuterkunde
4939001	Tag des Baums
4940001	{@Creature:76#1011}s praktische Anleitung
4941001	{@Creature:76#1011}s Notiz
4942001	{@Creature:76#1011}s Schreiben
4943001	Der Feind direkt vor den Toren
4944001	Schleichender Angriff
4945001	Nehmt Euch in Acht
4946001	Und dann gab es keine mehr
4947001	Sichert das Gebiet
4948001	Zusammenstoß mit den Schlitzern
4949001	Dunkle Schwestern
4950001	Der Meister der Spitze
4951001	Prüfung des Suchenden
4952001	Private Sicherheit
4953001	Probleme mit Minenarbeitern
4971001	(Gilde) Missionsziel: Argonen
4972001	(Gilde) Missionsziel: Argonische Kriegsmaschinen
4973001	(Gilde) Missionsziel: Volsurus
4981001	Missionsziel: Argonen
4982001	Missionsziel: Argonische Kriegsmaschinen
4983001	Missionsziel: Volsurus
4991001	Volle Kraft voraus
4992001	Großwildjagd
4993001	Der Argonen überdrüssig 1
4994001	Der Argonen überdrüssig 2
5001001	Die Suche nach dem Feuer
5002001	Dem Krieg ein Ende setzen
5021001	Wissenschaftliche Anfragen
5022001	Die Natur findet einen Weg
5023001	Tod des Formers
5024001	Sabotage ... für einen guten Zweck
5025001	Blutige Ernte
5026001	Sammlerschar
5027001	Herzensangelegenheit
5028001	Töten im Namen der Wissenschaft
5029001	Pfad des Todes
5031001	{@Creature:76#1011}s Depesche
5032001	{@Creature:76#1011}s letzter Brief
5033001	Den Torwächter freisetzen
5034001	Bringt zu Ende, was Ihr begonnen habt
5035001	Den Eifer auf die Probe stellen
5036001	Geschmiedet im Feuer, gehärtet durch Güte
5037001	Die Viridianhöhlen
5038001	Ein Hoffnungsschimmer
5039001	Wer herumläuft, ist verloren
5071001	(Gilde) Missionsziel: Argonen
5072001	(Gilde) Missionsziel: Argonenungeheuer
5073001	(Gilde) Missionsziel: Disholok
5081001	Missionsziel: Argonen
5082001	Missionsziel: Argonenungeheuer
5083001	Missionsziel: Disholok
5091001	(Vanarchengilde) Druck ausüben
5092001	Kein Problem zu groß
5121001	Wie schön es ist, einen Geist zu beherrschen
5122001	Punkteausgleich
5123001	Leise rieselt das Blut
5124001	Kristallklar
5125001	Im Falle einer Argonenbeherrschung Glas einschlagen
5126001	Aufgewühlt und geschüttelt
5127001	Eigensinniger Jäger
5128001	Ich jage Miezekatzen
5129001	Wer spinnt denn hier?
5131001	Reißer für alle Fälle
5132001	Ungestümheit
5133001	Die Familie steht an erster Stelle
5134001	Ihr seid hier
5135001	Kein Land für Eisriesen
5136001	Der Gerechtigkeit muss Genüge getan werden
5137001	Sie haben ... schlecht gewählt
5138001	Der letzte Dienst
5139001	Suppe fassen
5140001	Getränke für all meine Männer
5170001	(Gilde) Missionsziel: Linyphi
5171001	(Gilde) Missionsziel: Wendigos
5172001	(Gilde) Missionsziel: Beherrschte Bestien
5173001	(Gilde) Missionsziel: Rachgierige Gletscherriesen
5181001	(Vanarchengilde) Missionsziel: Linyphi
5182001	(Vanarchengilde) Missionsziel: Wendigos
5183001	(Vanarchengilde) Missionsziel: Beherrschte Bestien
5184001	(Gilde) Missionsziel: Rachgierige Gletscherriesen
5201001	In den Brennofen
5202001	Labyrinth des Schreckens
5203001	Daraus sind Wunder gemacht
5204001	Thulsas Niedergang
5205001	Der Vorbote der Vernichtung
5221001	Isolierte Soldaten
5222001	Darekuur der doppelt Geköpfte
5223001	Die Späher fernhalten
5224001	Gegen die Prätoren
5225001	Auf alle Felle
5226001	Eilmeldung für Habere
5227001	Gegenangriff
5228001	So kalt wie eine Hexe
5229001	Dämonenschrei
5230001	Gegenmittel für tödliches Gift
5231001	Zur Feuerstellung der Verwegenheit
5232001	Eliminierung von Thulsas Kavallerietrupp
5233001	Feindliche Vorräte
5234001	Das Feuer anfachen
5235001	Einfach albtraumhaft
5236001	Nekrotechnik in Aktion
5237001	Der aufziehende Sturm
5238001	Herzlose Bestien
5239001	Ein für allemal tot
5240001	Rückeroberung des Brennofens
5241001	Mit Blut und Feuer gehärtet
5242001	Trübsal von Tarnos
5243001	Seid Ihr würdig?
5244001	Verstärkung bitte!
5245001	Befreiung unseres Landes
5250001	Purpurscherben
5251001	Hörner der Helden
5270001	(Gilde) Missionsziel: Verfluchte Legion
5271001	(Gilde) Missionsziel: Angreifer der Feuerstellung
5272001	(Gilde) Missionsziel: Khsaranische Truppen
5273001	(Gilde) Missionsziel: Yunaras Krummzahn
5280001	Missionsziel: Verfluchte Legion
5281001	Missionsziel: Angreifer der Feuerstellung
5282001	Missionsziel: Besetzer des Brennofens
5283001	Missionsziel: Yunaras Krummzahn
5421001	Feen am Werk
5422001	Verseuchte Zukunft
5423001	Guerillas im Nebel
5424001	Saat der Hoffnung
5425001	Hört auf Euer Bauchgefühl
5426001	Seide gegen die Schmerzen
5427001	Wo sind sie nun?
5428001	Masseneffekte
5429001	Das Zwielichttal verlassen
5430001	Unruhen im Süden
5431001	Benebelt
5432001	Streit ums Revier
5433001	Oh Brüder, wo seid Ihr?
5434001	Eiskalte Kumas
5435001	Säbelrasseln
5436001	Was Argonen wollen
5437001	Die Ode an Isren
5438001	Ein Auftrag für Mitglieder
5439001	Feen schlimmer als der Tod
5440001	Übers Ziel hinaus
5441001	Mysteriumsreparateur
5442001	Kullernde Cullarköpfe
5470001	(Gilde) Missionsziel: Hetzt die kranken Kreaturen
5471001	(Gilde) Missionsziel: Kreaturen von Feental
5472001	(Gilde) Missionsziel: Ascheherzdracolothen
5473001	(Gilde) Missionsziel: Brutmutter
5480001	Missionsziel: Hetzt die kranken Kreaturen
5481001	Missionsziel: Beschützt den Außenposten
5482001	Missionsziel: Ascheherzdracolothen
5483001	Missionsziel: Brutmutter
5495001	Rettet das Feendickicht 1
5496001	Rettet das Feendickicht 2
5501001	Der geworfene Handschuh
5502001	Der eiserne Geist
5521001	Kleine Siege, große Erfolge
5522001	Knurrender Magen
5524001	Den Sporen auf den Spuren
5525001	Verrückt gewordene Feen
5526001	Neugier ist des Säbelzahns Tod
5527001	Ihren Durst stillen
5528001	Mycanarprobleme für alle
5529001	Das Verhalten der Unseligen
5530001	Welche Hand führt die Pfoten?
5531001	Aufmachen und Ah sagen
5532001	Ein Hühnchen zu rupfen
5533001	Nur zur Forschung
5534001	Mit Dracolothen ist nicht zu spaßen
5535001	Ein Schwarm Krähen
5536001	Viel Federlesens machen
5537001	Tod der Verräter
5538001	Die Herrschaft beenden
5570001	(Gilde) Missionsziel: Jalmarak
5571001	(Gilde) Missionsziel: Waldbestien
5572001	(Gilde) Missionsziel: Finsterwaldbewohner
5573001	(Gilde) Missionsziel: Orisken
5574001	(Gilde) Missionsziel: Ksharaner
5575001	(Gilde) Missionsziel: Malbinardracolothen
5576001	(Gilde) Missionsziel: Mekonari
5580001	Missionsziel: Jalmarak
5581001	Missionsziel: Waldbestien
5582001	Missionsziel: Finsterwaldbewohner
5583001	Missionsziel: Finsterorisken
5584001	Missionsziel: Ksharaner
5585001	Missionsziel: Malbinardracolothen
5586001	Missionsziel: Mekonari
5601001	In Blut ertränkt
5602001	Sikanders Fluch
5621001	Die Schatten durchdringen
5622001	So nah, so fern
5623001	Jemand Eurer Größe
5624001	Fern unserer Gräber
5625001	Säger der Wirbelwinde
5626001	Die Bürde der Anführer
5627001	Schwarze Nachrichten
5628001	Die Nachricht verbreiten
5629001	Biber gesucht - Belohnung
5630001	Die verschlingende Finsternis
5631001	Blut für Blut
5632001	Ein Schwarm Mekonari
5633001	Killians Messer
5634001	Starke Schläger
5635001	Entweihung der Blutgräber
5636001	Ihr und welche Armee?
5637001	Nimmermehr
5640001	[Dungeon] Lians Untergrundhalle
5670001	(Gilde) Missionsziel: Blockierer
5671001	(Gilde) Missionsziel: Mekonarirebellen
5672001	(Gilde) Missionsziel: Altarwachen
5673001	(Gilde) Missionsziel: Raethyark
5680001	Missionsziel: Blockierer
5681001	Missionsziel: Mekonarirebellen
5682001	Missionsziel: Altarwachen
5683001	Missionsziel: Raethyark
5721001	Ein neuer Wind
5722001	Bezwingung
5723001	Gehorsam lernen
5724001	Was darunter liegt
5725001	Kämpft um Euer Leben
5726001	Agenten des Chaos
5727001	Ein blutiges Chaos
5728001	Ich seh sie genau, die Schnäbel sind blau
5729001	Sikanders Meister
5730001	Der Pflicht abgeschworen
5731001	Leben nehmen und Schnäbel brechen
5732001	Was ist der Preis der Ehre?
5733001	Die Argonen kennen keine Ehre
5734001	Das Blatt wenden
5735001	Alle Kinder sind unsere Kinder
5736001	Wie ein Fels in der Brandung
5770001	(Gilde) Missionsziel: Betsael
5771001	(Gilde) Missionsziel: Sturmechsen
5772001	(Gilde) Missionsziel: Atel Akaad
5773001	(Gilde) Missionsziel: Sikandari
5774001	Missionsziel: Killians Vollstrecker
5781001	Missionsziel: Betsael
5782001	Missionsziel: Sturmechsen
5783001	Missionsziel: Atel Akaad
5784001	Missionsziel: Sikandari
5785001	Missionsziel: Killians Vollstrecker
6000001	[Wichtig] Die leidenden Dorfbewohner
6001001	[Wichtig] Die geheime Waffe
6002001	[Wichtig] Himmelsinsel abschießen
6050001	Die fehlende Zutat
6099001	Eine bezaubernde Geschichte
6140001	[Dungeon] Bahaars Tempel
6301001	Gut rumkommen
6302001	Magieakademie
6304001	Appell zum Duell
6305001	In die Ränge eintreten
6306001	Kriegernoviziat
6307001	Appell zum Duell
6321001	Stärkung der Heimatfront
6322001	Total trendige Tuwangiturbane
6323001	Dem Anführer folgen
6324001	Lieber Kapuze als kaputt
6325001	Die absolute Krönung
6326001	Wie ein Himmelsstürmer
6327001	Ihr würdet einen großartigen Schreckenspiraten abgeben
6328001	Jungs, setzt die Festhüte auf
6329001	Lust, ein Popori zu sein?
6330001	Bei mir piept's
6331001	Launen, Daunen und ein Kopfputz
6332001	Der letzte Schrei in Poporia
6333001	Zylinder
6334001	Der Weg zum Herzen eines Panthers
6335001	Immer schön im Zaum halten
6336001	Das Miau der Katze
6337001	Schläfrige Kätzchen
6338001	Grasende Sättel
6339001	Aufsitzen
6340001	[Event] Sieg im Tal des Donners
6341001	[Event] Sieg in der Korsarenfestung
6342001	[Event] Bastion Loks erobern
6343001	[Event] Sturm auf das Anwesen
6344001	[Event] Zuflucht der Kultisten erobern
6345001	[Event] Nekromantenkrypta erobern
6346001	[Event] Erobert das Goldene Labyrinth
6347001	[Event] Erobert den Ebenholzturm
6348001	[Event] Erobert das Labyrinth des Schreckens
6349001	[Event] Erobert Salerons Himmelsgarten
6350001	[Event] Erobert den Aufstieg von Saravash
6351001	[Event] Beseitigt Shandra Manaya
6352001	[Event] Erobert die Fleischerkatakomben
6353001	[Event] Erobert die Sabexwaffenkammer
6354001	Easter commotion
6356001	Bürgerduell
6357001	Hoppe, hoppe Reiter
6358001	Glyphen entdecken
6359001	Neue Unterstützung
6361001	Dynamisches Viridian
6364001	[Dungeon] Rätselhafte Beben
6367001	Kaufrecht für mittlere Vorräte
6368001	Kaufrecht für herausragende Vorräte
6369001	Himmelswächter
6370001	Kartenalbum zusammentragen
6371001	Wissen vergeht nicht 1
6372001	Wissen vergeht nicht 2
6378001	Schneebälle für den Frieden
6381001	Vorsprung durch Zauberei
6383001	Santias Werkstätte
6384001	Verzauberung für Anfänger
6385001	Verzauberung für Anfänger, Teil 2
6395001	Schneekampf
7000041	Erobert die Verlassene Insel
7000341	Meistert die Verlassene Insel (schwierig)
7205001	Spur der Hoffnung
7282001	Ich gebe Euch ein Goldticket.
7290001	Gute Unterhaltung
7291001	(Kampf) Die in den Kampf Ziehenden grüßen Euch
7292001	(Kampf) Blut und Sand
7293001	(Kampf) Das Blut der Helden
7294001	(Kampf) Blut und Ehre
7295001	(Kampf) Feuer des Ruhms
7296001	(Kampf) Feuer der Tapferkeit
7297001	(Kampf) Feuer der Ehre
7298001	(Kampf) Feuer des Sieges
7299001	Die Aussaat der Blutsamen
8421001	Schweinerei
8422001	Manche mögen's scharf
8491001	(Kampf) Feuer der Eroberung
8492001	(Kampf) Feuer der Überlegenheit
8493001	(Kampf) Die Hörner des Kampfes
8494001	(Kampf) Die Hörner des Triumphs
8496001	[Schlachtfeld] Auf zum Canyon der Ehre!
8701001	Sofortiges Handeln
8702001	Streben nach Anerkennung
8703001	Alles fügt sich zusammen
8704001	Das Geheimnis des roten Siegels
8705001	Sammeln von Informationen
8706001	Die Straße nach Pora Elinu
8707001	Das Herz des Feindes
8708001	Neuer Morgen, neue Sorgen
8709001	Mitglied der Valkyon-Föderation
9999001	Quest nicht verfügbar
10001001	Wer ein Handwerk gibt
10002001	Die Grünschnäbel bewaffnen
10003001	Eure Fertigkeit vervollkommnen
10004001	Auf Messers Schneide
10005001	Heavy Metal
10006001	Das Zeug eines Machers
10007001	Kommt auf den Punkt.
10008001	Lanzenlieferung
10009001	Stolz und Tapferkeit
10010001	Ran an die Waffen
10011001	Die Kunst der Waffenfertigung
10012001	Leisen Schrittes
10013001	Ins Visier genommen
10014001	Fokusfeuer
10015001	Machtableiter
10016001	Waffen nah und fern
10017001	Eisen im Feuer
10018001	Die Natur mag Zepter
10019001	Meisterschaft im Fokus
10020001	Damit ich Euch besser sehen kann ...
10021001	Die Grundlagen schmieden
10022001	Auf den Leib geschneidert
10023001	Fundamentale Grundkenntnisse
10024001	Maßgeschneidert
10025001	Vielschichtig
10026001	Die Metalle eines Machers
10027001	In Metall machen
10028001	Schmiedet drauflos
10029001	Werke der Kunst und des Kriegs
10030001	Ausgerüstet und auf der Höhe
10031001	Suche nach dem Leder
10032001	Musterschülerhäute
10033001	Verstecken und stinken
10034001	Zäh und doch geschmeidig
10035001	Eine dicke Haut haben
10036001	Tief unter die Haut
10037001	Das Erbe des Leders
10038001	Im Einsatz getestet, von Soldaten genehmigt
10039001	Eine höchst geschickte Hand
10040001	Elfische Eleganz
10041001	Nadel und Faden
10042001	Die Musterschüler einkleiden
10043001	Einkleidzeit
10044001	Eine Tunika tragen
10045001	Die Fäden weben
10046001	Wüstenklamotten
10047001	Schweißtreibende Arbeit
10048001	Unter Druck
10049001	Die Kunst der Gewandschneiderei
10050001	Die Technik der Gewandschneiderei
10051001	Eigeninitiative gefragt
10052001	Für sich selbst handeln
10053001	Höchst experimentell
10054001	Alchemie verstehen
10055001	Es liegt am Wasser
10056001	Rauch aus dem Wasser
10057001	Helle Freude
10058001	Alchemie im Griff
10059001	Speisung der Truppen
10060001	Nahrung für die Alchemie
10061001	Fortgeschrittene Gravierungen 2
10062001	Fortgeschrittene Gravierungen 3
10063001	Fortgeschrittene Gravierungen 4
10064001	Fortgeschrittene Gravierungen 1
10101001	Die Lanzer ausrüsten
10102001	Ausgerüstete Lanzer
10103001	Der Weg der Schwerter
10104001	Dem Weg der Schwerter folgen
10105001	Die Axt lernen
10106001	Die Axt herstellen
10107001	Die Fertigkeit der Lanze
10108001	Die Lanze anfertigen
10109001	Die Mystiker bewaffnen
10110001	Das Wie und Warum der Zepter
10111001	Mit Stäben aufrüsten
10112001	Stabsprojekt
10113001	Scheibenentwurf
10114001	Scheibenlieferung
10115001	Verbesserte Zepter
10116001	Zepterfertigkeiten
10117001	Aller Anfang ist schwer
10118001	Kettenpanzer stemmen
10119001	Heavy Metal
10120001	Die Kunst ins Kunsthandwerk bringen
10121001	Geschmiedeter Entwurf
10122001	Kettenpanzer für den Krieg
10123001	Gewichtige Angelegenheiten
10124001	Handwerk hat metallenen Boden
10125001	Bärdürfnisse
10126001	Offiziersleder
10127001	Lederkunst
10128001	Lederne Anführer
10129001	Ein Königreich für Leder
10130001	Das Leder verwenden
10131001	Bestes Leder
10132001	Erstklassiges Leder
10133001	Irrsinnige Stofffertigkeiten
10134001	Gewänder für die Truppen
10135001	Feine Stoffrüstung
10136001	Der unversehrte Stoff
10137001	Verziert den Stoff
10138001	Verbesserter Stoff
10139001	Den Stoff verstärken
10140001	Den Stoff fertigen
10141001	Ruf des Meisters
10142001	Das Gewand zur Meisterhaftigkeit
10143001	Eins werden mit der Alchemie
10144001	Die Alchemie anerkennen
17201001	Angebote und Nachfragen
17202001	Überprüftes Gepäck
17203001	Schlimmer als die Krankheit ...
17204001	Der Himmelskreuzer
17205001	Eine Armee marschiert besser mit vollem Magen
17206001	Bordunterhaltung
17207001	Die Schlacht um die Kühnheit
17208001	Harte Landung
17209001	Auguren und Omen
17210001	Versuche und Irrtümer
17211001	Das Tal der Guwangi
17212001	Die Gefahren der Diplomatie
17213001	Mechanisches Geschick
17214001	Die nicht-so-glorreiche Flucht
17216001	Neue Bedrohung
17217001	Überzeugte Unterstützung
17221001	[Dungeon] Syruks Forschungsstation
17222001	[Dungeon] RK-9 Hangar
18101001	Ich habe schlechte Neuigkeiten.
18102001	Wie funktioniert das?
18103001	Stufen zur Weisheit
18104001	Plünderer und Plünderer
18105001	Kleine verlorene Lämmer
18106001	Unvorhergesehene Effekte
18107001	Ritual des Trosts
18108001	Unzurechnungsfähig
18109001	Alles ist relativ
18110001	Ausweichen und entkommen
18111001	Plunder und Schätze
18112001	Susus Blütenblätter
18113001	Die Suche eingrenzen
18114001	Die Suche nach der Wahrheit
18115001	Augenblick der Wahrheit
18116001	Das Geheimnis der Sturmbarriere
18117001	Tragödie und Triumph
18118001	Krieg ist nahe
18201001	Ozapft is
18202001	Abgefangene Übertragung
18203001	Auf der Suche nach Antworten
18204001	Näher an der Wahrheit
18205001	Glücksbringer
18206001	Seltsame Wissenschaft
18207001	Haltet Euch dran
18208001	Nicht vom Arzt empfohlen
18209001	Einen Schritt weiter
18210001	Geburtsstätte des Wissens
18211001	Unabdingbares Wissen
18212001	Noch eine Rechnung offen
18213001	Rikums Dokument
18214001	Auf der Suche nach dem Frosch
18299001	Ihr habt Talent
18301001	Verbindungen herstellen
18302001	Einschüchternde Manier
18303001	Grundausbildung für Berserker: Strafschlag
18304001	Grundausbildung für Berserker: Überwältigung
18305001	Grundausbildung für Berserker: Axtkonter
18306001	Der geheime Meister
18311001	Die alten Meister
18324001	Meisterliche Herausforderung
18325001	[Event] Bewältigt die letzte Herausforderung der Spitze der Furcht
18326001	[Event] Erobert die Verlassene Insel (schwierig)
18327001	[Event] Erobert die Verlassene Insel
18331001	[Event] Erobert Akashas Versteck (Prüfung)
18332001	[Event] Erobert das Goldene Labyrinth (Einzelspieler)
18333001	[Event] Erobert den Abszess (schwierig) (Einzelspieler)
18335001	[Event] Erobert die Untiefen von Bathysmal (schwierig)
18336001	[Event] Erobert Valonas Raumzeit.
18337001	[Event] Vernichtet die Weihnachtsalbträume
18352001	[Mondtänzerin] Omeros' Bitte
18353001	Staubiges Buch
18355001	Frische Arme und Beine
18357001	Meisterliche Herausforderung
18358001	Unendliche Übung
18360001	Angriff des Monstervogels
18366001	[Event] Prüfung des Verteidigers [Bonus]
18372001	[Event] Arborea-Schutzmission 1
18373001	[Event] Arborea-Schutzmission 2
18374001	[Event] Arborea-Schutzmission 3
18375001	[Event] Arborea-Schutzmission 4
18376001	[Event] Arborea-Schutzmission 5
18377001	[Schlachtfeld] Der Weg, die eigene Stärke unter Beweis zu stellen
18378001	[Schlachtfeld] Zum unterirdischen Schlachtfeld
18380001	[Event] Die Kraft der Erweckung II
18381001	Elementare Frostfusion
18382001	Elementare Feuerfusion
18383001	[Event] Mission: Ausrüstungsstufe 418
18384001	[Event] Mission: Ausrüstungsstufe 422
18385001	[Event] Mission: Ausrüstungsstufe 428
18386001	[Event] Mission: Ausrüstungsstufe 431
18387001	[Event] Mission: Ausrüstungsstufe 432
18388001	[Event] Mission: Ausrüstungsstufe 433
18389001	[Event] Mission: Ausrüstungsstufe 435
18390001	[Event] Mission: Ausrüstungsstufe 436
18391001	[Event] Mission: Ausrüstungsstufe 437
18392001	[Event] Mission: Ausrüstungsstufe 438
18393001	[Event] Mission: Ausrüstungsstufe 439
19101001	Hinterherhinken
19102001	Teile sind Teile
19103001	Eine schwere Last
19104001	Drahtzieher
19105001	Des Rätsels Lösung
19106001	Schließt die Vordertür
19107001	Es krachen lassen
19108001	Viel Spaß beim Stürmen des Schlosses
19109001	Auf in die Festung
19110001	Niemals loslassen
19111001	Streben nach Gerechtigkeit
19112001	Die Abrechnung
21301001	Unheilvolle Nachricht
21302001	Adrias Verdacht
21303001	Unvergessliche Erinnerungen
21304001	Der Baum der Alten Götter
21305001	Unbekannter Verdächtiger
21306001	Eine unerwartete Begegnung
21307001	Bittere Wahrheit
21311001	Verwüsteter Garten
21312001	Eine hoffnungsvolle Entdeckung
41101001	Der Meisterschmied
41102001	Bruchstücke
41103001	Ein anderer Schmied
41104001	Die Lektionen des Schmieds
41105001	Musterschmied
41106001	Aus dem Abgrund
41107001	Schicksalsschmied
41501001	Den Strand erreichen
41502001	Den Strand erreichen
41503001	Den Strand erreichen
41504001	Den Strand erreichen
41505001	Den Strand erreichen
41506001	Den Strand erreichen
41507001	Den Strand erreichen
41508001	Den Strand erreichen
41510001	Der Prolog endet
41511001	Der Prolog endet
41512001	Der Prolog endet
41513001	Der Prolog endet
41514001	Der Prolog endet
41515001	Der Prolog endet
41516001	Der Prolog endet
41517001	Der Prolog endet
42421001	Kaprima beschwören
42491001	Die Sünden des Syndikats
42521001	Balders erste Prüfung
42522001	Balders zweite Prüfung
42523001	Balders dritte Prüfung
42524001	Balders letzte Prüfung
42571001	(Gilde) Missionsziel: Wächter von {@Rgn:9025001}
42581001	Missionsziel: Wächter von {@Rgn:9025001}
47121001	Verschwundener Geist
47122001	Seelenloser Körper
47123001	Tief verwurzelter Groll
47124001	Dauerhafter Groll
47125001	Ein Brief an meine Frau
47126001	Ein Andenken für meine Mutter
47127001	Pfad des Todes
47170001	(Gilde) Missionsziel: Ksharanische Soldaten
47171001	(Gilde) Missionsziel: Vedilith
47221001	Kuraks Klagelied
47222001	Konikas Lieblingsessen
47223001	Gierige Augen
47224001	Opfer für die Wissenschaft
47226001	Opas Geschichten
47270001	(Gilde) Missionsziel: Gula
47271001	(Gilde) Missionsziel: Kaimane
47272001	(Gilde) Missionsziel: Baracos
47280001	Missionsziel: verdorbene Gestalten
47281001	Missionsziel: Baracos
47321001	Schwarzherzen
47322001	Dient mir und lebt ewig
47323001	Soll Kaia sich um sie kümmern
47324001	Argonenassistenten
47325001	Den Hauptmännern Einhalt gebieten
47326001	Thulsas Kardinal
47327001	Bildnis
47371001	(Gilde) Missionsziel: Blutlegion
47380001	Missionsziel: Unbesiegbares Korps
47621001	Neuzuteilung des Todes
47622001	Killians Hunde
47623001	Killians Orchester
47624001	Killians Wahnsinnige Narren
47625001	Spinnenjagd
47626001	Argonen im Labyrinth
47627001	Der Peitscher
47628001	Ich spüre etwas
47629001	Unruhig ruht das Haupt
47670001	(Gilde) Missionsziel: Killians Narren
47671001	(Gilde) Missionsziel: Killians Musiker
47680001	Missionsziel: Killians Narren
47681001	Missionsziel: Killians Musiker
48121001	Testet Eure Verwegenheit
48701001	Zerstört die Geheime Basis!
48721001	Lukrative Marke
48722001	Mitgliedernachteile
48723001	Gewichtel
48724001	Reißzähne für die Katz
48725001	Geheimnisvolles Leder
48727001	Geheimnisvoller Bauplan
48728001	Verschlüsseltes Buch
48770001	Missionsziel: Devanerkultisten
48821001	Lohn des Verrats
48822001	Blut husten
48823001	Lauernde Nachkommen Loks
48824001	Neue Bekehrte
48825001	Rückkehr in den Traum
48826001	Nehmt ein Pulver
48870001	(Gilde) Missionsziel: Herzogliche Soldaten
48871001	(Gilde) Missionsziel: Vampiredelmänner
48872001	(Gilde) Missionsziel: Malgarios
48921001	Dunkle Wesen
48922001	Die Qualität ist großartig!
48923001	Bücher des Abgrunds
48924001	Das Problem der räuberischen Wichtel
48925001	Das Letzte, was wir sehen wollten
48970001	(Gilde) Missionsziel: dunkle Söldner
48971001	(Gilde) Missionsziel: abgründige Söldner
48972001	(Gilde) Missionsziel: Bhaozurbas
49301001	Finden und zerstören
49302001	Die Seuche ausmerzen
49370001	(Gilde) Eine Heilung für die Seuche
50501001	[Erweckung] Velika-Fest
50502001	[Erweckung] Ein unerwarteter Gast
50511001	[Erweckung] Umgekehrte Zeit
50512001	[Erweckung] Ursache der Katastrophe
50525001	[Erweckung] Bergketten-Zacke
50526001	[Erweckung] Weltenwand
50527001	[Erweckung] Skepsis
50528001	[Erweckung] Verwirrung
50529001	[Erweckung] Schuldgefühle
50530001	[Erweckung] Vollständige Erweckung
50531001	[Erweckung] Allein
50532001	[Erweckung] Habt Ihr auch nichts verloren?
50533001	[Wichtig] Geschenk an die Göttin
50534001	[Wichtig] Der verschwundene Händler
50535001	[Wichtig] Sieger im Himmelsmeer
50536001	[Wichtig] Kochen mit Ollivang: 1. Stunde
50537001	[Wichtig] Kochen mit Ollivang: 2. Stunde
50538001	[Wichtig] Kochen mit Ollivang: 3. Stunde
50539001	[Wichtig] Triste Gebäudeverwaltung
50540001	[Wichtig] Alles zu seiner Zeit
50541001	[Wichtig] Das beste Feuerwerk aller Zeiten
50545001	[Wichtig] Der gute Wille der Baraka
50546001	[Wichtig] Der gute Wille der Hauptgarde
50547001	[Wichtig] Der gute Wille der Südtor-Wache
50548001	[Wichtig] Der Ruf des Präfekten
50601001	[Wichtig] Veliks Traum
50602001	[Wichtig] Die Untaten der Revolutionäre
50603001	[Wichtig] Absturz oder Landung
51010001	Untersuchung der Symptome
51011001	Die Pläne der Revolutionäre stören
51012001	Die Wahrheit überprüfen
51020001	Auf der Suche nach der Tochter
51021001	Der Wiederaufbau von Essenia
51022001	Schmetterlingseffekt
51030001	Auf der Suche nach dem Hund
51031001	Erinnerungstrank
51032001	Geister und Edelsteine
51040001	Auch die gestohlenen Waren sind in der Ramschkiste.
51041001	Sicherheit zuerst! Schützt die Lieferkutsche!
51042001	Der Wert der Reliquien des heiligen Imperiums
51050001	Der Verbleib der vermissten Soldaten
51051001	Nachschub von Heilmitteln für die verletzten Soldaten
51052001	Reparatur der Belagerungskanone
55001001	Eine Aufgabe für einen Bogenschützen-Anfänger (Küken)
55002001	Eine Aufgabe für einen Bogenschützen-Anfänger (Spatz)
55003001	Eine Aufgabe für einen Bogenschützen-Anfänger (Krähe)
55004001	Eine Aufgabe für einen Bogenschützen-Anfänger (Eule)
55005001	Eine Aufgabe für einen Bogenschützen-Anfänger (Falke)
55007001	Erste Aufgabe für Elite-Krieger
55008001	Zweite Aufgabe für Elite-Krieger
55011001	Fünfte Aufgabe für Elite-Krieger
55016001	[Event] Letzte Prüfung der Sturmfaust
55017001	[Event] Siegt in der Korsarenfestung
55018001	[Event] Siegt im Canyon der Ehre
55019001	[Event] Arborea-Schutzmission 1
55020001	[Event] Arborea-Schutzmission 2
55025001	Einsatz an der Front von Arborea 1
55026001	Einsatz an der Front von Arborea 2
55027001	Einsatz an der Front von Arborea 3
55028001	Einsatz an der Front von Arborea 4
55029001	Einsatz an der Front von Arborea 5
55030001	Einsatz an der Front von Arborea 6
55031001	Einsatz an der Front von Arborea 7
55032001	Einsatz an der Front von Arborea 8
55033001	Die Front von Arborea durchbrechen 1
55034001	Die Front von Arborea durchbrechen 2
55035001	Die Front von Arborea durchbrechen 3
55036001	Die Front von Arborea durchbrechen 4
55037001	Die Front von Arborea durchbrechen 5
55038001	Die Front von Arborea durchbrechen 6
55039001	Die Front von Arborea durchbrechen 7
55040001	Einsatz an der Front von Arborea 1
55041001	Einsatz an der Front von Arborea 2
55042001	Einsatz an der Front von Arborea 3
55043001	Einsatz an der Front von Arborea 4
55044001	Einsatz an der Front von Arborea 5
55045001	Einsatz an der Front von Arborea 6
55046001	Einsatz an der Front von Arborea 7
55047001	Einsatz an der Front von Arborea 8
55048001	Die Front von Arborea durchbrechen 1
55049001	Die Front von Arborea durchbrechen 2
55050001	Die Front von Arborea durchbrechen 3
55051001	Die Front von Arborea durchbrechen 4
55052001	Die Front von Arborea durchbrechen 5
55053001	Die Front von Arborea durchbrechen 6
55054001	Die Front von Arborea durchbrechen 7
59901001	Sammeln, um zu helfen
59902001	Ein weinendes Kind trösten
59903001	Den Baum des Kummers beschützen
59904001	Die Ghilliedhus aufhalten
59905001	Im Namen der Wissenschaft
59906001	Die Unschuldigen beschützen
59907001	Auf der Suche nach den verschwundenen Kindern
59908001	Die Wiederherstellung der Natur
59909001	Für Asha
59910001	Für die Kinder
59911001	Für die Föderation!
59912001	Für tapfere Dienste
60101001	Es wird so lange Schläge geben, bis die Verlässlichkeit zunimmt
60102001	Die Quelle abdecken
60103001	Der Hundewinsler
60104001	Daten sammeln
60105001	Das Aussehen dessen, was auf uns zukommt
60106001	Grinsen und durchhalten
60107001	Forschungsvektoren
60108001	Alles im Namen der Wissenschaft
60109001	Gefechte für die Wissenschaft
60110001	Neugier ist des Wissenschaftsassistenten Tod
60111001	Invalesco schlägt zurück
60112001	Ein Laden für alle Fälle im Argonendepot
60113001	Schwermetalle
60114001	Bringt sie lebend zurück
60115001	Gemeinschaftliche Mutantengärten
60116001	Böse Hundchen
60117001	Dankbarkeit von Invalesco
60118001	Der Ruf von Invalesco
60201001	Ein Albtraum auf meiner Straße
60202001	Spart in der Zeit, so habt Ihr in der Not
60203001	Hauptziele
60204001	Auf leeren Magen kämpfen
60205001	Ehrenabzeichen
60206001	Schwarze und blaue Schwärme
60207001	Erster Schlag - harter Schlag
60208001	Zum Öffnen Ring ziehen
60209001	Man hasst mich in dem Tunnel
60210001	Tunnelratten
60211001	Die Kondensatoren lahmlegen
60212001	Den Stecker ziehen
60213001	Ein Ring, sie zu finden
60214001	Mykotische Toxikologie
60215001	Die nächste Generation schmieden
60216001	Nicht auf nüchternen Magen kämpfen
60217001	Im Namen der Shariar
60218001	Ruf der Shariar
60301001	Auf's Gebüsch hauen
60302001	Schädlingsjagd
60303001	Auge um Auge, Zahn um Zahnrad
60304001	Argonensafari
60305001	Drehender Wind
60306001	Argwöhnische Beute
60307001	So viel wie möglich eintüten
60308001	Zurück in der Hütte
60309001	Valsekyrjagdhörner
60401001	Guter Rat ist teuer
60402001	Kommt, Herr Valkyon
60403001	Ein Versuch, den Schafhirten zu machen
60404001	Wächter der {@Rgn:30009$$Tempeltrümmer}
60405001	Betreten des Rasens verboten
60406001	Bäume zu ihrer Rettung fällen
60407001	Erste Chance zu sehen
60408001	Sonnenverehrung
60409001	Eine Chance auf Sonne
60410001	Den Schuppen aufräumen
60411001	Zeit zum Rasten
60412001	Ihr steht nicht auf meiner Liste
60413001	Das Samengewölbe
60414001	Balders Balsam
60415001	Eine erfrischende Pause
60416001	Keine Faulenzerei
60417001	Perfekte Nahrung der Natur
60418001	Friedvoller Sieger
60419001	Friedliche Krieger
60501001	Zeugs und Dinge
60502001	Sammelsurium
60503001	Helfende Hände
60504001	Ich habe das angefertigt
60505001	Sammelmeister
60506001	Spiel und Spaß
60507001	Hohe Erwartungen
60508001	Hoch die Tassen
60509001	Dinge und Zeugs
60510001	Taratias Aufgabe
60511001	Haut und Knochen - und Klauen
60512001	Körperteile, Teil EW
60513001	Groß, böse und hässlich
60514001	Zeit zu töten
60515001	Trophäenjagd
60516001	Hatz auf den Feind
60517001	Waidmanns Heil
60518001	Monsterjäger{@gender:/in}
60519001	Alle für einen, stimmt's?
60520001	Einfache Bitte der Söldner
60521001	Leichte Bitte der Söldner
60522001	Wer mag schon die mittlere Führungsebene?
60523001	Schwere Bitte der Söldner
60524001	Schweißtreibende Bitte der Söldner
60528001	Die Hände, die alles unter einen Hut bringen
60601001	Puzzleteile
60602001	Des einen Monsters Abfall ist des anderen Schatz
60603001	Unheilvoll stummer Frühling
60604001	Was könnte schon schiefgehen?
60605001	Echos im Stein
60606001	Technischer Terror
60701001	Ganz unten anfangen
60702001	Ein Buch borgen
60703001	Die Schnitzeljagd
60704001	Papiere übergeben
60705001	Unangekündigte Prüfung
60706001	Die Mechanik der Magie
60707001	Fusionskonfusion
60708001	Ein klitzekleines Problem
60709001	Treibendes Herz
60710001	Automatische Lieferung
60711001	Das Ergebnis manipulieren
60801001	Zurück zum Strand
60802001	Profitgier
60803001	Marktforschung
60804001	Ausgaben reduzieren
60805001	Routinelieferung
60806001	Dringende Lieferung
60807001	Humankapital
60808001	Umgang mit Schwund
60809001	Sanfte Erinnerung
60811001	Ein Freund der Familie
60901001	Trainingsmethode der Hauptgarde
61206001	Materialien für die Forschungen
61207001	Mysterium des Waldes
61210001	Die Weisheit des Waldhüters
61241001	Vielseitig einsetzbarer Arbeiter der Quarantänestation
61244001	Gestohlene Heilmittel
61263001	Herzklopfer
61264001	Magische Lunchbox der Abzeichenhändler
61284001	In den Bergen schmeckt der Fisch noch besser
61301001	Die Lieferung von Cottreys Heilmitteln
61302001	Göttliche Kraft
61303001	Minimale Gegenmaßnahmen
61304001	Keine andere Wahl
61305001	Kommt zurück!
61308001	Arbeit der Revolutionäre
61309001	Werkzeug des Zorns der Natur
61342001	Nachschub an Forschungsmaterialien
61343001	Ameldas' Hobby
61421001	Säuberungsaktion
61422001	Verseuchtes Monster
61423001	Stellt Essenia wieder her.
61424001	Damals und heute
61461001	Geschäftshindernis
61462001	Ein Schatz unter der Ramschware
61481001	Ich bin ein Drachenjäger.
61482001	Berdashs Forschungsgerät
61483001	Proben für die Forschungen sammeln
61501001	[Partner] Geister-Ei
61630001	Unterstützung der Riveran
61631001	Paryas Handelsassistent
61632001	Pialtis Anliegen
61633001	Riveran-Wache
61634001	Riveran-Problemlöser
61640001	Riveran-Krieger
61650001	Blutbadtal-Unterstützung
61651001	Verräter bestrafen
61652001	Die Vorräte aufstocken
61653001	Hungriger Ahrep
61710001	Exodor-Expeditionslager unterstützen
61711001	Umwelt von Exodor untersuchen
61712001	Untersuchung der Wasserqualität
61713001	Öffentliche Sicherheit wahren
61730001	Klinge der Rache
61731001	Synchronangriff
61740001	Kristallisations-Heilmittel
61741001	Störfaktor
61742001	Umgebung aufräumen
61743001	Überlebenswichtige Güter
61901001	[Angeln] Angelliebhaber?
61902001	[Angeln] Fischgerichte!
61903001	[Angeln] Geldverdiener
61904001	[Angeln] Weiterentwicklung eines Anglers
61905001	[Angeln] Ein wütender Nachbar
61906001	[Angeln] Monsterwels angeln
61907001	[Angeln] Hafengeruch
61908001	[Angeln] Der Stolz des Brotverdieners
61909001	[Angeln] Fischeintopf
61910001	[Angeln] Lehren einer angeblichen Legende
61911001	[Angeln] Wette gegen die Legende
61912001	[Angeln] Auf den Geschmack gekommen
61913001	[Angeln] Anglerfestmahl
61914001	[Angeln] Oktopusse und Anfragen
70101001	[EVENT] Sakrale Pflichten
70102001	[EVENT] Gottesdienste
70103001	[EVENT] Die Feuer müssen brennen
70104001	[EVENT] Eiszeit bereit
70105001	[Event-Tagesquest] Faultiere bekämpfen
70106001	[Event-Tagesquest] Den Müll entsorgen
70107001	[Event-Tagesquest] Staub schläft nie
70108001	[Event-Tagesquest] Eistüpfelchen
70109001	[Event-Tagesquest] Raketen im Flug
70111001	[EVENT] Karneval der Fleischfresser
70112001	[Event-Tagesquest] Nicht auf der Speisekarte
70113001	[Event-Tagesquest] Die Party ist vorbei
70114001	[Event-Tagesquest] Die Party. Ist. Vorbei.
70115001	[EVENT] Das Leben ist ein Strand
70116001	[EVENT] Möchtet Ihr ein Spiel spielen?
70117001	[Event-Tagesquest] Minigame: Spritzkanone
70118001	[Event-Tagesquest] Minigame: Schlag die Melone
70119001	[Event-Tagesquest] Minigame: Sandburgen im Sand
70120001	[Event-Tagesquest] Die Anliegen des Hornschnitzers
70121001	[Event-Tagesquest] Schönheiten am Strand
70122001	[EVENT] Ramsays neues Hobby
70201001	[Farmerfestival] Unterwegs zum Jahrmarkt
70202001	[Farmerfestival] Zurück zu den Wurzeln
70203001	[Farmerfestival] Erstellt einen Bauernkalender
70204001	[Farmerfestival] Unten auf der Farm
70205001	[Farmerfestival-Tagesquest] Speisenlieferung
70206001	[Farmerfestival-Tagesquest] Ballentreter
70207001	[Farmerfestival-Tagesquest] Schafe hüten
70208001	[Farmerfestival-Tagesquest] Farmverwaltung
70209001	[Farmerfestival-Tagesquest] Ferkelrodeo
70211001	[Teichfeier] Teichleben
70212001	[Teichfeier] Macht Euch bereit für die Feier
70213001	[Teichfeier] Seerosen und Trommeln
70214001	[Teichfeier-Tagesquest] Versteckspiel
70215001	[Teichfeier-Tagesquest] Erledigt die Drachen
70216001	[Teichfeier-Tagesquest] Trommelreihe
70217001	[Teichfeier-Tagesquest] Blütenzauber
70218001	[Teichfeier-Tagesquest] Und der Beat geht weiter
70219001	[Farmerfestival] Freilande-Spezialcocktail
70220001	[Farmerfestival-Tagesquest] Freilande-Spezialcocktail
71101001	Prototypwaffen
80101001	Untersuchen der Nexustraverse
80902001	Angriff auf die Fleischerkatakomben I
80903001	Angriff auf die Fleischerkatakomben II
80904001	Angriff auf die Fleischerkatakomben III
80905001	Angriff auf die Fleischerkatakomben IV
90112001	Hallo, Schätzchen!
99999001	Quest nicht verfügbar
102201001	Val Oriyns Verteidigung
102221001	Der Mysteriöse Nexus
102222001	Der Mysteriöse Nexus
102223001	Der Mysteriöse Nexus
102224001	Der Mysteriöse Nexus
102225001	Der Mysteriöse Nexus
102226001	Der Mysteriöse Nexus
102227001	Der Mysteriöse Nexus
102228001	Der Mysteriöse Nexus
102229001	Der Mysteriöse Nexus
102230001	Der Mysteriöse Nexus
102231001	Der Mysteriöse Nexus
102232001	Der Mysteriöse Nexus
102233001	Der Mysteriöse Nexus
102234001	Der Mysteriöse Nexus
102235001	Der Mysteriöse Nexus
102236001	Der Mysteriöse Nexus
102237001	Der Mysteriöse Nexus
102238001	Der Mysteriöse Nexus
102239001	Der Mysteriöse Nexus
102240001	Der Mysteriöse Nexus
102241001	Der Mysteriöse Nexus
102242001	Der Mysteriöse Nexus
102243001	Der Mysteriöse Nexus
102244001	Der Mysteriöse Nexus
102301001	Card sharper
102302001	Card gambler
102303001	Card magician
102304001	Card knave
102305001	Card rogue
102306001	Card schemer
200001001	[Wichtig] Der Weg nach Exodor
200002001	[Wichtig] Die Erkundung von Exodor
200003001	[Wichtig] Rettungsaktion
200020001	Forschungen I
200021001	Forschungen II
200022001	Forschungen III
200101001	[Wichtig] Unerwarteter Assistent
200102001	[Wichtig] Notruf
200103001	[Wichtig] Bitte der Riveran
200120001	Vorräte sicherstellen
200121001	Waffenbeschaffung
200122001	Beginn der Rache
200201001	[Wichtig] Viridian-Morast
200202001	[Wichtig] Wichtiges
200203001	[Wichtig] Elions Verfolgung
200220001	Zur Erforschung einer Heilmethode
200221001	Zutaten des Heilmittels
200222001	Störenfried besiegen
200301001	[Wichtig] Zur Berakfestung
200302001	[Wichtig] Zum Maschinenraum
200303001	[Wichtig] Kern-Explosion
200304001	[Wichtig] Beerdigung
200305001	[Wichtig] Exodor-Basis
200320001	Verräter bestrafen I
200321001	Verräter bestrafen II
200322001	Innenmanöver I
200323001	Innenmanöver II
200324001	Innenmanöver III
302301001	Revenjs Ruf
302302001	Versteckter Feind
302401001	Ansturm auf die Arkarp-Brutstätte I
302402001	Ansturm auf die Arkarp-Brutstätte II
302501001	Ansturm auf die Arkarp-Brutstätte III
302502001	Ansturm auf die Arkarp-Brutstätte IV
310101001	[Dungeon] Schlüpfen der Schmetterlinge
310102001	[Dungeon] Parquinas Nest (leicht)
700008001	Infiltration von Vernos Laboratorium
700009001	Infiltration von Vernos Laboratorium (schwierig)
700010001	Erstürmt Durions Bluttempel
700013001	Greift Dungeon der Prüfungen: Akashas Versteck an!
700014001	Greift Dungeon der Prüfungen: Goldenes Labyrinth an!
700019001	Stürmt die Lilitasfestung (leicht)!
700023001	Dringt in die Lachelitas-Ruine (leicht) ein!
700024001	Erobert die Lachelitas-Ruine (schwierig)!
700027001	Beschützt das Velika-Untergrundtor!
700029001	Erobert Veliks Zuflucht zurück!
700030001	Erobert die Eingestürzte Zuflucht zurück!
700035001	Stürmt Syruks Forschungsstation
700038001	Gefräßigen Schlund erobern
700040001	RK-9 Hangar erobern
700041001	RK-9 Hangar (schwierig) erobern
700042001	Das Revolutionärslager erobern
700044001	Erobert den Antaros-Abgrund
700045001	Erobert den Antaros-Abgrund (schwierig)
700046001	Infiltration der Tenebrisfestung
700048001	Infiltration von Lians Untergrundhalle
700049001	Infiltration von Lians Untergrundhalle (schwierig)
700050001	Bahaars Wut bändigen
700051001	Meistert Dungeon der Prüfungen - Lilitasfestung
700055001	Parquinas Nest (leicht) erobern
700056001	Parquinas Nest (schwierig) erobern
700057001	Berakfestung erobern
700108001	Vernos Laboratorium
700109001	Infiltration von Vernos Laboratorium (schwierig)
700110001	Erstürmt Durions Bluttempel
700113001	Greift Dungeon der Prüfungen: Akashas Versteck an!
700114001	Greift Dungeon der Prüfungen: Goldenes Labyrinth an!
700119001	Stürmt die Lilitasfestung (leicht)!
700123001	Dringt in die Lachelitas-Ruine (leicht) ein!
700124001	Erobert die Lachelitas-Ruine (schwierig)!
700127001	Beschützt das Velika-Untergrundtor!
700129001	Erobert Veliks Zuflucht zurück!
700130001	Erobert die Eingestürzte Zuflucht zurück!
700134001	Erobert die Verlassene Insel (schwierig)
700135001	Stürmt Syruks Forschungsstation
700138001	Gefräßigen Schlund erobern
700140001	RK-9 Hangar erobern
700141001	RK-9 Hangar (schwierig) erobern
700142001	Infiltration des Revolutionärslagers
700144001	Erobert den Antaros-Abgrund
700145001	Erobert den Antaros-Abgrund (schwierig)
700146001	Infiltration der Tenebrisfestung
700148001	Infiltration von Lians Untergrundhalle
700149001	Infiltration von Lians Untergrundhalle (schwierig)
700150001	Bahaars Wut bändigen
700151001	Meistert Dungeon der Prüfungen - Lilitasfestung
700153001	Antaros-Abgrund (schwierig, 7 Personen) erobern
700155001	Parquinas Nest (leicht) erobern
700156001	Parquinas Nest (schwierig) erobern
700157001	Berakfestung erobern
800001001	Greift die Bastion Loks an!
800002001	Greift das Anwesen der Arglist an!
800003001	Greift den Aufstieg von Saravash an!
800004001	Greift die Zuflucht der Kultisten an!
800005001	Greift die Nekromantenkrypta an!
800006001	Greift das Goldene Labyrinth an!
800007001	Greift Akashas Versteck an!
800008001	Greift Salerons Himmelsgarten an!
800009001	Greift das Labyrinth des Schreckens an!
800010001	Greift den Ebenholzturm an!
800012001	Bezwingt Valona.
800014001	[Event] Den Fehler ausnutzen
800030001	Vernichtet Basilisken!
800031001	Beschützt Godrics Farm!
800033001	Besiegt die Moloche
800034001	Vernichtet Fimbrilisken!
800035001	Vernichtet Ovolithen!
800036001	Vernichtet Dämmerbasilisken!
800037001	Vernichtet Moloche Azarels!
800038001	Vernichtet Lauernde Teralithen!
800039001	Vernichtet Riesige Gladiatoren!
800040001	Vernichet Wüstenblitzkumas!
800041001	Vernichtet Geduldige Lithikumas!
800042001	Vernichtet Onyxhydrathe!
800043001	Vernichtet Ausgehungerte Basilisken!
800044001	Vernichtet Nagakampfmeister!
800045001	Vernichtet Nagaleviathanen!
800046001	Räumt die Brutstätte auf!
800047001	Vernichtet die Sandschleicherechsen!
800050001	Erobert die Kumaskrippe
800051001	Erobert die Kumaskrippe
800052001	Erobert die Kumaskrippe
800053001	Erobert die Kumaskrippe
800054001	Erobert die Kumaskrippe
800055001	Erobert die Kumaskrippe
800056001	Erobert die Kumaskrippe
800057001	Erobert die Kumaskrippe
800058001	Erobert die Kumaskrippe
800059001	Rächt die Gefallenen
800060001	Opfergaben
800061001	Grizzlyjagd
800062001	Vernichtet die Argonomorphe!
800063001	Säubert die Verdrehten Ebenen!
800064001	Loks Streitmacht schwächen
800065001	Vernichtet die einer Gehirnwäsche Unterzogenen!
800066001	Löst die Söldnerkompanie auf
800067001	Vernichtet die Kamara!
800068001	Vernichtet Prionnjalvar!
800069001	Säuberung von Mags Tohopka
800070001	Norukjagd
800071001	Eine Ruhestätte für die Wendigos
800101001	Rettet den Wald erneut
800104001	Rettet die Hügel erneut
800105001	Rettet die Klippen erneut
800106001	Beseitigt die Vampire erneut
800107001	Säubert die Minen erneut
800108001	Beschützt den Außenposten erneut
800109001	Säubert das Labyrinth erneut
800110001	Beendet die Rebellion erneut
800111001	Löscht das Wüstenfeuer erneut
800112001	Säubert den Aurumpfad erneut
800113001	Reinigt die Düstere Kathedrale erneut
800114001	Bezwingt die Brogarlegion erneut
800115001	Reinigt Schandholz erneut
800116001	Stutzt die Wälder erneut
800117001	Plündert die Piraten erneut
800118001	Verteidigt den Berg erneut
800119001	Reinigt die Zitadelle erneut
800120001	Säubert die Zone erneut
800121001	Säubert die Höhlen erneut
800122001	Befreit das Wilde Tal erneut
800123001	Erneut Diebe im Tempel
800124001	Erneut Helden gegen den Vulkan
800125001	Erobert die Höhlen erneut zurück
800126001	Beschützt den Finsterwald erneut
800127001	Beschützt den Susurrus Hain erneut
800128001	Beschützt Tor Exsul erneut
800129001	Säubert die Krypta des Untergangs
800130001	Befriedet die Ebene erneut
800131001	Säubert das Tal erneut
800132001	Reinigt das Unterholz von Tirkai erneut
800133001	Haltet erneut die Stellung
800134001	Säubert die Türme erneut
800135001	Verteidigt die Frontlinien erneut
800136001	Bewahrt den Frieden erneut
800137001	Beseitigt Felsschnäbel
800138001	Beseitigt Devanerbanditen
800139001	Holt die gestohlenen Geldsäcke zurück
800140001	Beseitigt Aufgebrachte Sporenwandler
800141001	Beseitigt Gefallene Verteidiger
800142001	Erobert das Devanerhauptquartier
800143001	Beseitigt die Nachkommen Loks
800144001	Beseitigt Bemooste Ghilliedhus
810001001	Greift die Bastion Loks an!
810002001	Greift das Anwesen der Arglist an!
810003001	Greift den Aufstieg von Saravash an!
810004001	Greift die Zuflucht der Kultisten an!
810005001	Greift die Nekromantenkrypta an!
810006001	Greift das Goldene Labyrinth an!
810007001	Greift Akashas Versteck an!
810008001	Greift Salerons Himmelsgarten an!
810009001	Greift das Labyrinth des Schreckens an!
810010001	Greift den Ebenholzturm an!
810012001	Bezwingt Valona.
810030001	Vernichtet Basilisken!
810031001	Beschützt Godrics Farm!
810033001	Besiegt die Moloche
810034001	Vernichtet Fimbrilisken!
810035001	Vernichtet Ovolithen!
810036001	Vernichtet Dämmerbasilisken!
810037001	Vernichtet Moloche Azarels!
810038001	Vernichtet Lauernde Teralithen!
810039001	Vernichtet Riesige Gladiatoren!
810040001	Vernichet Wüstenblitzkumas!
810041001	Vernichtet Geduldige Lithikumas!
810042001	Vernichtet Onyxhydrathe!
810043001	Vernichtet Ausgehungerte Basilisken!
810044001	Vernichtet Nagakampfmeister!
810045001	Vernichtet Nagaleviathanen!
810046001	Räumt die Brutstätte auf!
810047001	Vernichtet die Sandschleicherechsen!
810050001	Erobert die Kumaskrippe
810051001	Erobert die Kumaskrippe
810052001	Erobert die Kumaskrippe
810053001	Erobert die Kumaskrippe
810054001	Erobert die Kumaskrippe
810055001	Erobert die Kumaskrippe
810056001	Erobert die Kumaskrippe
810057001	Erobert die Kumaskrippe
810058001	Erobert die Kumaskrippe
810059001	Rächt die Gefallenen
810060001	Opfergaben
810061001	Grizzlyjagd
810062001	Vernichtet die Argonomorphe!
810063001	Säubert die Verdrehten Ebenen!
810064001	Loks Streitmacht schwächen
810065001	Vernichtet die einer Gehirnwäsche Unterzogenen!
810066001	Löst die Söldnerkompanie auf
810067001	Vernichtet die Kamara!
810068001	Vernichtet Prionnjalvar!
810069001	Säuberung von Mags Tohopka
810070001	Norukjagd
810071001	Eine Ruhestätte für die Wendigos
810101001	Rettet den Wald erneut
810104001	Rettet die Hügel erneut
810105001	Rettet die Klippen erneut
810106001	Beseitigt die Vampire erneut
810107001	Säubert die Minen erneut
810108001	Beschützt den Außenposten erneut
810109001	Säubert das Labyrinth erneut
810110001	Beendet die Rebellion erneut
810111001	Löscht das Wüstenfeuer erneut
810112001	Säubert den Aurumpfad erneut
810113001	Reinigt die Düstere Kathedrale erneut
810114001	Bezwingt die Brogarlegion erneut
810115001	Reinigt Schandholz erneut
810116001	Stutzt die Wälder erneut
810117001	Plündert die Piraten erneut
810118001	Verteidigt den Berg erneut
810119001	Reinigt die Zitadelle erneut
810120001	Säubert die Zone erneut
810121001	Säubert die Höhlen erneut
810122001	Befreit das Wilde Tal erneut
810123001	Erneut Diebe im Tempel
810124001	Erneut Helden gegen den Vulkan
810125001	Erobert die Höhlen erneut zurück
810126001	Beschützt den Finsterwald erneut
810127001	Beschützt den Susurrus Hain erneut
810128001	Beschützt Tor Exsul erneut
810129001	Säubert die Krypta des Untergangs
810130001	Befriedet die Ebene erneut
810131001	Säubert das Tal erneut
810132001	Reinigt das Unterholz von Tirkai erneut
810133001	Haltet erneut die Stellung
810134001	Säubert die Türme erneut
810135001	Verteidigt die Frontlinien erneut
810136001	Bewahrt den Frieden erneut
810137001	Beseitigt Felsschnäbel
810138001	Beseitigt Devanerbanditen
810139001	Holt die gestohlenen Geldsäcke zurück
810140001	Beseitigt Aufgebrachte Sporenwandler
810141001	Beseitigt Gefallene Verteidiger
810142001	Erobert das Devanerhauptquartier
810143001	Beseitigt die Nachkommen Loks
810144001	Beseitigt Bemooste Ghilliedhus
970010001	[Individuelle Ausrüstung] Siegt im Küstenterritorium.
970011001	Erobert die Kumaskrippe
970012001	Ein Kampf auf dem Winteraschneefeld!
970110001	[Individuelle Ausrüstung] Siegt im Küstenterritorium.
970111001	Erobert die Kumaskrippe
970112001	Ein Kampf auf dem Winteraschneefeld!
980051001	Lasst das Donnern der Kanonen erklingen!
980052001	Lasst das Donnern der Kanonen erklingen!
980053001	Lasst das Donnern der Kanonen erklingen!
980054001	Lasst das Donnern der Kanonen erklingen!
980055001	Lasst das Donnern der Kanonen erklingen!
980056001	Lasst das Donnern der Kanonen erklingen!
980057001	Lasst das Donnern der Kanonen erklingen!
980058001	Lasst das Donnern der Kanonen erklingen!
980059001	Lasst das Donnern der Kanonen erklingen!
981051001	Lasst das Donnern der Kanonen erklingen!
981052001	Lasst das Donnern der Kanonen erklingen!
981053001	Lasst das Donnern der Kanonen erklingen!
981054001	Lasst das Donnern der Kanonen erklingen!
981055001	Lasst das Donnern der Kanonen erklingen!
981056001	Lasst das Donnern der Kanonen erklingen!
981057001	Lasst das Donnern der Kanonen erklingen!
981058001	Lasst das Donnern der Kanonen erklingen!
981059001	Lasst das Donnern der Kanonen erklingen!
983001001	Siegt im Thron des Himmels!
983002001	Siegt im Thron des Himmels!
983101001	Stellt die Erinnerungen der Raqnanfestung wieder her!
983102001	Stellt die Erinnerungen der Raqnanfestung wieder her!
983201001	Greift die Petre-Brutstätte an!
983202001	Greift die Petre-Brutstätte an!
983302001	Führt die Wächter-Mission aus! A
983303001	Führt die Wächter-Mission aus! B
983304001	Führt die Wächter-Mission aus! C
983402001	Führt die Flug-Wächter-Mission aus!
983501001	Angeln ist Gold!
999601001	Besiegt einen Brutalen Basilisk (niedrig)!
999602001	Besiegt einen Brutalen Orisk (niedrig)!
999603001	Besiegt eine Brutale Arachnaea (niedrig)!
999604001	Besiegt einen Brutalen blutgebundenen Teralith (mittel)!
999605001	Besiegt einen Brutalen Fimbrilisk (mittel)!
999606001	Besiegt eine Brutale ätzende Reißzahnbrut (mittel)!
999607001	Besiegt einen Brutalen Naga (hoch)!
999608001	Besiegt einen Brutalen Stahlriesen (hoch)!
999609001	Besiegt einen Brutalen Onyxhydrath (hoch)!
999610001	Erobert das Heilige Becken.
999611001	Erobert den Essenischen Kamm.
999612001	Erobert die Siennaschlucht.
999701001	Besiegt einen Brutalen Basilisk (niedrig)!
999702001	Besiegt einen Brutalen Orisk (niedrig)!
999703001	Besiegt eine Brutale Arachnaea (niedrig)!
999704001	Besiegt einen Brutalen blutgebundenen Teralith (mittel)!
999705001	Besiegt einen Brutalen Fimbrilisk (mittel)!
999706001	Besiegt eine Brutale ätzende Reißzahnbrut (mittel)!
999707001	Besiegt einen Brutalen Naga (hoch)!
999708001	Besiegt einen Brutalen Stahlriesen (hoch)!
999709001	Besiegt einen Brutalen Onyxhydrath (hoch)!
999710001	Erobert das Heilige Becken.
999711001	Erobert den Essenischen Kamm.
999712001	Erobert die Siennaschlucht.
999805001	Besiegt Shandra Manaya!
999809001	Meldet Euch für eine Instanz für Dungeonhelden an!
999811001	Bauholz!
999812001	Marodierende Mandrille
999813001	Der Tod im Tal
999814001	Umkämpftes Gebiet
999815001	Setzt den Parthianern zu
999816001	Herz der Kühnheit
999818001	Parthianerreinigung
999819001	Weitereiern
999820001	Unerträglich
999821001	Seemonster
999822001	Austreibung trainieren
999823001	Überprüfen der Identität
999824001	Kalkzeit
999825001	Heiße Quellen heute Nacht
999826001	Kaiserliche Verstrickungen
999827001	Knochenfragmente
999828001	Die Nachfrage decken
999829001	Krabbeltierchen
999830001	Bestraft die Parthianer
999831001	Plünderer und Plünderer
999832001	Schwingende Ruinen
999833001	In der Alchemie verwurzelt
999834001	Entbehrliche Veränderung
999835001	Requiem für Baraka
999836001	Schreckliche Schildkröten
999837001	Mehr Dinge ändern sich
999838001	Offiziersmaterial
999840001	Überrumpelt!
999841001	Eine Schneise schlagen
999842001	Geerdet!
999843001	Dunkle Plünderungen
999844001	Gar nicht komisch
999845001	Ehrenabzeichen
999846001	Demokronenvernichtung
999847001	Bezwungener Zorn
999848001	Zerstörer der Meute
999849001	Tod den Demokronen!
999850001	Die Zeit der Reinigung
999851001	[Einheitliche Ausrüstung] Siegt in der Korsarenfestung.
999853001	[Individuelle Ausrüstung] Siegt im Canyon der Ehre.
999854001	[Einheitliche Ausrüstung] Siegt im Himmelsring der Helden.
999855001	Eine schnurrfekte Mission
999856001	Essenzielle Öle
999857001	Schreitet weiter voran
999861001	Angriff auf die Fleischerkatakomben!
999865001	Trophäen erbeuten
999875001	Guwangisäuberung
999876001	Bestraft die Parthianer
999877001	Offiziersmaterial
999878001	Demokronen sind das Leiden
999879001	Herz der Kühnheit
999880001	Kalkzeit
999881001	In der Alchemie verwurzelt
999882001	Requiem für Baraka
999883001	Geerdet!
999884001	Säubert Balders Tempel
999885001	Hinterhalt in der Sabexwaffenkammer!
999886001	Hinterhalt in der Sabexwaffenkammer!
999888001	Karottenengpass
999889001	Erforscht die Kanäle
999892001	Setzt auf den Sieger!
999897001	Das ist nicht richtig!
999898001	[Einheitliche Ausrüstung] Siegt in Unterirdisches Schlachtfeld.
999899001	Erobert die Kumaskrippe
999903001	Besiegt Meldita!
999904001	Besiegt den Wächter des Relikts!
999905001	Besiegt Shandra Manaya!
999909001	Meldet Euch für eine Instanz für Dungeonhelden an!
999911001	Bauholz!
999912001	Marodierende Mandrille
999913001	Der Tod im Tal
999914001	Umkämpftes Gebiet
999915001	Setzt den Parthianern zu
999916001	Herz der Kühnheit
999918001	Parthianerreinigung
999919001	Weitereiern
999920001	Unerträglich
999921001	Seemonster
999922001	Austreibung trainieren
999923001	Überprüfen der Identität
999924001	Kalkzeit
999925001	Heiße Quellen heute Nacht
999926001	Kaiserliche Verstrickungen
999927001	Knochenfragmente
999928001	Die Nachfrage decken
999929001	Krabbeltierchen
999930001	Bestraft die Parthianer
999931001	Plünderer und Plünderer
999932001	Schwingende Ruinen
999933001	In der Alchemie verwurzelt
999934001	Entbehrliche Veränderung
999935001	Requiem für Baraka
999936001	Schreckliche Schildkröten
999937001	Mehr Dinge ändern sich
999938001	Offiziersmaterial
999940001	Überrumpelt!
999941001	Eine Schneise schlagen
999942001	Geerdet!
999943001	Dunkle Plünderungen
999944001	Gar nicht komisch
999945001	Ehrenabzeichen
999946001	Demokronenvernichtung
999947001	Bezwungener Zorn
999948001	Zerstörer der Meute
999949001	Tod den Demokronen!
999950001	Die Zeit der Reinigung
999951001	[Einheitliche Ausrüstung] Siegt in der Korsarenfestung.
999953001	[Individuelle Ausrüstung] Siegt im Canyon der Ehre.
999954001	[Einheitliche Ausrüstung] Siegt im Himmelsring der Helden.
999955001	Eine schnurrfekte Mission
999956001	Essenzielle Öle
999957001	Schreitet weiter voran
999961001	Angriff auf die Fleischerkatakomben!
999965001	Trophäen erbeuten
999975001	Guwangisäuberung
999976001	Bestraft die Parthianer
999977001	Offiziersmaterial
999978001	Demokronen sind das Leiden
999979001	Herz der Kühnheit
999980001	Kalkzeit
999981001	In der Alchemie verwurzelt
999982001	Requiem für Baraka
999983001	Geerdet!
999984001	Säubert Balders Tempel
999985001	Hinterhalt in der Sabexwaffenkammer!
999986001	Hinterhalt in der Sabexwaffenkammer!
999988001	Karottenengpass
999989001	Erforscht die Kanäle
999990001	Auf in die Schneeballschlacht!
999997001	Das ist nicht richtig!
999998001	[Einheitliche Ausrüstung] Siegt in Unterirdisches Schlachtfeld.
999999001	Erobert die Kumaskrippe
