201001	Strife in the Fey Forest
202001	Faeries in a Fix
203001	Dark Hunger
212001	Another Test for the Worthy Gunner [Bonus]
213001	[Event] Victorious in Corsairs' Stronghold
214001	[Event] Victorious in Fraywind Canyon
221001	Fool in the Forest
222001	Keeping the Quota
223001	Ribs to Spare
224001	Preserved Meat
225001	The Path to Peace
226001	Maon's Domain
227001	Ham on the Lam
228001	Phonon's Flight of Fancy
229001	The Tooth, the Whole Tooth
230001	The Southern Forest
231001	The Mane Event
232001	Pluck Their Wings
233001	A Measure of Vengeance
234001	That Confounded Bridge
235001	Much Ado About Mushrooms
236001	Parts Unknown
237001	Preemptive Strike
238001	Hunting the Big Cats
239001	The Storm Has Passed
240001	A Brutal Sort of Mercy
241001	An Errand to Aron
242001	The Last Argument
243001	Hazardous Hunting
244001	The Faerie Emissary
270001	Suppression Orders: Sabertooths (Guild)
271001	Suppression Orders: Centaurs (Guild)
272001	Rise of the Dead
273001	Secrets of Zuras
301001	Devan Uprising
302001	Pulling Back the Veil
303001	Isolated Town
304001	Find the Captain
305001	To the Devan Encampment
306001	Sinister Ritual
322001	A Fol and His Money
323001	Hope Chests Spring Eternal
324001	Hanging on by a Thread
325001	Escort Services
327001	Every Dog Has His Day
328001	The Honored Dead
329001	The Devan Menace
330001	The Spore of the Problem
331001	Spiritual Scholarship
333001	Bringing Light to the Darkness
334001	Losing Focus
335001	Scouting Ahead
336001	Delving into Academia
337001	An Elegant Weapon from a More Civilized Empire
338001	One-Stop Shopping
339001	Out on the Edge
340001	Good News for a Change
341001	Breaking a Few Eggs
342001	Blazing Eyes
343001	Barking up the Wrong Tree
344001	Battle for Blood Run
370001	Suppression Orders: Devas (Guild)
371001	Suppression Orders: Undead (Guild)
372001	Suppression Orders: Devan Conspirators (Guild)
373001	(Guild) Suppression Orders: Ghilliedhus
374001	(Guild) Suppression Orders: Lanok
381001	Suppression Orders: Lanok (Vanarch)
401001	Rescue the Core
403001	Smoldering Bloodshard
421001	Into the Fire
422001	Vanquished Foes
423001	Ending the Nightmare
424001	Clear the Way
425001	Howling Mad
426001	Contested Territory
427001	Dark Knights Waning
428001	The Honored Dead
429001	Orders for the Intrepid
430001	Taming the Fangs
431001	Waiting for the Hammer to Fall
432001	Medicinal Properties
433001	Turning the Tables
434001	Reinforcing the Ramparts
435001	A Burning Mystery
436001	Peddle to the Metal
437001	To Valor and Glory
438001	A Shurian Recipe for Disaster
439001	Take No Prisoners
440001	Sic Semper Tyraks
441001	Don't Cross the Streams
443001	Essence of Bahaar
444001	Shards of Blood and Fire
469018	Decided to go to the underground with Syona.
470001	(Guild) Suppression Orders: Interlopers
471001	(Guild) Suppression Orders: Fangspawns and Groknars
472001	(Guild) Suppression Orders: Shurian Alliance
473001	(Guild) Suppression Orders: Fangspawns
474001	(Guild) Suppression Orders; Dark Predators
475001	(Guild) Suppression Orders: Tempest Kanash
480001	(Vanarch) Suppression Orders: Dark Alliance
481001	(Vanarch) Suppression Orders: Tempest Kanash
521001	Runaway's Request
522001	Help the Tuwangis
523001	Survey Says
524001	Survey Still Says
525001	Tu-what-gi?
526001	Understanding for a Price
527001	Missing Merchant
528001	Ingredients for the Antidote
529001	Lost Backpack
530001	The Emperor's New Hat
531001	Cash on Delivery
533001	Saving Jirra
534001	The Real Threat
535001	{@RawItem:206818}
536001	Collecting Data
537001	Best Served Cold
538001	Acquiring Assistance
539001	Moong, the Great and Terrible
540001	Cloak and Dagger
541001	Tearing Down Tuwangi
542001	Tuwangi Terror
543001	More Tuwangis to Kill
570001	(Guild) Suppression Orders: Mirelings
571001	(Guild) Suppression Orders: Babok Hollow
572001	(Guild) Suppression Orders: Sabertooths
573001	(Guild) Suppression Orders: Tuwangi Thorp
601001	Emergency Support
602001	The Force Behind the Devans
603001	Going on the Offensive
604001	From the Mouths of Scions
605001	Some Gave All
606001	For Valor Above and Beyond
621001	Deliver It to Furlan
622001	Ore, Really?
623001	Feed Them for Our Survival
624001	Yield to the Sheep
625001	Life-Risking Message
626001	Stubborn Old Man
627001	Reinforcing the Fences
628001	We Need Food
629001	A Solitary Soldier
630001	Eliminating the Skullcrushers
631001	Securing Provisions
632001	Bloody Comradeship
633001	Reckless Militia
635001	Securing the Safety of the Militia
636001	Small Revenge
637001	Reinforcement
638001	Time for Payback
639001	News of Victory
640001	Operation: Shrine Subjugation
641001	Justicars in the Shrine
642001	Alter Their Perspective
643001	Cleaning the Collection Point
644001	Pig on the Hill
645001	Outlaws in the Ruins
670001	(Guild) Suppression Orders: Gutrends
671001	(Guild) Suppression Orders: Bears
672001	(Guild) Suppression Orders: Arakia
681001	Suppression Orders: Arakia (Vanarch)
705001	Scruffy Kumas Herders
706001	Cultists' Conspiracy
707001	Mattin's Report
721001	Always Outnumbered, Never Forgotten
724001	Break Through the Lines
730001	No Small Matter
731001	Getting a Head in the World
732001	Gnash This
733001	The Hunters Become the Hunted
734001	I'm a Scholar Not a Soldier, Jim
735001	A Tiny Bit of Sabotage
736001	Hit Them Where it Hurts
737001	Take 'Em Down Hard
738001	Blessing of Kaia
739038	Infiltrate along the rooftop.
770001	(Guild) Suppression Orders: Red Fang Orcans
771001	(Guild) Suppression Orders: Ragers
772001	(Guild) Suppression Orders: Kumases
773001	(Guild) Suppression Orders: Scion Guards
774001	(Guild) Suppression Orders: Juggernaut Mercenaries
775001	(Guild) Suppression Orders: Barraq
781001	Suppression Orders: Barraq (Vanarch)
781021	Defeat Lakan's minions by yourself.
801001	Whereabouts of the Core
804001	Fraya's Faith
805001	Like a Brother to Me
806001	The Long Goodbye
821001	Road to Hungry Caverns
822001	Gold in Them Thar Swamps
823001	Gula Pet
824001	The Caiman Problem
825001	End of the Slavers
826001	Cut the Purse-Strings
827001	The Downstairs Scout
828001	Gula Head Soup
829001	Kitchen Battle
830001	Kobolds Will Listen to Anyone
831001	Balancing the Ledgers
832001	The Biggest Butcher
833001	Where's Rendia?
834001	Cruel as They Come
835001	Bitter Kindness
836001	Punish the Porters
837001	Painkillers
838001	Succor for the Victims
839001	Show Your Work
840001	Tears for the Fallen
841001	Unmentionable Stenchables
870001	(Guild) Suppression Orders: Vexatus Swamp
871001	(Guild) Suppression Orders: Kazuur Syndicate
872001	(Guild) Clearing the Catacombs
880001	(Vanarch) Depth Charge
901001	Federation Traitor
902001	Sic Semper Proditores
903001	Relic of a Bygone Age
904001	The Fall of the Betrayer
921001	Crocuta Blankets for the Night
922001	Eliminate the Raging Beasts
923001	Missing Supplies from Velika
924001	The Dangerous Nest
925001	Desperate Struggle for Survival
926001	Beholder of Darkness
927001	Eyes in the Darkness
928001	Cook the Chefs
929001	Cure for Crazy
930001	Don't Play with Knives
931001	Gula Leftovers
932001	Pride of the Protectors
933001	The Price of Hubris
934001	Mysterious Disappearance
935001	Remaining Proof
936001	The Best Offense Is...Dentistry
937001	Beheading a Nightmare
938001	The Circle Is Complete
970001	(Guild) Paws in Mid-Battle
971001	(Guild) Lust and Deceit
972001	(Guild) Chaos and Destruction
973001	(Guild) Suppression Orders: Tabruk
981001	(Vanarch) Suppression Orders: Tabruk
1021001	Island Vacation
1022001	Breaking the Shells
1023001	A Little Long in the Tooth
1024001	The Shell Game
1025001	Mycanar Trouble
1026001	A Makeup Test
1027001	It's Flotsam...or Is It Jetsam
1028001	Reach the Beach
1029001	Scales of Justice
1030001	Claws and Effect
1031001	Population Control
1032001	Fur the Ladies
1033001	Malagash Must Die
1034001	Bounding to the Overwatch
1035001	Feeling the Pinch
1036001	Their Only Weakness
1037001	I'm a Lumberjack, and I'm Okay
1038001	Agile Prey
1039001	An Aefra by any Other Name
1040001	Cold Hearted Snakes
1041001	Seeing Things Through
1042001	Snakes in a Tomb
1043001	No Foe Too Big...
1044001	Sundering the Fulcrum
1045001	Nuggets of Joy
1046001	No One Gets Off the Island
1047001	In Memoriam
1070001	(Guild) Beasts at the Viper Strand
1071001	(Guild) Butchery Starts with Skinning
1072001	(Guild) Suppression Orders: Serpentis Isle Beasts
1073001	(Guild) Master the Battlemasters
1074001	(Guild) Master the Clawmasters
1075001	(Guild) Nagas In Decline
1076001	(Guild) Fall of the Naga
1077001	(Guild) Challenging the Divine
1080001	(Vanarch) Toast of the Coast
1081001	(Vanarch) Challenging the Divine
1121001	Promises Made
1122001	The Pirates on the Shore
1123001	Useful Material
1124001	The Pirates' Orders
1125001	Kellonis's Panacea
1126001	To the Vanguard Bastion
1127001	Hidden Treasure of the Pirates
1128001	Retrieve the Explosives
1129001	Glaring Eyes
1130001	Underground Repository
1131001	I'm Logging This
1132001	Eliminate the Berserkers
1133001	The Right Tool for the Job
1134001	The Brutal Bosun
1135001	Finders, Keepers
1136001	Returning to the Ground
1137001	Hard (to Find) Rock
1138001	The Priceless Diaries
1139001	The Scouts on Watch
1140001	To the Commander
1141001	Repel All Boarders
1142001	Shards of Madness
1143001	Class Rings
1144001	The Dread Pirate Orless
1145001	Eliminate the Escorts
1170001	(Guild) Suppression Orders: Jagged Coast
1171001	(Guild) Suppression Orders: Red Lash Pirate Combatants
1221001	Secret Directive
1222001	Dirken's Test: Recover the Lost Articles
1224001	Dirken's Directive: Annoying Pirates
1225001	Shell Games
1226001	Mother's Tears
1228001	Joining the Varsity Team
1229001	The Untrustworthy
1230001	Expensive Can Also Mean Costly
1231001	Contraband Traffic
1233001	Scouring the Desolate Coast
1235001	Mission to Mistmoor
1236001	Wounded Zebulon
1237001	Executing Orders
1238001	Scouting the Rain Cages
1239001	Stolen Weapons
1240001	Wrecks on the Beach
1241001	Dances with Crabs
1242001	Please Save My Brother
1243001	It Can't Rain Everyday
1270001	(Guild) Suppression Orders: Sunken Yards
1271001	(Guild) Suppression Orders: Mistmoor Island North
1272001	(Guild) Suppression Orders: Grim Coast
1273001	(Guild) Suppression Orders: Abraxis
1282001	Suppression Orders: Abraxis
1301001	Dawn's Twilight
1302001	Another Fine Mess
1303001	The Secret Life of Trees
1304001	Making the Rounds
1305001	A Clue in the Dark
1306001	Traces of Darkness
1307001	Live by the Sword
1308001	Essence of Foreboding
1309001	Acharak Attacks
1310001	A Clue in the Dark
1311001	Redeployment
1312001	The Dark Patrol
1313001	Into the Gorge
1315001	Putting the Pieces Together
1316001	Dark Revelations
1317001	Ride Off into the Sunset
1318001	Hunting the Beasts
1319001	Dwellers of the Island
1321001	A Bridge Pretty Near
1322001	Unrest in the Forest
1323001	Getting Some Answers
1324001	Essence and Sensibility
1325001	The Perfect Cut
1326001	Mana out of Mudmen
1327001	Garrison in Distress
1328001	Academic Theft
1329001	Going Above and Beyond
1330001	Horned Horrors
1331001	Climbing through the Ranks
1332001	They'll Eat Anything
1333001	Twice the Bark, Twice the Bite
1334001	Investigating the Relics <Repeatable>
1335001	One of Our Couriers Is Missing
1336001	Chione's Missing Cargo
1337001	The Last One
1338001	Chione's Report
1339001	Sersine, She Seeks Shackles
1340001	Painful Disc-overies
1341001	Bequest of the Dead <Repeatable>
1343001	Answers Lead to More Questions
1344001	Destroy All Destroyers
1345001	Desperately Seeking Sorcha
1346001	Sorcha's Reckless Challenge
1347001	It Was a Rock...Crawler
1348001	Ferocious Flowering Felons
1349001	Gotta Kill 'Em All
1350001	Strange Attractors
1351001	Supply and Demand
1352001	Supply and Demand
1371001	Warrior Training
1372001	Lancer Training
1373001	Slayer Training
1374001	Berserker Training
1375001	Archer Training
1376001	Sorcerer Training
1377001	Priest Training
1378001	Mystic Training
1379001	Gunner Training
1382001	Gathering Your Strength
1383001	Gathering Your Strength
1384001	Getting to Know the Garrison
1385001	Always After Me Lucky Charms
1386001	Bombs Away
1389001	Emptying Pandora's Box
1390001	Special Delivery
1504001	A Manor Invasion
1505001	Discredit Where Credit Is Due
1506001	Circle the Wagons
1507001	Plague Hunt
1508001	Dementalith
1509001	Contagious Mastermind
1510001	Blood Will Always Tell
1511001	Watcher of the Manor
1521001	Follow Your Ears
1522001	Bloody Nuisance
1523001	Sanguine Synchronicity
1524001	Seek Retribution
1525001	Mutant Mash
1526001	Furious Fimbrilisks
1527001	Stop the Bleeding
1528001	History Is Now
1529001	Spread the Luck Around
1530001	Fangs of a Dilemma
1531001	More than One Flay to Skin a Cat
1532001	These Boots Are Made for Envy
1533001	Agriphobia
1534001	Bring Me a Shrubbery
1535001	What's Your Dill, Pickle?
1536001	Nothing to Bury
1537001	Good Deeds for the Day
1540001	First chapter of tale
1541001	Second chapter of tale
1542001	Third chapter of tale
1543001	Culmination of the tale
1544001	The story of the battle
1545001	Invasion of pumpkins
1570001	Guild Orders: Blood Fiends
1571001	(Guild) Mutant Recruits
1572001	(Guild) Suppression Orders: Atrocitas
1581001	(Vanarch) Suppression Orders: Atrocitas
1621001	Tracking Down Jadan
1622001	Disturbing News
1623001	Head Chief
1624001	A Folk Remedy
1625001	Hired Help
1626001	A Dead Man's Son
1627001	The Least You Can Do
1628001	Blood Tests
1629001	Clearing a Path
1630001	Start Spreading the News
1631001	Sudden Changes
1632001	Don't Test Me
1633001	Rampant Rumors
1634001	These Are the Stones You're Looking For
1635001	Until Death Parts You
1636001	One More Chance
1637001	Final Goodbye
1638001	Blood and a Hard Place
1639001	Tearing Down the Forces
1640001	Seeing Red
1641001	Scout It Out
1642001	It's the Little Things
1670001	(Guild) Defang the Vampirs
1721001	Countrycide
1722001	Air Drop
1723001	Out of Ploughshares Too
1724001	Distasteful Duty
1725001	Natural Predator
1726001	Join the Battle
1727001	Lifelines
1728001	You Look Very Familiar
1729001	How the Other Half Lives
1730001	Hootenanny
1731001	Quis Custodiet
1732001	Try Not to Look Important
1733001	Burn Before Reading
1734001	Serious Allegations
1735001	Blood for Blood
1736001	Tightening the Belt
1737001	How to Keep a Secret
1770001	(Guild) Heavens Fail
1771001	(Guild) Hog Hunting
1811901	Diver
1821001	Desert Fire Uprising
1822001	Researching Relics
1823001	Slip of the Spell
1824001	Kill the Fear Leader, Kill the World
1825001	Merchant King Dethroned
1826001	Finding Nema
1827001	Catching Up and Getting a Head
1828001	The Core of the Dead
1829001	Picking up the Slack
1830001	Misperception
1831001	Head of the Cult
1832001	How to Annoy Friends and Endanger People
1833001	Time Fragments
1834001	These Fragments I Have Shored against My Ruins
1835001	The Final Piece
1836001	Giant Problems
1837001	Cultists, Cultists Everywhere
1838001	Serving Two Masters
1840001	[Dungeon] Dark Reach Citadel
1870001	(Guild) Eliminate the Desert Fire Kulkaris
1871001	(Guild) Eliminate the Ancient Teraliths
1921001	Granary of Arun
1922001	Warthogs Ruin Everything
1923001	War Hyena Hunt
1924001	This Heart of Stone
1925001	Heart-Shaped Box
1926001	Building Fences
1927001	Suppression Report
1928001	Irreparable Mistake
1929001	Suspicious Scene
1930001	Lokian Brothers
1931001	Lokian Weapons
1932001	Destroy Sidurek
1933001	Sidurek's Secret
1934001	An Eye for an Eye
1970001	(Guild) Fangs a Lot
1971001	(Guild) Destroy the Golems
2001001	Revelation of the Goddess
2002001	These Aren't the Weapons We're Looking For
2003001	The Mystery Deepens
2021001	News from My Brother
2022001	Shrooms in the Gloom
2023001	The Tools of Slavery
2024001	Thermiosity
2025001	Morale Boost
2026001	Something to Remember Them By
2027001	Searching for Survivors
2028001	Old Weapon
2029001	Skull Collection
2030001	Mine Rescue
2031001	Cave-In
2032001	Clearing the Supply Route
2033001	A Token Effort
2034001	A Venom-enal Effort
2035001	Clandestine Meeting
2036001	Glow Little Glowstone
2037001	Stop the Research
2070001	(Guild) Suppression Orders: Slavers
2071001	(Guild) Suppression Orders: Skeletons
2072001	(Guild) Suppression Orders: Bloodclaw Arachnens
2122001	Checking the Movement of the Kulkaris
2123001	Help the Relic Expedition
2124001	The Tooth Will Set You Free
2125001	Desert Scavengers
2126001	Water in the Desert
2127001	Holy Statue
2128001	Lost Researcher
2129001	Blazing a Trail
2130001	Prophet's Staff
2131001	Archaeology 101
2132001	Archaeology 102
2133001	A Ruined Journey
2134001	Unfound Treasure
2136001	Eau My Gods
2137001	Medicinal Ingredients
2139001	Attar Stones
2140001	Seeking Permission
2141001	Basilisk's Threat
2142001	Aye, for an Eye
2143001	Strongest Material in the World
2144001	Silent Scream
2145001	Eggs-cellent
2170001	(Guild) Suppression Orders: Crag Stalkers
2171001	(Guild) Suppression Orders: Vicious Basilisks
2172001	(Guild) Suppression Orders: Deathglare
2181001	Suppression Orders: Deathglare
2221001	Eldritch Academy Reinforcement
2222001	Passing Notes
2223001	Age and Treachery
2224001	Dark Tutelage
2225001	Holiday Plans
2226001	Methods to the Madness
2227001	Going Down
2228001	Things Are Looking Up
2229001	Take Out the Head
2230001	Harming Marm
2231001	Teachers' Pets
2232001	Going for the Juggler
2233001	Snubbing the Aristocrats
2234001	Playing with Shadows
2235001	Chaos Is Ugly
2236001	Lok Up, Lok Down
2237001	Enemies in Low Places
2238001	Suffering Fools
2240001	Going to the Chapel
2250001	Cannons and Candy
2251001	The Party Bouncer
2270001	(Guild) Suppression Orders: Senior Apprentices
2271001	(Guild) Putting Them in Their Place
2272001	(Guild) Suppression Orders: Traitors
2305001	A Tale of Two Tails
2306001	Sibling Rivalry
2307001	The Domain of Witches
2308001	The Precocious Apprentice
2321001	Shoring Up
2322001	Living off the Land
2323001	Un-bearable Lightness of Being
2324001	Famous Lost Wines
2325001	The Sabercat's Meow
2326001	I Thought You'd Be Taller
2327001	A Walk in the Moonlight
2328001	Only You Can Prevent Forest Fires
2329001	Those Little Witches
2330001	Speaking in Jest
2331001	Transfer Orders
2332001	What Comes after Charred?
2333001	Who Kills the Watchers
2334001	Gardens of Stone
2335001	Cultists and Dogs Keep off Grass
2336001	Uninvited...with Extreme Prejudice
2337001	Purging the Aristocracy
2370001	(Guild) Horned Harvest
2371001	(Guild) Suppression Orders: Molten Fangspawns
2372001	(Guild) Suppression Orders: Trunus
2381001	Suppression Orders: Trunus
2421001	Desert Rats
2422001	Wretched Thirst
2423001	Pulling Strings
2424001	Stop Living Large
2425001	You've Been Voluntold
2426001	Scourge the Sands
2427001	Ancient Relic
2428001	One Crisis, One Soldier
2429001	Party Beads
2430001	A Dark Crystal
2431001	The Vanguard
2432001	Lost Contact
2433001	War of Attrition
2434001	Arena of Terror
2435001	Winds of War
2436001	Beach Blanket Demons
2437001	Demons Ruin Everything
2438001	Seeking Sea Shells by the Seashore
2439001	Guarding the Ruins
2440001	My Life Is in Ruins
2441001	Protector of the Source
2470001	(Guild) Suppression Orders: Tulufan Beasts
2471001	(Guild) Suppression Orders: Swift Storm Lizards
2472001	(Guild) Suppression Orders: Desert Lightning Kumas
2473001	(Guild) Suppression Orders: Solrachnus
2481001	Suppression Orders: Solrachnus
2501001	Secrets Not Meant to Be Known
2502001	A Race through Dark Places
2503001	Dark Dreams Sundered
2505001	The Guardian of Velika
2521001	Eliminate Remorseless Hyenas
2522001	Bitterly Sour Fruit
2523001	Dominating Shackles
2524001	Hunt for Simple Comparison
2525001	Good Night, Dread Knights
2526001	It Just Won't Die
2527001	Offense Is the Best Defense
2528001	To the Cathedral
2529001	Always the Latest Intelligence
2530001	Preemptive Strike for Victory
2531001	A King-Sized Pet
2532001	Break through Lokian's Defense
2533001	Evil Scripture
2534001	Fanatics and Thieves
2535001	Secret Agent Man
2536001	In Deeper
2537001	Dark Deeds
2539001	Hunt Shurian Champions
2540001	Hunt Down the Fanatic Priests
2541001	Commander Must Take the Fall
2548001	Burning Zeal
2570001	(Guild) Suppression Orders: Cultist Advance Party
2571001	(Guild) Suppression Orders: Undead Soldiers
2572001	(Guild) Suppression Orders: Cathedral Cultists
2573001	(Guild) Suppression Orders: Cultist Priests
2670001	(Guild) Suppression Orders: Resurrected Forest Creatures
2671001	(Guild) Suppression Orders: Andras
2681001	Suppression Orders: Andras
2701001	The Desert Jewel
2702001	Rotten to the Core
2770001	(Guild) Suppression Orders: Brogar Legion
2801001	Visions of Destiny
2803001	Shakan, Not Stirred
2870001	(Guild) Suppression Orders: Forest Creatures
2871001	(Guild) Suppression Orders: Reeking Orisks
2872001	(Guild) Suppression Orders: Terkasia
2881001	Suppression Orders: Terkasia
2950001	Getty's Invention 
2970001	(Guild) Suppression Orders: Vulcan Dreadnaughts
2971001	(Guild) Suppression Orders: Anansha
2981001	Suppression Orders: Anansha
3006001	To the Garden of the Sun
3007001	Keepers of the Sun
3008001	Seren's Lake
3009001	Into the Light
3010001	Under Balder's Eye
3021001	The Arcanet Is Down
3022001	Upright and Lost
3023001	Protecting Endangered Species
3024001	Three-Toed Terrors
3025001	Slasher Slaughter
3026001	Salve a Rash, Feed a Fever
3027001	Prayer of the Flower
3028001	The Daily Sloth
3029001	Core of the Problem
3030001	Leshoff's Luxurious Lotion
3032001	Always Know Where Your Towel Is
3033001	Tongue Tied
3034001	A Clean Slate
3035001	The Blame Game
3036001	Proper Stewardship
3037001	They're Ruining the Ruins
3038001	Resisting the Sloth
3039001	Good Fences Make Good Neighbors
3040001	Bearly Fashionable
3041001	Popo Pilgrims
3042001	Claws for Concern
3043001	Dust Beneath My Wings
3044001	 
3045001	The Eternal Omelet
3046001	Current Events
3047001	I'm Gonna Let It Shine
3048001	Oshar's Biggest Secret
3049001	Mowing Down the Competition
3050001	Recording the Past
3051001	Recording the Future
3052001	How We Mandrill
3071001	(Guild) Suppression Orders: Sloths
3072001	(Guild) Suppression Orders: Mandrills
3073001	(Guild) Suppression Orders: Arkais
3081001	Suppression Orders: Sloth
3082001	Suppression Orders: Mandrills
3083001	Suppression Orders: Arkais
3091001	Deadly Sloth
3092001	Mandrill Menace
3093001	Arkai Bounty
3101001	The Traitor of Acarum
3102001	Where's Kaidun
3103001	Freeing Kaidun
3121001	One Bad Apple
3122001	Better Late than Never
3123001	Safety First
3124001	The House that Mansur Built
3125001	Concrete Solutions
3126001	Would You Like to See the Wine List?
3127001	If I Had a Hammer, I'd Kill Some Ossugons
3128001	Feeding the Hungry
3129001	Dangerous Paths
3130001	Hunting the Wind
3131001	Sailor's Gold Coin
3132001	The Gulas' Secret Treasure
3133001	The Head of the Serpent
3134001	Stolen Research
3135001	Keep the Lights Burning
3136001	The Hills Are Alive
3137001	Silent Hunters
3138001	Burn the Witch
3139001	Bellyache
3140001	Cast at the Darkness
3141001	Toppling the Colossus
3170001	(Guild) Suppression Orders: Ossugons
3171001	(Guild) Suppression Orders: Drowned Gulas
3172001	(Guild) Suppression Orders: Onyx Hydraths
3173001	(Guild) Suppression Orders: Marutash
3174001	(Guild) Suppression Orders: Kestol
3180001	Suppression Orders: Naga Colossi and Deathreapers
3181001	Suppression Orders: Marutash
3182001	Suppression Orders: Kestol
3202001	Goddess' Truth
3221001	They Don't Need ALL Those Swords
3222001	Revenge of the Heart
3223001	What's Yours Is Mine
3225001	Rage against the Ragers
3226001	The Best Defense
3227001	Alternative Source of Supply
3228001	An Army Marches on Its Stomach
3229001	Grim Reapers
3230001	Cursed Arrows
3231001	Eliminate Baalark
3233001	Sihran Intelligence
3234001	Better than a Bouquet
3235001	Witch Hunt
3236001	Deserting Fighters
3237001	The Traitor's Right Arm
3238001	Chip off the Old Block
3239001	Triggering the Blackout
3270001	(Guild) Suppression Orders: Sihran Soldiers
3271001	(Guild) Suppression Orders: Sihran Defenders
3272001	(Guild) Suppression Orders: Stalker Company
3273001	(Guild) Suppression Orders: Magic Sihran
3291001	Seize the High Ground
3292001	Quashing the Rebellion
3293001	Stalking the Stalkers
3294001	The Sihran Leadership
3295001	Witch Tokens?
3298001	Acarum Crisis I
3299001	Acarum Crisis II
3321001	Gift of the Magi-Gone-Awry
3322001	The Trapped Soul
3323001	A Mockery of Just Us
3324001	Clowns and Dolls
3325001	The Moppet Show
3326001	Guided by Voices
3327001	A Cautionary Tale
3328001	Disc Discipline
3329001	Meet the Blood Guard
3330001	Getting Downstairs
3331001	An Insult to Soldiers Everywhere
3332001	Target: Necromancers
3333001	Easing the Burden
3334001	Til Death Do Us Part
3335001	Breaking the Circuit
3336001	Scrambled Ecesis
3337001	Prisoners' Revenge
3338001	Errand of Mercy
3339001	See You in the Fall
3370001	(Guild) Suppression Orders: Vampir Gentles
3371001	(Guild) Suppression Orders: Blood Guard
3372001	(Guild) Suppression Orders: Rotting Creatures
3380001	Suppression Orders: Inquisitors
3421001	Junaidar Predations
3422001	An Elf's Best Friend
3423001	Hold on to the Knife
3424001	Grim Prospects
3425001	Repo Work
3426001	Outreach in Frost Reach
3427001	The Bluer Part of Valor
3428001	Neither Sleet nor Snow nor Wendigos
3429001	The Burden of Leadership
3430001	Wendigo? When'd Who Go?
3431001	Red Shards in the Morning
3432001	Bully Psychology
3433001	Go for the Gold
3434001	The Nail that Sticks Up
3435001	Frosted Elves
3436001	Rite of Passage
3437001	They Might Be Giants
3438001	Breaking Barabok
3439001	Barsicores: Malevolent or Misunderstood?
3440001	Like Father, Like Son
3441001	A Huge Relief
3442001	Pruning the Predators
3443001	Insert Foot, Pull Tab
3444001	Elusive Shards
3470001	(Guild) Suppression Orders: Teriak
3471001	(Guild) Suppression Orders: Frygaras
3472001	(Guild) Suppression Orders: Sabranak
3481001	Suppression Orders: Teriak
3482001	Suppression Orders: Frygaras
3483001	Suppression Orders: Sabranak
3521001	The Few and the Brave
3522001	Thwarting Thulsa
3523001	Your Place or Mine?
3524001	Balancing the Scales
3525001	This Town Ain't Big Enough
3526001	Kill 'Em All, and Let Thulsa Sort 'Em Out
3527001	Restless Rage
3528001	Retrieve Weapons
3529001	Monsters in the Crags
3530001	Hide and Go Seek
3531001	Oversee This
3532001	Heads Will Roll
3533001	Condition Grounded
3534001	You'll Be a Dentist
3535001	Send Me Dead Flowers
3536001	Protect Jagged Crest
3570001	(Guild) Suppression Orders: Huzrat the Tyrant
3571001	(Guild) Suppression Orders: Croskurn Beasts
3572001	(Guild) Suppression Orders: Vulcan Wastewalkers
3573001	(Guild) Suppression Orders: Legion of Thulsa
3581001	Suppression Orders: Huzrat the Tyrant
3582001	Suppression Orders: Croskurn Beasts
3583001	Suppression Orders: Vulcan Wastewalkers
3584001	Suppression Orders: Legion of Thulsa
3621001	To Tor Exsul
3622001	All Demand, No Supply
3623001	Salvage Operation
3624001	Attack the Attackers
3625001	Remnants of Past Glory
3626001	Imp Possible
3627001	Break Through the Blockade!
3628001	Big Trouble
3629001	Ignorant Arcanist
3630001	Harts Afire
3631001	We Want, We Hope, and We're Afraid
3632001	Dyed in Blood
3634001	Tokens of the Dead
3635001	Hungry Like the Wolf
3636001	Double Axe Army
3637001	Tenebrara Trials
3638001	Killian's Stone
3639001	Jester's Minions
3641001	Love in Bloom
3670001	(Guild) Suppression Orders: Kelthuzad Vulcan
3671001	(Guild) Suppression Orders: Remnants
3672001	(Guild) Suppression Orders: Vale Hunter Arachnen
3673001	(Guild) Suppression Orders: Magmar Teralith
3681001	Suppression Orders: Kelthuzad Vulcan
3682001	Suppression Orders: Remnants
3683001	Suppression Orders: Vale Hunter Arachnen
3684001	Suppression Orders: Magmar Teralith
3702001	Fragment of Hope
3704001	The Imprisoned God
3705001	Test of the God
3721001	Hellhound on the Trail
3722001	A Ration-al Response
3723001	The Scouting Report
3724001	Too Mad for War
3725001	Bloody Mushrooms
3726001	Death and Tyrakses
3727001	Killian's Supply Lines
3728001	Whipping the Minions
3729001	Let's You and Him Fight
3730001	Argons by the Pack
3731001	Strike First and Strike Last
3732001	The Manaasthol Leaders
3733001	How Legends Are Born
3734001	Zhaathi Must Fall
3735001	Reeking of Safety
3736001	Prion Relics
3737001	Checking the Argons in the Crypt
3770001	(Guild) Suppression Orders: Prions
3771001	(Guild) Suppression Orders: Killian's Force
3772001	(Guild) Suppression Orders: Argons
3780001	Suppression Orders: Prions
3781001	Suppression Orders: Killian's Force
3782001	Suppression Orders: Argons
3821001	Back to Work
3826001	Who's Laughing Now?
3827001	Old Growth Timber
3828001	Eyes of Flame
3829001	Invaders at the Field of Fire
3830001	Arms and the Aman
3831001	Curioser and Curioser
3832001	Reaping the Reapers
3835001	What the Giants Left Behind
3836001	Jermir's Revenge
3837001	One Man Left Behind
3839001	Sleeping Giant
3840001	Tool Accountability
3870001	(Guild) Suppression Orders: Nyxarras
3871001	(Guild) Suppression Orders: Canyon Enemies
3872001	(Guild) Suppression Orders: Gluttonous Fangspawn
3874001	(Guild) Suppression Orders: Feldrin Ravine
3881001	Suppression Orders: Nyxarras 
3882001	Suppression Orders: Canyon Enemies
3883001	Suppression Orders: Gluttonous Fangspawn
3885001	Suppression Orders: Feldrin Ravine
3901001	Unveil the Mask
3921001	A Tangled Web
3922001	Shell Game
3923001	To Roughneck Outpost
3924001	Peel More Spiders
3925001	Slaying the Slavemasters
3926001	What Remains
3927001	Heart of Stone
3928001	Arachnologist AWOL
3929001	Without Mercy
3930001	A Helping Hand
3931001	Catch That Maligos
3932001	Loyal Servants of the Queen
3933001	Dreadfang's Fang
3934001	Paths of the Dead
3935001	Dread Retribution
3936001	What Lurks at the Center of the Web?
3937001	The Vrentsuul Hunt
3938001	Bad Science
3939001	Heart of the Conspiracy
3940001	Defeat the Clawrider Overseers
3941001	No One Left Behind
3942001	Children of Arachne
3970001	(Guild) Suppression Orders: Ovoliths
3971001	(Guild) Suppression Orders: Devastators
3972001	(Guild) Suppression Orders: Dulagoras
3980001	(Guild) Suppression Orders: Clawrider Overseers
3981001	Suppression Orders: Dulagoras
4001001	Fraya's Fury
4021001	Polluted Ground
4022001	Violent Mycanars
4023001	The Greater Need
4024001	Brutal Beasts
4025001	Plagued by Wolves
4026001	Annihilate Abductors
4027001	Thick as Thieves
4028001	Evidence of Wrongdoing
4029001	Unwelcome Guests
4030001	Dangerously Daft
4031001	A Peculiar Prefect
4032001	Who Guards the Guards
4033001	A Blessing in Disguise
4034001	Prion Eviscerators
4035001	Hide in Plain Sight
4036001	A Piercing Problem
4037001	Hurry Up and Wait
4038001	Miner Details
4039001	Mutant Miners
4040001	Not That Kind of Weed
4042001	A Hire Calling
4043001	Restless Miners
4044001	Sooie-eet Deal
4045001	Well, Well
4046001	Studies in Herbology
4070001	(Guild) Suppression Orders: Aberrations
4080001	Suppression Orders: Crestaraths
4102001	A New Breed
4121001	Missing Merchant
4122001	The Hunt Is On
4123001	Some Blood Between Friends
4124001	Raise Your Arms if You're Evil
4125001	Dead Basilisk Equals Good Basilisk
4126001	A Symbol of Peace
4127001	Soothing Safna
4128001	Good Medicine
4129001	There's Something in Your Eye
4130001	Blood for Peace
4131001	Control Solution
4132001	Destroy All Monsters
4133001	Spirit of Cooperation
4134001	Black Claw Warriors
4135001	To Crown a Leader
4136001	Enemy Monsters
4137001	Are You a Fan of Delicious Flavor?
4138001	The Red Flower of Courage
4151001	[Dungeon] Antaroth's Abyss
4170001	(Guild) Suppression Orders: Black Claw Fighters and Raiders
4171001	(Guild) Suppression Orders: Ravenous Basilisks
4172001	(Guild) Suppression Orders: Black Claws
4180001	Suppression Orders: Orisks
4202001	Dagon's Treasure
4221001	Supplying the Temple
4222001	An Alliance of Malevolence
4223001	Clear the Path
4224001	Besharan Blockage
4225001	Poison for Poison
4226001	Stone of the Resurrected
4227001	Heal Them All
4228001	Searching for Tilian
4229001	Trouble on the Wing
4230001	Plans Both Fang and Foul
4231001	Shards for Shields
4232001	Always in Control
4233001	Who Dropped This?
4234001	A Frightening Proposition
4235001	Taking on Tragoleth
4236001	A Business Proposition
4237001	Whispers of Rebirth
4238001	High-Value Targets
4239001	Crusade against the Crusaders
4240001	The Mekonari Campaign
4241001	Can They Wake Him?
4242001	Dagon's Apostle
4243001	Eggscellent
4244001	The Tablets of Dagon
4270001	(Guild) Suppression Orders: First Floor Survivors
4271001	(Guild) Suppression Orders: Second Floor Survivors
4272001	Suppression Orders: Second Floor Remnants
4273001	Suppression Orders: Third Floor Nagas
4280001	Suppression Orders: Third Floor Remnants
4503001	Building a Mysterium
4521001	A Little Help
4522001	Observations in the Field
4523001	Keeping Runes
4524001	Suspicious Pylons
4525001	Blowing Bubbles
4526001	More Bubbles
4527001	Shooting from the High Ground
4528001	Keeping an Eye Out
4529001	It Lives
4530001	Friendly Concern
4532001	Tuwangis in the Mist
4533001	Skyfields Forever
4534001	Left Behind
4535001	Fortress in a Mountain
4536001	Tuwangis and Toads
4537001	Wild and Woolly
4538001	An Unwelcome Visitor
4571001	(Guild) Suppression Orders: Lesser Argons
4572001	(Guild) Suppression Orders: Argonomorphs
4573001	(Guild) Suppression Orders: Argon Rear Guard
4574001	(Guild) Suppression Orders: Skyfields
4575001	(Guild) Suppression Orders: Draelteryx
4581001	Order to Subjugate the Bridgehead
4582001	Suppression Orders: Argonomorphs
4583001	Suppression Orders: Argon Rear Guard
4584001	Suppression Orders: Skyfields
4585001	Order to Subjugate Draelteryx
4601001	The Three Towers
4602001	Sole Survivor
4621001	Mysterious Tower
4622001	Strange Golem
4623001	Strange Flask
4624001	Not Just a Flower Pot
4625001	Argon Indoctrination
4626001	Spire's Demise
4627001	Techno-Taxidermy
4628001	Dark Faeries
4629001	Deeper into the Towers
4630001	We Interrupt This Program
4631001	Unbelievable Evolution
4632001	Evolving into Energy
4633001	Mystery Machine
4634001	Even Kulkaris Get the Blues
4635001	Shamans No More
4671001	(Guild) Suppression Orders: Kulkaris
4672001	(Guild) Suppression Orders: Sikandari
4673001	(Guild) Suppression Orders: Ossugon
4681001	Suppression Orders: Kulkaris
4682001	Suppression Orders: Sikandari
4683001	Suppression Orders: Ossugon
4701001	Cleansing Tirkai
4703001	Abandoned Argon Base
4721001	Those Who Return
4722001	Supply Shortage
4723001	Unpredictable Guys
4724001	Supply Chain
4725001	Poison Mushrooms
4726001	Sprouting Up
4729001	Rage On
4731001	Snake, Rattle, and Roll
4732001	The Bear Facts
4733001	Scouting the Scout Camp
4734001	Digging Dirt
4735001	Faerie Fury
4771001	(Guild) Order to Subjugate the Whitefrost Forest
4772001	(Guild) Order to Subjugate the Change Forest
4773001	(Guild) Order to Subjugate the Blightroar
4774001	(Guild) Order to Subjugate the Roaring Forest
4781001	Order to Subjugate the Whitefrost Forest
4782001	Order to Subjugate the Change Forest
4783001	Order to Subjugate the Blightroar
4784001	Order to Subjugate the Roaring Forest
4791001	Whitefrost Menace
4792001	Gulas and Their Pals
4793001	Trouble in Blightroar
4794001	Frontier Justice
4801001	Fire for Effect
4802001	The Goddess of War
4803001	War Veteran
4804001	Battle Wounds
4821001	Tactical Bacon
4823001	Walking in an Argon Wonderland
4824001	Hungry Like the Athakela
4825001	Casualties of War
4826001	I'm Going to Try Science
4827001	Payback's a Bitch
4828001	Give Those Back
4829001	Fallen, but Not Forgotten
4830001	Out of Harm's Way
4831001	One Father's Legacy
4833001	{@RawItem:206816} Supply
4834001	Hot to the Touch
4835001	Private Property
4837001	Fly the Unfriendly Skies
4838001	Access Denied
4839001	Head Shots
4840001	Clipping Wings
4841001	Hard-Won Lessons
4842001	Priority Targets
4843001	Smoldering Remains
4844001	Plucked from the Sky
4845001	Cut off the Head
4846001	Fighting for the Fallen
4847001	My Argon Ate My Homework
4848001	Tying the Hands
4849001	Downsizing the Argons
4871001	(Guild) Suppression Orders: Argons
4872001	(Guild) Suppression Orders: Gilgashes and Akalaths
4873001	(Guild) Suppression Orders: Hursaras
4881001	Suppression Orders: Argons
4882001	Suppression Orders: Gilgashes and Akalaths
4883001	Suppression Orders: Hursaras
4891001	Wholesale Slaughter
4892001	Size Matters Not
4901001	Into the Heart of Darkness
4902001	Cyasma Spire
4921001	Making Contact
4922001	And Now for the News
4923001	Time for the News
4924001	Breaking News
4925001	All the News That's Fit to Print
4929001	Breakfast of Merciless War-Machines
4930001	Up and Down, Site to Site
4931001	New and Improved
4932001	Delightfully Creepy, Yet Refined
4933001	Bird Watching
4934001	Eloquent Dissonance
4935001	The Tree of Knowledge
4936001	Saving the Casian Tree
4937001	Advanced Herbology
4939001	Day of the Arbor
4940001	{@Creature:76#1011}'s Field Guide
4941001	{@Creature:76#1011}'s Note
4942001	{@Creature:76#1011}'s Missive
4943001	Enemy Just Beyond the Gates
4944001	Sneak Attack
4945001	Watch Out
4946001	And Then There Were None
4947001	Secure the Area
4948001	Clashing with Slashers
4949001	Dark Sisters
4950001	The Master of the Spire
4951001	Test of the Seeker
4952001	Private Security
4953001	Miner Problems
4971001	(Guild) Suppression Orders: Argons
4972001	(Guild) Suppression Orders: Argon War Machines
4973001	(Guild) Suppression Orders: Volsurus
4981001	Suppression Orders: Argons
4982001	Suppression Orders: Argon War Machines
4983001	Suppression Orders: Volsurus
4991001	Plowing Ahead
4992001	Big Game Hunting
4993001	Too Many Argons I
4994001	Too Many Argons II
5001001	Finding the Flame
5002001	An End to War
5021001	Scientific Inquiries
5022001	Nature Finds a Way
5023001	Death of the Shaper
5024001	Sabotage...for a Good Cause
5025001	Bloody Harvest
5026001	A Gaggle of Gatherers
5027001	Heart of the Matter
5028001	Killing in the Name of Science
5029001	Path of Death
5031001	{@Creature:76#1011}'s Dispatch
5032001	{@Creature:76#1011}'s Last Letter
5033001	Unlocking the Gatekeeper
5034001	Finish What You Started
5035001	Testing the Mettle
5036001	Forged in Fire, Tempered with Kindness
5037001	The Viridian Caverns
5038001	A Glimmer of Hope
5039001	One Who Wanders Is Lost
5071001	(Guild) Suppression Orders: Argons
5072001	(Guild) Suppression Orders: Argon Behemoths
5073001	(Guild) Suppression Orders: Disholok
5081001	Suppression Orders: Argons
5082001	Suppression Orders: Argon Behemoths
5083001	Suppression Orders: Disholok
5091001	Applying Pressure
5092001	No Problem Too Big
5121001	A Mind Is a Terrific Thing to Dominate
5122001	Evening the Score
5123001	You Are Not a Unique or Beautiful Snowflake
5124001	Crystal Clear
5125001	In Case of Argon Domination, Break Glass
5126001	Shaken and Stirred Up
5127001	The Wayward Hunter
5128001	I'm Hunting Puddy-Tats
5129001	Something's Bugging Me
5131001	Fangs for Everything
5132001	This One Goes to Eleven
5133001	Family Comes First
5134001	You Are Here
5135001	No Country for Ice Giants
5136001	Justice Must Be Served
5137001	They Chose...Poorly
5138001	The Last Duty
5139001	Soup's On
5140001	Drinks for All My Men
5170001	(Guild) Suppression Orders: Linyphi
5171001	(Guild) Suppression Orders: Wendigos
5172001	(Guild) Suppression Orders: Dominated Beasts
5173001	(Guild) Suppression Orders: Vengeful Glacial Giants
5181001	Suppression Orders: Linyphi (Vanarch)
5182001	Suppression Orders: Wendigos (Vanarch)
5183001	Suppression Orders: Dominated Beasts (Vanarch)
5184001	(Guild) Suppression Orders: Vengeful Glacial Giants
5201001	Into the Furnace
5202001	Labyrinth of Terror
5203001	Materials for Miracles
5204001	Thulsa's Doom
5205001	The Harbinger of Annihilation
5221001	Isolated Soldiers
5222001	Darekuur the Twice-Beheaded
5223001	Keep the Scouts Away
5224001	Against the Praetors
5225001	Fur the Federation
5226001	News Flash for Habere
5227001	Assault the Assaulters
5228001	Cold as a Witch
5229001	Demon's Scream
5230001	Cure for Deadly Venom
5231001	To Firebase Audacity
5232001	Eliminate Thulsa's Cavalry Brigade
5233001	Enemy Supplies
5234001	Stoking the Furnace
5235001	The Pavor Favor
5236001	Necro-Tech in Action
5237001	The Coming Storm
5238001	Heartless Beasts
5239001	Dead for Good
5240001	Reclaim the Furnace
5241001	Tempered with Blood and Fire
5242001	Tarnishing Tarnos
5243001	The Worthy One
5244001	Reinforcements if You Please
5245001	Liberating Our Land
5250001	Crimson Pyrites
5251001	Horns of the Heroes
5270001	(Guild) Suppression Orders: Cursed Legion
5271001	(Guild) Suppression Orders: Firebase Attackers
5272001	(Guild) Suppression Orders: Raven Troops
5273001	(Guild) Suppression Orders: Yunaras Snaggletooth
5280001	Suppression Orders: Cursed Legion
5281001	Suppression Orders: Firebase Attackers
5282001	Suppression Orders: Furnace Occupiers
5283001	Suppression Orders: Yunaras Snaggletooth
5421001	All in a Fey's Work
5422001	Future So Blight
5423001	Guerillas in the Mist
5424001	Seeds of Hope
5425001	Go with Your Gut
5426001	Lace for the Cure
5427001	Where Are They Now?
5428001	Mass Effects
5429001	Leaving the Garden
5430001	Southern Discomfort
5431001	Mist Opportunity
5432001	Territorial Dispute
5433001	Oh Brothers, Where Art Thou?
5434001	Stone Cold Kumas
5435001	Saber Rattling
5436001	What Argon Wants
5437001	The Long and Winding Ode
5438001	An Inside Job
5439001	Fey Worse than Death
5440001	Above and Beyond
5441001	Mysterium Fix-It
5442001	Cull the Cullars
5470001	(Guild) Suppression Orders: Sic the Spiteful Sick
5471001	(Guild) Suppression Orders: Creatures of Faeglen
5472001	(Guild) Suppression Orders: Emberheart Dracoloth
5473001	(Guild) Suppression Orders: Broodmother
5480001	Suppression Orders: Sic the Spiteful Sick
5481001	Suppression Orders: Protect the Outpost
5482001	Suppression Orders: Emberheart Dracoloth
5483001	Suppression Orders: Broodmother
5495001	Saving Seeliewood I
5496001	Saving Seeliewood II
5501001	The Gauntlet Thrown Down
5502001	The Indomitable Spirit
5521001	Small Victories, Great Triumphs
5522001	Meating the Needs
5524001	Primal Fury
5525001	Faerie without a Cause
5526001	Curiosity Killed the Sabertooth
5527001	Quenching Their Thirst
5528001	Mycan Trouble for Everyone
5529001	Unseelie Behavior
5530001	What Hand Guides the Pawns
5531001	Open Wide and Say Mawww
5532001	A Bone to Pick
5533001	For Research Purposes Only
5534001	Do Not Meddle in the Affairs of Dracoloths
5535001	A Murder of Crows
5536001	Ruffling Some Feathers
5537001	Entreating with Traitors
5538001	Ending the Reign
5570001	(Guild) Suppression Orders: Jalmaraks
5571001	(Guild) Suppression Orders: Woodland Beasts
5572001	(Guild) Suppression Orders: Darkquaver Denizens
5573001	(Guild) Suppression Orders: Orisks
5574001	(Guild) Suppression Orders: Ksharans
5575001	(Guild) Suppression Orders: Malbinar Dracoloths
5576001	(Guild) Suppression Orders: Mekonaris
5580001	Suppression Orders: Jalmaraks
5581001	Suppression Orders: Woodland Beasts
5582001	Suppression Orders: Darkquaver Denizens
5583001	Suppression Orders: Orisks
5584001	Suppression Orders: Ksharans
5585001	Suppression Orders: Malbinar Dracoloths
5586001	Suppression Orders: Mekonaris
5601001	Drowned In Blood
5602001	Sikander's Bane
5621001	To Penetrate the Shadows
5622001	So Near, So Far
5623001	Someone Your Own Size
5624001	Far From Our Graves
5625001	Sower of Whirlwinds
5626001	The Burden of Commanders
5627001	Black Tidings
5628001	Get the Word Out
5629001	Lost Dog: Reward Offered
5630001	The Devouring Darkness
5631001	Blood for Blood
5632001	A Murder of Mekonaris
5633001	Killian's Razor
5634001	Heavy Hitters
5635001	Desecrate the Bloodtombs
5636001	You and What Army
5637001	Nevermore
5640001	[Dungeon] Grotto of Lost Souls
5670001	(Guild) Suppression Orders: Blockaders
5671001	(Guild) Suppression Orders: Mekonari Rebels
5672001	(Guild) Suppression Orders: Altar Guards
5673001	(Guild) Suppression Orders: Raethyark
5680001	Suppression Orders: Blockaders
5681001	Suppression Orders: Mekonari Rebels
5682001	Suppression Orders: Altar Guards
5683001	Suppression Orders: Raethyark
5721001	Turning the Tide
5722001	Vanquish This
5723001	Obedience School
5724001	What Lies Beneath
5725001	Range Free or Die Hard
5726001	Agents of Chaos
5727001	A Bloody Mess
5728001	Two by Two, Beaks of Blue
5729001	Champions of Sikander
5730001	A Duty Forsworn
5731001	Life Takers and Beak Breakers
5732001	What Price Honor
5733001	No Argon Word for Honor
5734001	Turning Back the Tide
5735001	Every Child Is Our Child
5736001	For Those about to Rock
5770001	(Guild) Suppression Orders: Betsael
5771001	(Guild) Suppression Orders: Storm Lizards
5772001	(Guild) Suppression Orders: Atel Akaad
5773001	(Guild) Suppression Orders: Sikandaris
5774001	Suppression Orders: Killian's Enforcers
5781001	Suppression Orders: Betsael
5782001	Suppression Orders: Storm Lizards
5783001	Suppression Orders: Atel Akaad
5784001	Suppression Orders: Sikandaris
5785001	Suppression Orders: Killian's Enforcers
6000001	[Dungeon] Devastated Villagers
6001001	[Dungeon] The Secret Weapon
6002001	[Dungeon] Bringing Down Exodor
6050001	The Missing Ingredient
6099001	An Enchanting Story
6140001	[Dungeon] Bahaar's Sanctum
6301001	Round, Round, Get Around
6302001	Give It the Ol' Collegium Try
6304001	Duel Purpose
6305001	Joining the Ranks
6306001	Legion of Arms
6307001	Duel Purpose
6321001	Bolstering the Home Front
6322001	To Tout Tuwangi Turbans
6323001	Following the Leader
6324001	In da Hood
6325001	Crowning Glory
6326001	Like a Sky Boss
6327001	You'd Make a Wonderful Dread Pirate
6328001	Party Hat On, Dudes
6329001	Wouldn't You Like to be a Popo, Too
6330001	Me and My Peeps
6331001	Chills, Quills, and Head Ornaments
6332001	All the Rage in Poporia
6333001	Top Hats
6334001	The Way to a Leopard's Heart
6335001	How Now Brown Cowl
6336001	The Cat's Meow
6337001	Sleepy Kittens
6338001	Grazing Saddles
6339001	Mount Up
6340001	[Event] Victory in Iron Battleground
6341001	[Event] Victory in Corsairs' Stronghold
6342001	[Event] Subjugation of the Hideout
6343001	[Event] A Manor Invasion
6344001	[Event] Conquer Cultists' Refuge
6345001	[Event] Conquer Necromancer Tomb
6346001	[Event] Conquer Golden Labyrinth
6347001	[Event] Conquer Ebon Tower
6348001	[Event] Conquer Labyrinth of Terror
6349001	[Event] Conquer Saleron's Sky Garden
6350001	[Event] Conquer Saravash's Ascent
6351001	[Event] Conquer Manaya's Core
6352001	[Event] Conquer Macellarius Catacombs
6353001	[Event] Conquer Sabex Armory
6354001	Easter commotion
6356001	Duel Citizen
6357001	Pony Up
6358001	Uncovering Glyphs
6359001	Inventory Trick
6361001	Dynamic Veridian
6364001	[Dungeon] Velik's Hold
6367001	Purchase Authorization - Advanced Supplies
6368001	Purchase Authorization - Master Supplies
6369001	Aerial Guardian
6370001	Collecting Cards
6371001	Neverending War Story I 
6372001	Neverending War Story II
6378001	Snowballs for Peace
6381001	We Have the Technology
6383001	Santia's Workshop
6384001	Enchanting for Dummies
6385001	Enchanting for Dummies Part 2
6395001	Snow Fighting
7000041	Complete Forsaken Island
7000341	Forsaken Island (Hard) Convergence
7205001	Clue of Hope
7282001	Have you got a Golden Ticket?
7290001	Are You Not Entertained?
7291001	We, Who Are About to Fight, Salute You (Battle)
7292001	Blood and Sand (Battle)
7293001	The Blood of Heroes (Battle)
7294001	Blood and Honor (Battle)
7295001	Fires of Glory (Battle)
7296001	Fires of Valor (Battle)
7297001	Fires of Honor (Battle)
7298001	Fires of Victory (Battle)
7299001	Sowing the Seeds of Blood
8421001	Some Pig
8422001	Spice it Up
8491001	Fires of Conquest (Battle)
8492001	Fires of Dominance (Battle)
8493001	The Horns of Battle (Battle)
8494001	The Horns of Triumph (Battle)
8496001	[Battleground] To the Fraywind Canyon!
8701001	Called to Serve
8702001	The Ash Princess
8703001	Picking up the Pieces
8704001	Secret of the Red Seal
8705001	Take the Fight to Them
8706001	Those Who Sow the Wind...
8707001	Reap the Whirlwind
8708001	Rise from the Ashes
8709001	New Member of the Federation
9999001	Unavailable Quest
10001001	Those Who Give a Craft
10002001	Arming the Keeners
10003001	Honing Your Skill
10004001	The Cutting Edge
10005001	Heavy Metal
10006001	The Wright Stuff
10007001	Get to the Point
10008001	A Lot o' Lance
10009001	Pride and Prowess
10010001	Taking Up Arms
10011001	It's All About Focus
10012001	Walk Softly
10013001	Getting into Focus
10014001	Focus Fire
10015001	Conduits of Power
10016001	Variable Focus
10017001	Hot Rods
10018001	Nature Likes Scepters
10019001	Focus on Mastery
10020001	The Better to Zot You With...
10021001	Forging the Fundamentals
10022001	All Suited Up
10023001	Foundry Fundamentals
10024001	Suiting Up
10025001	Layers Upon Layers
10026001	The Wright Metals
10027001	Meddling in Metals
10028001	Forge This
10029001	Works of Art and War
10030001	Armored Altitude
10031001	Seeking the Hide
10032001	Keener Skins
10033001	Hide and Stink
10034001	Tough, Yet Supple
10035001	No Skin off My Nose
10036001	Getting under Your Skin
10037001	Legacy of Leather
10038001	Field-Tested, Soldier-Approved
10039001	A Touch Most Deft
10040001	Elven Elegance
10041001	Needles and Threads
10042001	Clothing the Keeners
10043001	Clothing Time
10044001	Carry a Tunic
10045001	Weaving the Threads
10046001	Desert Threads
10047001	Welcome to the Sweat Shop
10048001	Under Pressure
10049001	The Craft of the Robe
10050001	The Technique of the Robe
10051001	Learn to Make It Yourself
10052001	Doing It for Yourself
10053001	Highly Experimental
10054001	Alchemical Understanding
10055001	It's in the Water
10056001	Smoke from the Water
10057001	Moonlight Alchemy
10058001	Alchemy Managed
10059001	Feeding the Troops
10060001	Alchemical Nourishment
10061001	Stretching Etchings 2
10062001	Stretching Etchings 3
10063001	Stretching Etchings 4
10064001	Stretching Etchings 1
10101001	Equipping the Lancers
10102001	Lancers Equipped
10103001	The Way of Swords
10104001	Following the Sword Way
10105001	Learning the Axe
10106001	Crafting the Axe
10107001	The Skill of the Lance
10108001	Crafting the Lance
10109001	Arming the Mystics
10110001	The How and Why of Scepters
10111001	Staffing Up
10112001	Staff Turnover
10113001	Disc Design
10114001	Disc Delivery
10115001	Improved Scepters
10116001	Scepter Skills
10117001	Heavy Learning
10118001	Hauberk Lifting
10119001	Heavy Metal
10120001	Putting the Art in Artisan
10121001	Forged Design
10122001	Hauberks for the War
10123001	Weighty Matters
10124001	Full Metal Crafting
10125001	Bear Necessities
10126001	Officer's Leathers
10127001	Leather Arts
10128001	Leather Leaders
10129001	Hell for Leather
10130001	Apply the Leather
10131001	Best Leathers
10132001	Top Leather
10133001	Mad Cloth Skills
10134001	Robes for the Troops
10135001	Fine Cloth Armor
10136001	The Whole Cloth
10137001	Embellish the Cloth
10138001	Enhanced Cloth
10139001	Strengthen the Cloth
10140001	Crafting the Cloth
10141001	Master's Call
10142001	The Robe to Mastery
10143001	Aligning with the Alchemy
10144001	Assenting to the Alchemy
17201001	Supplies and Demands
17202001	Checked Baggage
17203001	Worse than the Disease
17204001	The Sky Cruiser
17205001	An Army Travels on its Stomach
17206001	In-Flight Entertainment
17207001	The Battle for Intrepid
17208001	Rough Landing
17209001	Augurs and Omens
17210001	Trials and Errors
17211001	The Valley of the Guwangi
17212001	The Dangers of Diplomacy
17213001	Mechanically Inclined
17214001	The Not-So-Great Escape
17216001	A New Threat
17217001	Confident Support
17221001	[Dungeon] Thaumetal Refinery
17222001	[Dungeon] RK-9 Kennel
18101001	I Bring Bad Tidings
18102001	How Does This Work?
18103001	Stairway to Wisdom
18104001	Harrier and Harrier
18105001	Little Lost Lambs
18106001	Unforeseen Effects
18107001	Ritual of Solace
18108001	Non Compos Mentis
18109001	It's All Relative
18110001	Evade and Escape
18111001	Trash and Treasure
18112001	Zo-Zo's Petals
18113001	Narrowing the Search
18114001	The Search for Truth
18115001	Moment of Truth
18116001	Secret of the Storm Barrier
18117001	Tragedy and Triumph
18118001	War Is Nigh
18201001	Barreling In
18202001	Intercepted Transmission
18203001	In Search of Answers
18204001	Closer to the Truth
18205001	Lucky Charms
18206001	Weird Science
18207001	Stick with It
18208001	Not FDA-Approved
18209001	One Step Forward
18210001	Birthplace of Knowledge
18211001	Need to Know
18212001	One Price Left to Pay
18213001	Morick's Research Paper
18214001	The Frog Gig
18299001	You Have Talent
18301001	Making Connections
18302001	Intimidating Manner
18303001	Berserker Training: Punishing Strike
18304001	Berserker Training: Overwhelm
18305001	Berserker Training: Axe Counter
18306001	The Secret Master
18311001	The Ancient Masters
18324001	Champion's Challenge
18325001	[Event] Conquer the Final Challenge of Dreadspire
18326001	[Event] Conquer the Forsaken Island (Hard)
18327001	[Event] Conquer Forsaken Island
18331001	[Event] Conquer Akasha's Hideout (Solo)
18332001	[Event] Conquer Golden Labyrinth (Solo)
18333001	[Event] Conquer The Abscess (Solo)
18335001	[Event] Conquer Bathysmal Rise (Hard)
18336001	[Event] Complete the Timescape
18337001	[Event] Conquer Nightmare of Christmas
18352001	[Valkyrie] Omeros's Request
18353001	Dusty Tome
18355001	Fresh Armsand Legs
18357001	Hey Look, New Stuff
18358001	Ace Dungeons
18360001	Not Your Typical Raptor
18366001	[Event] Special Test of the Worthy Tank (Bonus)
18372001	[Event] A Guardian's Job 1
18373001	[Event] A Guardian's Job 2
18374001	[Event] A Guardian's Job 3
18375001	[Event] A Guardian's Job 4
18376001	[Event] A Guardian's Job 5
18377001	[Battleground] Road to Triumph
18378001	[Battleground] To the Gridiron
18380001	[Event] Awakening to the Evil
18381001	Elemental Frost Fusion
18382001	Elemental Fire Fusion
18383001	Apex Mission 418
18384001	Apex Mission 422
18385001	Apex Mission 428
18386001	Apex Mission 431
18387001	Apex Mission 432
18388001	Apex Mission 433
18389001	Apex Mission 435
18390001	Apex Mission 436
18391001	Apex Mission 437
18392001	Apex Mission 438
18393001	Apex Mission 439
19101001	Playing Catch-Up
19102001	Parts Are Parts
19103001	A Heavy Burden
19104001	Pulling the Strings
19105001	Unravelling the Mystery
19106001	Shut the Front Door
19107001	Having a Blast
19108001	Have Fun Storming the Castle
19109001	Into the Fortress
19110001	Never Let Go
19111001	In Pursuit of Justice
19112001	The Reckoning
21301001	Ominous News
21302001	Adria's Suspicion
21303001	Unforgettable Day
21304001	Tree of Ancient Gods
21305001	Suspect X
21306001	Unexpected Encounter
21307001	Bitter Truth
21311001	Littered Path
21312001	Sign of Hope
41101001	The Forge Master
41102001	Go for Broken.
41103001	Another Smith
41104001	Lessons of the Smith
41105001	Archesmith
41106001	From the Rift
41107001	Blacksmith of Fate
41501001	Reach the Beach
41502001	Reach the Beach
41503001	Reach the Beach
41504001	Reach the Beach
41505001	Reach the Beach
41506001	Reach the Beach
41507001	Reach the Beach
41508001	Reach the Beach
41510001	The Prologue Ends
41511001	The Prologue Ends
41512001	The Prologue Ends
41513001	The Prologue Ends
41514001	The Prologue Ends
41515001	The Prologue Ends
41516001	The Prologue Ends
41517001	The Prologue Ends
42421001	To Summon Kaprima
42491001	Syndication Extermination
42521001	Balder's First Trial
42522001	Balder's Second Trial
42523001	Balder's Third Trial
42524001	Balder's Final Test
42571001	(Guild) Suppression Orders: Guardians of {@Rgn:9025001}
42581001	Suppression Orders: Guardians of {@Rgn:9025001}
47121001	Vanished Spirit
47122001	Soulless Body
47123001	Deeply Rooted Grudge
47124001	Lasting Grudge
47125001	A Letter to My Wife
47126001	A Memory for My Mother
47127001	Path of Death
47170001	(Guild) Suppression Orders: Ksharan Soldiers
47171001	(Guild) Suppression Orders: Vedilith
47221001	Kurak's Lament
47222001	Konika's Favorite Food
47223001	Greedy Eyes
47224001	Sacrifices for Science
47226001	Grandpa's Stories
47270001	(Guild) Suppression Orders: Gulas
47271001	(Guild) Suppression Orders: Caimans
47272001	(Guild) Suppression Orders: Baracos
47280001	Suppression Orders: Corrupted Beings
47281001	Suppression Orders: Baracos
47321001	Blackhearts
47322001	Serve Me and Live Forever
47323001	Let Kaia Sort Them Out
47324001	Argon Assistants
47325001	Fight the Fiends
47326001	Thulsa's Cardinal
47327001	Effigy
47371001	(Guild) Suppression Orders: Blood Legion
47380001	Suppression Orders: Undying Corps
47621001	Redistribution of Death
47622001	Killian's Hounds
47623001	Killian's Orchestra
47624001	Killian's Mad Jesters
47625001	Bug Hunt
47626001	Argons in the Labyrinth
47627001	The Lasher
47628001	I Sense Something
47629001	Uneasy Lies the Head
47670001	(Guild) Suppression Orders: Killian's Clowns
47671001	(Guild) Suppression Orders: Killian's Musicians
47680001	Suppression Orders: Killian's Clowns
47681001	Suppression Orders: Killian's Musicians
48121001	Test Your Temerity
48701001	Once More unto the Breach
48721001	Lucrative Token
48722001	Membership Has Its Downsides
48723001	Impish Smiles
48724001	Fangs for Nothing
48725001	Mysterious Leather
48727001	Mysterious Blueprint
48728001	Encrypted Book
48770001	Suppression Orders: Devan Cultists
48821001	Treason's Reward
48822001	Coughing Up Blood
48823001	Lokians Lurking
48824001	New Converts
48825001	Return to the Dream
48826001	Take a Powder
48870001	(Guild) Suppression Orders: Ducal Soldiers
48871001	(Guild) Suppression Orders: Vampir Nobles
48872001	(Guild) Suppression Orders: Malgarios
48921001	Dark Beings
48922001	The Quality Is Superb
48923001	Book of the Abyss
48924001	Imp-robable Problem
48925001	The Last Thing We Wanted to See
48970001	(Guild) Suppression Orders: Dark Beings
48971001	(Guild) Suppression Orders: Abysmal Beings
48972001	(Guild) Suppression Orders: Bhaozurbas
49301001	Search and Destroy
49302001	Purging the Plague
49370001	(Guild) Cure for the Plague
50501001	[Apex] Velika Banquet
50502001	[Apex] Uninvited Guests
50511001	[Apex] 72 Hours Earlier
50512001	[Apex] Impending Doom
50525001	[Apex] Following the Followers
50526001	[Apex] Between Worlds
50527001	[Apex] Temper
50528001	[Apex] Self-Doubt
50529001	[Apex] Guilt
50530001	[Apex] Awakened
50531001	[Apex] One More Time
50532001	[Apex] Time Distortions
50533001	[Important] A Gift for the Goddess
50534001	[Important] The Missing Supplier
50535001	[Important] The Celestial Warrior
50536001	[Important] Olivung's Beginner Cooking Class
50537001	[Important] Olivung's Intermediate Cooking Class
50538001	[Important] Olivung's Cooking Class for Experts
50539001	[Important] The Melancholy of a Designer
50540001	[Important] Need a Rest
50541001	[Important] The Finest Fireworks
50545001	[Important] Skills and Glyphs
50546001	[Important] Guardian Gear
50547001	[Important] Accessories
50548001	[Important] Finishing Touches
50601001	[Important] Velik's Dream
50602001	[Important] Ill Deeds by Twilight
50603001	[Important] The Crash
51010001	Mysterious Symptoms
51011001	Stopping the Spread
51012001	The Truth
51020001	Find My Daughter!
51021001	For Essenia!
51022001	Butterfly Effect
51030001	Finding the Puppy
51031001	Remembrancer
51032001	Ghost and Crystal
51040001	Iron and Steel
51041001	Safety...No...Profit First!
51042001	A Relic's Value
51050001	Missing? Impossible! 
51051001	Medical Supplies for the Wounded
51052001	Good as New
55001001	Mastering Archery, Part I 
55002001	Mastering Archery, Part II 
55003001	Mastering Archery, Part III
55004001	Mastering Archery, Part IV
55005001	Mastering Archery, Part V
55007001	Challenge of the Masters
55008001	The Masters' Second Challenge
55011001	The Masters' Final Challenge
55016001	[Event] Final Test for the Worthy Brawler
55017001	[Event] Victory in Corsairs' Stronghold
55018001	[Event] Victory in Fraywind Canyon
55019001	[Event] A Guardian's Job 1
55020001	[Event] A Guardian's Job 2
55025001	To the Front Lines I
55026001	To the Front Line II
55027001	To the Front Lines III
55028001	To the Front Lines IV
55029001	To the Front Lines V
55030001	To the Front Lines VI
55031001	To the Front Lines VII
55032001	To the Front Lines VIII
55033001	Front Line Tactics I
55034001	Front Line Tactics II
55035001	Front Line Tactics III
55036001	Front Line Tactics IV
55037001	Front Line Tactics V
55038001	Front Line Tactics VI
55039001	Front Line Tactics VII
55040001	To the Front Lines I
55041001	To the Front Line II
55042001	To the Front Lines III
55043001	To the Front Lines IV
55044001	To the Front Lines V
55045001	To the Front Lines VI
55046001	To the Front Lines VII
55047001	To the Front Lines VIII
55048001	Front Line Tactics I
55049001	Front Line Tactics II
55050001	Front Line Tactics III
55051001	Front Line Tactics IV
55052001	Front Line Tactics V
55053001	Front Line Tactics VI
55054001	Front Line Tactics VII
59901001	To Help by Gathering
59902001	To Soothe a Crying Child
59903001	To Protect the Sorrow Tree
59904001	To Stop the Ghilliedhus
59905001	In the Name of Science
59906001	To Protect the Innocent
59907001	In Search of Lost Children
59908001	To Restore Nature
59909001	For Anya's Sake
59910001	For the Children
59911001	For the Federation!
59912001	For Valorous Service
60101001	The Beatings Will Continue until Reliability Improves
60102001	Capping the Well
60103001	The Dog Whimperer
60104001	Collating Data
60105001	The Shape of Things to Come
60106001	Grin and Bear It
60107001	Research Vectors
60108001	All in the Name of Science
60109001	Skirmishing for Science
60110001	Curiosity Killed the Scientist's Assistant
60111001	The Invalesco Strikes Back
60112001	One-stop Shopping at Argon Depot
60113001	Heavy Metals
60114001	Bring 'Em Back Alive
60115001	Communal Mutant Gardens
60116001	Bad Doggies
60117001	Gratitude of the Invalesco
60118001	A Summons from the Invalesco
60201001	A Nightmare on My Street
60202001	Waste Not, Want Not
60203001	High-Value Targets
60204001	Fighting on an Empty Stomach
60205001	Badge of Honor
60206001	Swarms of Blue and Black
60207001	Strike First, Strike Hard
60208001	Pull Tab to Open
60209001	They Hate Me in That Tunnel
60210001	Tunnel Rats
60211001	Fluxing the Capacitor
60212001	Pullin' the Plug
60213001	One Ring to Find Them
60214001	Myconic Toxicology
60215001	Forging the Next Generation
60216001	No Fighting on an Empty Stomach
60217001	On Behalf of the Shariar
60218001	Call of the Shariar
60301001	Beat the Brush
60302001	Varmint Hunting
60303001	Gearstalker
60304001	Argonian Safari
60305001	Shifting Wind
60306001	Wary Prey
60307001	Bag the Limit
60308001	Back at the Lodge
60309001	Valsekyr Hunting Horns
60401001	Up the Creek
60402001	Come Mister Valkyon
60403001	Trying to Be the Shepherd
60404001	Scarier Crows
60405001	Keep Off the Grass
60406001	Killing Trees to Save Them
60407001	First Chance to See
60408001	Sun Worship
60409001	A Chance of Sun
60410001	Cleaning the Shed
60411001	Time to Rest
60412001	You're Not on My List
60413001	The Seed Vault
60414001	Balder's Balm
60415001	The Pause that Refreshes
60416001	No Loafing
60417001	Nature's Perfect Food
60418001	Peaceful Victor
60419001	Peaceful Warriors
60501001	Stuff and Things
60502001	I Gather You Gather
60503001	The Hands' Hands
60504001	I Made This
60505001	Gath-Master
60506001	It's All Fun and Games
60507001	Great Expectations
60508001	Today, We Drink
60509001	Things and Stuff
60510001	Taratia's Job
60511001	Skin and Bonesand Claws
60512001	Body Parts, Part Ew
60513001	The Big, the Bad, and the Ugly
60514001	A Time to Kill
60515001	Trophy Hunting
60516001	Hunting the Hostiles
60517001	Happy Hunting
60518001	Monster Hunter
60519001	All For One, Am I Right?
60520001	Mental Health Day
60521001	Craftania Kingdom
60522001	No One Appreciates Middle-Management
60523001	Ladies and Gentlemen, the Hands of Velika
60524001	No One Appreciates Middle-Management
60528001	Hands with Many Hats
60601001	Puzzling Pieces
60602001	One Monster's Garbage is Another's Treasure
60603001	Ominously Silent Spring
60604001	What Could Possibly Go Wrong
60605001	Echoes in the Stone
60606001	Technological Terrors
60701001	Starting at the Bottom
60702001	Borrowing a Book
60703001	The Paper Chase
60704001	Delivering Papers
60705001	Pop Quiz
60706001	Mechanics of Magic
60707001	Fusion Confusion
60708001	A Tiny Problem
60709001	Fuelish Heart
60710001	Automated Delivery
60711001	Engineering the Outcome
60801001	Back to the Beach
60802001	Hungry for Profits
60803001	Market Research
60804001	Cutting Expenses
60805001	Routine Delivery
60806001	Urgent Delivery
60807001	Human Resources
60808001	Dealing with Shrinkage
60809001	Gentle Reminders
60811001	Friend of the Family
60901001	Ways of Highwatch Guards
61206001	Experimental Materials
61207001	The Mystical Wood
61210001	Forest Keeper's Wisdom
61241001	The Camp Hero
61244001	Stolen Cure
61263001	Pitapat Flower
61264001	Magic Lunch Box
61284001	Fish Dish in a Mountain
61301001	Cottery's Delivery
61302001	Mythical Enemies
61303001	Holding Action
61304001	No Other Choice
61305001	Total Recall
61308001	The Raider Job
61309001	Nature's Wrath
61342001	Delivering in Time
61343001	Ameldas's Interest
61421001	The Plan
61422001	Contaminated Monster
61423001	Recovering Essenia
61424001	Something at Sometime
61461001	Setback of the Deal
61462001	There's a Treasure!
61481001	The Dragonslayer
61482001	Verdas's Research Device
61483001	Gathering Samples
61501001	[Important] Hatching a Partner
61630001	Supporting Free Exodor
61631001	Supporting Farya's Business
61632001	A Favor for Piallte
61633001	Free Exodor Guard
61634001	Free Exodor Solver
61640001	Free Exodor Warrior
61650001	Supporting the Frontline
61651001	Punishment for Betrayal
61652001	Supply Support
61653001	Starving Aheaf
61710001	Supporting the Exodor Expedition
61711001	Exodor Environmental Research
61712001	Water Survey
61713001	Security Maintenance
61730001	Blade of Vengeance
61731001	Simultaneous Attack
61740001	Crystallization Cure
61741001	Disturbance
61742001	Cleaning Up
61743001	Essential Goods
61901001	[Fishing] Let's Go Fishing
61902001	[Fishing] Let's Cook Some Fish
61903001	[Fishing] Let's Sell Some Fish
61904001	[Fishing] Way of the Angler
61905001	[Fishing] Totally Safe. Totally.
61906001	[Fishing] Catch a Giant Blue
61907001	[Fishing] Something Fishy This Way Comes
61908001	[Fishing] Fishy Frittery Goodness
61909001	[Fishing] Big-Ass Fish Story
61910001	[Fishing] Legendary Angler
61911001	[Fishing] Casting for Gold
61912001	[Fishing] When It's Time To Relax I
61913001	[Fishing] When It's Time to Relax II
61914001	[Fishing] Octopus's Garden Salad
70101001	[Event] Holy Responsibilities
70102001	[Event] Attending Services
70103001	[Event] Keep the Fires Burning
70104001	[Event] Ice to Meet You
70105001	[EventDaily] Combating Sloth
70106001	[EventDaily] Taking Out the Trash
70107001	[EventDaily] Dust Never Sleeps
70108001	[EventDaily] Icing on the Cake
70109001	[EventDaily] Skyrockets in Flight
70111001	[Event] Carnival of Carnivores
70112001	[EventDaily] Off the Menu
70113001	[EventDaily] The Party's Over
70114001	[EventDaily] The Party. Is. Over.
70115001	[Event] Life's a Beach
70116001	[Event] Would You Like to Play a Game
70117001	[EventDaily] Splash Cannon Mini-Game
70118001	[EventDaily] Melon Bash Mini-Game
70119001	[EventDaily] Sand Castles in The Sand
70120001	[EventDaily] The Horn Carver's Concerns
70121001	[EventDaily] Beauty at the Beach
70122001	[Event] Ramsay's New Hobby
70201001	[Rootstock] Going to the Fair
70202001	[Rootstock] Get Back to Your Roots
70203001	[Rootstock] Create a Farmer's Almanac
70204001	[Rootstock] Down on the Farm
70205001	[RootstockDaily] Dish Delivery
70206001	[RootstockDaily] Kick-Bale
70207001	[RootstockDaily] Sheep Herding
70208001	[RootstockDaily] Ranch Management
70209001	[RootstockDaily] Higgledy-Piggledy
70211001	[Pond Faire] Pond Life
70212001	[Pond Faire] Prepare for the Faire
70213001	[Pond Faire] Lilies and Drums
70214001	[Pond FaireDaily] Hide-n-Seek
70215001	[Pond FaireDaily] Slay the Dragons
70216001	[Pond FaireDaily] Drumline
70217001	[Pond FaireDaily] Floral Attraction
70218001	[Pond FaireDaily] And the Beat Goes On
70219001	[Rootstock] Freeholds Specialty
70220001	[Rootstock-Daily] Freeholds Specialty
71101001	Archetype Weapons
80101001	Investigating Nexus Traverse
80902001	Clean up Macellarius Catacombs I
80903001	Clean up Macellarius Catacombs II
80904001	Clean up Macellarius Catacombs III
80905001	Clean up Macellarius Catacombs IV
90112001	Hello, Sweetie!
99999001	Unavailable Quest
102201001	Operation: Overwatch
102221001	The Mysterious Nexus
102222001	The Mysterious Nexus
102223001	The Mysterious Nexus
102224001	The Mysterious Nexus
102225001	The Mysterious Nexus
102226001	The Mysterious Nexus
102227001	The Mysterious Nexus
102228001	The Mysterious Nexus
102229001	The Mysterious Nexus
102230001	The Mysterious Nexus
102231001	The Mysterious Nexus
102232001	The Mysterious Nexus
102233001	The Mysterious Nexus
102234001	The Mysterious Nexus
102235001	The Mysterious Nexus
102236001	The Mysterious Nexus
102237001	The Mysterious Nexus
102238001	The Mysterious Nexus
102239001	The Mysterious Nexus
102240001	The Mysterious Nexus
102241001	The Mysterious Nexus
102242001	The Mysterious Nexus
102243001	The Mysterious Nexus
102244001	The Mysterious Nexus
102301001	Card SharpFluffy Squad
102302001	Card SharpRideable Lutino
102303001	Card SharpLighter Than Air
102304001	Card SharpScales and Flames
102305001	Card SharpHonor and Glory
102306001	Card SharpLakan's Legacy
200001001	[Important] The Way to Exodor
200002001	[Important] Exploring Exodor
200003001	[Important] The Rescue
200020001	Research Activity I
200021001	Research Activity II
200022001	Research Activity III
200101001	[Important] Help from a Stranger
200102001	[Important] Secret of the Crystals
200103001	[Important] The Attack
200120001	Securing Supplies
200121001	Weapon Supplies
200122001	The Revenge Begins
200201001	[Important] Iridian Wetlands
200202001	[Important] Rescue Mission
200203001	[Important] Pursuit
200220001	For the Cure
200221001	Ingredients
200222001	Handling Disturbance
200301001	[Important] To the Fortress
200302001	[Important] To the Engine Room
200303001	[Important] Engine Shutdown
200304001	[Important] The Hero Returns
200305001	[Important] Exodor Advance Base
200320001	Punishment for Betrayal I
200321001	Punishment for Betrayal II
200322001	Internal Maneuver I
200323001	Internal Maneuver II
200324001	Internal Maneuver III
302301001	Vogzu's Summon
302302001	Hidden Enemy
302401001	Clean up Azart Hatchery I
302402001	Clean up Azart Hatchery II
302501001	Clean up Azart Hatchery III
302502001	Clean up Azart Hatchery IV
310101001	[Dungeon] Dawn of the Butterflies
310102001	[Dungeon] Gossamer Vault
700008001	Complete the Demokron Factory
700009001	Conquer the Demokron Factory (Hard)
700010001	Complete the Shadow Sanguinary
700013001	Complete Akasha's Trial
700014001	Complete Baracos' Trial
700019001	Complete Lilith's Keep
700023001	Complete Ruinous Manor
700024001	Conquer Ruinous Manor (Hard)
700027001	Complete Velik's Hold
700029001	Complete Velik's Sanctuary
700030001	Conquer Velik's Sanctuary (Hard)
700035001	Complete the Thaumetal Refinery
700038001	Complete Ravenous Gorge
700040001	Complete the RK-9 Kennel
700041001	Conquer the RK-9 Kennel (Hard)
700042001	Complete the Red Refuge
700044001	Complete Antaroth's Abyss
700045001	Conquer Antaroth's Abyss (Hard)
700046001	Infiltrate Dark Reach Citadel
700048001	Complete the Grotto of Lost Souls
700049001	Conquer the Grotto of Lost Souls (Hard)
700050001	Complete Bahaar's Sanctum
700051001	Complete Lilith's Keep
700055001	Complete Gossamer Vault
700056001	Complete Gossamer Vault (Hard)
700057001	Conquer Verrak Fortress
700108001	Demokron Factory
700109001	Conquer the Demokron Factory (Hard)
700110001	Complete the Shadow Sanguinary
700113001	Complete Akasha's Trial
700114001	Complete Baracos' Trial
700119001	Complete Lilith's Keep
700123001	Complete Ruinous Manor
700124001	Conquer Ruinous Manor (Hard)
700127001	Complete Velik's Hold
700129001	Complete Velik's Sanctuary
700130001	Conquer Velik's Sanctuary (Hard)
700134001	Conquer Forsaken Island (Hard)
700135001	Complete the Thaumetal Refinery
700138001	Complete Ravenous Gorge
700140001	Complete the RK-9 Kennel
700141001	Conquer the RK-9 Kennel (Hard)
700142001	Complete the Red Refuge
700144001	Complete Antaroth's Abyss
700145001	Complete Antaroth's Abyss (Hard)
700146001	Complete Dark Reach Citadel
700148001	Complete the Grotto of Lost Souls
700149001	Conquer the Grotto of Lost Souls (Hard)
700150001	Complete Bahaar's Sanctum
700151001	Complete Lilith's Keep
700153001	Conquer Antaroth's Abyss (7-person)
700155001	Complete Gossamer Vault
700156001	Complete Gossamer Vault (Hard)
700157001	Conquer Verrak Fortress
800001001	Complete the Bastion of Lok!
800002001	Complete Sinestral Manor!
800003001	Complete Saravash's Ascent!
800004001	Complete the Cultists' Refuge!
800005001	Complete the Necromancer Tomb!
800006001	Complete the Golden Labyrinth!
800007001	Complete Akasha's Hideout
800008001	Complete Saleron's Sky Garden
800009001	Complete the Labyrinth of Terror!
800010001	Complete the Ebon Tower
800012001	Complete the Timescape
800014001	Conquer the Abscess (7-person)
800015001	Complete the Timescape
800016001	Win in Corsair's Stronghold
800017001	Win in Gridiron
800018001	Win in Kumasylum
800030001	Hunt Basilisks
800031001	Clean Up Godric's Farm
800033001	Hunt Juggernaut Mercenaries
800034001	Hunt Fimbrilisks
800035001	Hunt Ovoliths
800036001	Hunt Dusky Basilisks
800037001	Hunt Labyrinth Denizens
800038001	Hunt Lurking Teraliths
800039001	Hunt Giant Gladiators
800040001	Hunt Desert Lightning Kumases
800041001	Hunt Patient Lithikumases
800042001	Hunt Onyx Hydraths
800043001	Hunt Ravenous Basilisks
800044001	Hunt Naga Battlemasters
800045001	Hunt Naga Leviathans
800046001	Clean up the Hatchery
800047001	Hunt Sandlurker Lizards
800050001	Win in Kumas Royale
800051001	Win in Kumas Royale
800052001	Win in Kumas Royale
800053001	Win in Kumas Royale
800054001	Win in Kumas Royale
800055001	Win in Kumas Royale
800056001	Win in Kumas Royale
800057001	Win in Kumas Royale
800058001	Win in Kumas Royale
800059001	Hunt Devas
800060001	Hunt Runekeepers
800061001	Hunt Tirkai Grizzlies
800062001	Hunt the Argonomorphs!
800063001	Clean up the Twisted Plains
800064001	Clean up the Cardovek Remnants
800065001	Clean up the Shattered City
800066001	Clean up the Bloodblades
800067001	Hunt Kamaras
800068001	Hunt Prion Njalvars
800069001	Clean up Mags Tohopka
800070001	Hunt Noruks
800071001	Hunt Wendigos
800101001	Clean up the Fey Forest
800104001	Clean up the Celestial Hills
800105001	Clean up the Cliffs of Insanity
800106001	Clean up the Vale of the Fang
800107001	Clean up the Tenebrous Mines
800108001	Clean up Mistmoor Island
800109001	Clean up Azarel's Labyrinth
800110001	Clean up the Lake of Tears
800111001	Clean up the Colossal Ruins
800112001	Clean up Aurum Road
800113001	Clean up the Dark Cathedral
800114001	Clean up Essenian Crest
800115001	Clean up the Blightwood
800116001	Clean up the Timeless Woods
800117001	Clean up Tempest Reach
800118001	Clean up Mount Tyrannus
800119001	Clean up the Citadel of Torment
800120001	Clean up the Quarantine Zone
800121001	Clean up Arachnaea
800122001	Clean up the Feral Valley
800123001	Clean up the Temple of Dagon
800124001	Clean up Fyrmount
800125001	Clean up the Hungry Caverns
800126001	Clean up the Darkquaver Woods
800127001	Clean up the Susurrus Woods
800128001	Clean up Tor Exsul
800129001	Clean up the Doomcrypt
800130001	Clean up the Plain of the Damned
800131001	Clean up the Vale of Spires
800132001	Clean up Tirkai Forest
800133001	Clean up Thrallhold
800134001	Clean up the Three Towers
800135001	Clean up the Khanovar Front
800136001	Clean up Argonea
800137001	Hunt Stonebeaks
800138001	Hunt Devan Scouts
800139001	Collect Stolen Money Bags
800140001	Hunt Agitated Sporewalkers
800141001	Hunt Fallen Defenders
800142001	Hunt Devan Raiders
800143001	Hunt Lok Believers
800144001	Hunt Mossy Ghilliedhus
810001001	Complete the Bastion of Lok
810002001	Complete Sinestral Manor
810003001	Complete Saravash's Ascent
810004001	Complete the Cultists' Refuge
810005001	Complete the Necromancer Tomb!
810006001	Complete the Golden Labyrinth
810007001	Complete Akasha's Hideout
810008001	Complete Saleron's Sky Garden!
810009001	Complete the Labyrinth of Terror
810010001	Complete the Ebon Tower
810012001	Complete the Timescape
810030001	Hunt Basilisks
810031001	Clean up Godric's Farm
810033001	Hunt Juggernaut Mercenaries
810034001	Hunt Fimbrilisks
810035001	Hunt Ovoliths
810036001	Hunt Dusky Basilisks
810037001	Hunt Labyrinth Denizens
810038001	Hunt Lurking Teraliths
810039001	Hunt Giant Gladiators
810040001	Hunt Desert Lightning Kumases
810041001	Hunt Patient Lithikumases
810042001	Hunt Onyx Hydraths
810043001	Hunt Ravenous Basilisks
810044001	Hunt Naga Battlemasters
810045001	Hunt Naga Leviathans
810046001	Clean up the Hatchery
810047001	Hunt Sandlurker Lizards
810050001	Win in Kumas Royale
810051001	Win in Kumas Royale
810052001	Win in Kumas Royale
810053001	Win in Kumas Royale
810054001	Win in Kumas Royale
810055001	Win in Kumas Royale
810056001	Win in Kumas Royale
810057001	Win in Kumas Royale
810058001	Win in Kumas Royale
810059001	Hunt Devas
810060001	Hunt Runekeepers
810061001	Hunt Tirkai Grizzlies
810062001	Hunt Argonomorphs!
810063001	Clean up the Twisted Plains
810064001	Clean up the Cardovek Remnants
810065001	Clean up the Shattered City
810066001	Clean up the Bloodblades
810067001	Hunt Kamaras
810068001	Hunt Prion Njalvars
810069001	Clean up Mags Tohopka
810070001	Hunt Noruks
810071001	Hunt Wendigos
810101001	Clean up the Fey Forest
810104001	Clean up the Celestial Hills
810105001	Clean up the Cliffs of Insanity
810106001	Clean up the Vale of the Fang
810107001	Clean up the Tenebrous Mines
810108001	Clean up Mistmoor Island
810109001	Clean up Azarel's Labyrinth
810110001	Clean up the Lake of Tears
810111001	Clean up the Colossal Ruins
810112001	Clean up Aurum Road
810113001	Clean up the Dark Cathedral
810114001	Clean up Essenian Crest
810115001	Clean up the Blightwood
810116001	Clean up the Timeless Woods
810117001	Clean up Tempest Reach
810118001	Clean up Mount Tyrannas
810119001	Clean up the Citadel of Torment
810120001	Clean up the Quarantine Zone
810121001	Clean up Arachnaea
810122001	Clean up the Feral Valley
810123001	Clean up the Temple of Dagon
810124001	Clean up Fyrmount
810125001	Clean up the Hungry Caverns
810126001	Clean up the Darkquaver Woods
810127001	Clean up the Susurrus Woods
810128001	Clean up Tor Exsul
810129001	Clean up the Doomcrypt
810130001	Clean up the Plain of the Damned
810131001	Clean up the Vale of Spires
810132001	Clean up Tirkai Forest
810133001	Clean up Thrallhold
810134001	Clean up the Three Towers
810135001	Clean up the Khanovar Front
810136001	Clean up Argonea
810137001	Hunt Stonebeaks
810138001	Hunt Devan Scouts
810139001	Collect Stolen Money Bags
810140001	Hunt Agitated Sporewalkers
810141001	Hunt Fallen Defenders
810142001	Hunt Devan Raiders
810143001	Hunt Lok Believers
810144001	Hunt Mossy Ghilliedhus
970010001	Win in Shore Hold.
970011001	Win in Kumas Royale
970012001	It's Time for Wintera Snowfield!
970110001	[Personal Equipment] Gain Victory in Shore Hold.
970111001	Win in Kumas Royale
970112001	It's Time for Wintera Snowfield!
980051001	Win in the Iron Battleground
980052001	Win in the Iron Battleground
980053001	Win in the Iron Battleground
980054001	Win in the Iron Battleground
980055001	Win in the Iron Battleground
980056001	Win in the Iron Battleground
980057001	Win in the Iron Battleground
980058001	Win in the Iron Battleground
980059001	Win in the Iron Battleground
981051001	Win in the Iron Battleground
981052001	Win in the Iron Battleground
981053001	Win in the Iron Battleground
981054001	Win in the Iron Battleground
981055001	Win in the Iron Battleground
981056001	Win in the Iron Battleground
981057001	Win in the Iron Battleground
981058001	Win in the Iron Battleground
981059001	Win in the Iron Battleground
983001001	Win in Celestial Arena
983002001	Win in Celestial Arena
983101001	Complete Echoes of Aranea
983102001	Complete Echoes of Aranea
983201001	Complete the Pit of Petrax
983202001	Complete the Pit of Petrax
983302001	Complete Guardian Legion Missions I
983303001	Complete Guardian Legion Missions II
983304001	Complete Guardian Legion Missions III
983402001	Dominate the Skies
983501001	Fishing! So much fun!
999601001	Hunt Brutal Basilisks
999602001	Hunt Brutal Orisks
999603001	Hunt Brutal Ovoliths
999604001	Hunt Brutal Bloodbound Teraliths
999605001	Hunt Brutal Fimbrilisks
999606001	Hunt Brutal Searing Fangspawns
999607001	Hunt Brutal Naga Battlemasters
999608001	Hunt Brutal Iron Giants
999609001	Hunt Brutal Onyx Hydraths
999610001	Conquer Blessing Basin
999611001	Conquer Essenian Crest
999612001	Conquer Sienna Canyon
999701001	Hunt Brutal Basilisks
999702001	Hunt Brutal Orisks!
999703001	Hunt Brutal Ovoliths
999704001	Hunt Brutal Bloodbound Teraliths
999705001	Hunt Brutal Fimbrilisks
999706001	Hunt Brutal Searing Fangspawns
999707001	Hunt Brutal Naga Battlemasters
999708001	Hunt Brutal Iron Giants
999709001	Hunt Brutal Onyx Hydraths
999710001	Conquer Blessing Basin
999711001	Conquer Essenian Crest
999712001	Conquer Sienna Canyon
999805001	Complete Manaya's Core
999809001	Dungeon Raiders
999811001	Clean up the Velika Outskirts
999812001	Hunt Mandrills
999813001	Hunt Guwangis
999814001	Clean up Mendara Cavern
999815001	Clean up the Pools of Zurusuru
999816001	Collect Engine Pieces
999818001	Clean up the Yaldaru Hills
999819001	Collect Moaloth Eggs
999820001	Hunt Starving Velika Bears
999821001	Hunt Orisks
999822001	Hunt Demokron Thralls
999823001	Clean up Spring Valley
999824001	Collect Lime Deposits
999825001	Clean up the Hina Hot Springs
999826001	Hunt the Archdevan Imperial Army
999827001	Clean up Kazan's Ridge
999828001	Collect Vanguard Supply Crates
999829001	Hunt Jungle Arachnens
999830001	Hunt Spring Valley Invaders
999831001	Hunt Demokron Shock Troopers
999832001	Hunt Ruins Guardians
999833001	Collect Reflective Roots
999834001	Hunt Deformed Fangspawns
999835001	Collect Soul Fragments
999836001	Clean up Diranas Quarry
999837001	Hunt Mutating Parthians
999838001	Hunt Archdevan Imperial Officers
999840001	Hunt Goblin Brigands
999841001	Clean up Frostvale
999842001	Collect Boxes of Parts
999843001	Hunt Snowfall Sabertooths
999844001	Hunt Frostclaw Hyenas
999845001	Hunt the Bloodthrall Corps
999846001	Hunt Lesser Demokrons
999847001	Hunt Furyguards
999848001	Hunt Parthian Brutes
999849001	Hunt Demokron Thralls
999850001	Clean up the Delvias Front
999851001	[Unified Gear] Gain Victory in Corsairs' Stronghold.
999853001	[Personal Equipment] Gain Victory in Fraywind Canyon.
999854001	[Unified Gear] Gain Victory in Champions' Skyring.
999855001	Hunt Onyx Jungle Sabertooths
999856001	Collect Blatherweed
999857001	Hunt Greater Demokrons
999861001	Complete Macellarius Catacombs
999865001	Hunt Valley Noruks
999875001	Clean up Boscan Terrace
999876001	Hunt Parthian Bowmen
999877001	Hunt Archdevan Imperial Officers
999878001	Hunt Lesser Demokrons
999879001	Collect Engine Pieces
999880001	Collect Lime Deposits
999881001	Collect Reflective Roots
999882001	Collect Soul Fragments
999883001	Collect Boxes of Parts
999884001	Collect Sarberries
999885001	Collect Construction Sand
999886001	Collect Construction Sand
999888001	Collect Taproots
999889001	Complete the Channelworks
999892001	Win during Bamarama
999897001	Clean up the Mingor Cliffs
999898001	[Unified Gear] Win in Gridiron
999899001	Win in Kumas Royale
999903001	Clear Argon Corpus
999904001	Suppression Orders: Guardian of the Relic
999905001	Complete Manaya's Core
999909001	Apply for Dungeon Raiders!
999911001	Clean up the Velika Outskirts
999912001	Hunt Mandrills
999913001	Hunt Guwangis
999914001	Clean up Mendara Cavern
999915001	Clean up the Pools of Zurusuru
999916001	Collect Engine Pieces
999918001	Clean up the Yaldaru Hills
999919001	Collect Moaloth Eggs
999920001	Hunt Starving Velika Bears
999921001	Hunt Orisks
999922001	Hunt Demokron Thralls
999923001	Clean up Spring Valley
999924001	Collect Lime Deposits
999925001	Clean up the Hina Hot Springs
999926001	Hunt the Archdevan Imperial Army
999927001	Clean up Kazan's Ridge
999928001	Collect Vanguard Supply Crates
999929001	Hunt Jungle Arachnens
999930001	Hunt Spring Valley Invaders
999931001	Hunt Demokron Shock Troopers
999932001	Hunt Ruins Guardians
999933001	Collect Reflective Roots
999934001	Hunt Deformed Fangspawns
999935001	Collect Soul Fragments
999936001	Clean up Diranas Quarry
999937001	Hunt Mutating Parthians
999938001	Hunt Archdevan Imperial Officers
999940001	Hunt Goblin Brigands
999941001	Clean up Frostvale
999942001	Collect Boxes of Parts
999943001	Hunt Snowfall Sabertooths
999944001	Hunt Frostclaw Hyenas
999945001	Hunt the Bloodthrall Corps
999946001	Hunt Lesser Demokrons
999947001	Hunt Furyguards
999948001	Hunt Parthian Brutes
999949001	Hunt Demokron Thralls
999950001	Clean up the Delvias Front
999951001	[Unified Gear] Win in Corsairs' Stronghold.
999953001	[Personal Equipment] Gain Victory in Fraywind Canyon.
999954001	[Unified Gear] Gain Victory in Champions' Skyring.
999955001	Hunt Onyx Jungle Sabertooths
999956001	Collect Blatherweed
999957001	Hunt Greater Demokrons
999961001	 Complete Macellarius Catacombs
999965001	Hunt Valley Noruks
999975001	Clean up Boscan Terrace
999976001	Hunt Parthian Bowmen
999977001	Hunt Archdevan Imperial Officers
999978001	Hunt Lesser Demokrons
999979001	Collect Engine Pieces
999980001	Collect Lime Deposits
999981001	Collect Reflective Roots
999982001	Collect Soul Fragments
999983001	Collect Boxes of Parts
999984001	Collect Sarberries
999985001	Collect Construction Sand
999986001	Collect Construction Sand
999988001	Collect Taproots
999989001	Complete the Channelworks
999990001	Win in Wintera Snowfield
999997001	Clean up the Mingor Cliffs
999998001	[Unified Gear] Win in Gridiron
999999001	Win in Kumas Royale
