201001	벌목지에 드리운 그림자
202001	요정들의 사정
203001	제국의 잔재
212001	[이벤트] 마공사 또 다른 시험 [보너스]
213001	[이벤트] 포화의 전장에서 승리하라
214001	[이벤트] 명예의 전장에서 승리하라
221001	벌목을 방해하는 것
222001	긴급 조달
223001	난민들을 먹여라
224001	고기의 보존법
225001	벌목지의 문제
226001	숲지기를 돕자
227001	길들이는 것
228001	날개가루 수집
229001	사나운 야수
230001	도움이 필요한 곳
231001	당신이 잘하는 일
232001	귓가에 거슬리는 소리
233001	미쳐버린 켄타우르스
234001	다리 위의 기술자
235001	맛있는 구름버섯
236001	토목기사의 부품
237001	픽시들을 저지하라
238001	큰 세이버투스 퇴치
239001	요정들의 마을
240001	자비로운 죽음을
241001	숲의 사냥꾼
242001	언니의 걱정
243001	사냥꾼의 골칫거리
244001	숲의 사자
270001	(길드)세이버투스 처단
271001	(길드)켄타우르스 토벌
272001	Rise of the Dead
273001	Secrets of Zuras
301001	잊혀진 숲의 데바
302001	데바 수뇌부 토벌
303001	고립된 마을
304001	대장을 찾아라
305001	데바들의 본거지로
306001	사악한 의식
322001	도둑맞은 짐들
323001	귀중품을 되찾아라
324001	보급품 보강
325001	긴급한 방문
327001	바둑이를 찾아서
328001	독특한 먹이
329001	산적단을 향해 출발
330001	토양 연구
331001	중요한 실험 결과
333001	어둠의 주술 저지
334001	데바 주술 연구
335001	특별한 휴가
336001	바실리스크 연구가?
337001	어둠서린 무기
338001	때로는 그들도 우리처럼
339001	대책없는 친구
340001	보고서 전달
341001	둥지에는 알이
342001	그 눈의 등불
343001	무서운 괴물!
344001	잊혀진 격전지를 향해
370001	(길드)데바 산적 토벌 명령
371001	(길드)언데드 토벌 명령
372001	(길드)데바 패잔병 토벌 명령
373001	(길드)길리두의 뿌리 수집
374001	(길드)잊혀진 숲의 파괴자 토벌 명령
381001	잊혀진 숲의 파괴자 토벌 명령
401001	코어 구출 작전
403001	폭염의 마석
421001	고요했던 불꽃의 산맥
422001	불꽃 꺼뜨리기
423001	바위 깨뜨리기
424001	흙과 나무
425001	늑대가죽 펼치기
426001	되살아난 백부장
427001	뼈만 남은 장교
428001	성스러운 위로의 불꽃
429001	악마 토벌기지로
430001	지옥불꽃 끄기
431001	침탈자의 퇴치
432001	암흑으로 돌아가
433001	어둠의 더듬이
434001	건축 재료 모으기
435001	뜻밖의 단서
436001	케스타니카 지원
437001	슈리안 대항기지로
438001	검은 뱀 잡기
439001	지옥의 괴물
440001	어둠의 사자
441001	소환사의 거울
443001	불꽃무늬 광석
444001	폭염의 마석
469018	시오나와 함께 지하로 이어진 길로 이동하기로 결정했다.
470001	(길드)제자리를 찾게하라
471001	(길드)폭주 정령 토벌
472001	(길드)악마 잔당 소탕을 위해
473001	(길드)가장 훌륭한 소방수
474001	(길드)심연의 괴수 토벌
475001	(길드)폭풍의 카나쉬 토벌 명령
480001	심연의 침입자 토벌
481001	다곤의 대주술사 토벌 명령
521001	도망자의 부탁
522001	후카를 도와줘
523001	측량작업 지원1
524001	측량작업 지원2
525001	후카 후카 후카카?
526001	아무도 모를 거야
527001	위험한 사람
528001	해독제의 재료
529001	보따리를 찾아주오
530001	습격한 놈들
531001	족장의 장신구
533001	야콘을 구하라
534001	추방된 주술사
535001	{@RawItem:206818}
536001	명령 가로채기
537001	두들겨 팬 놈들
538001	보호구역의 미래
539001	망치 후카 대족장
540001	들켜선 안돼
541001	나무 후카들의 대장
542001	싸움꾼 나무 후카
543001	최후의 후카 족장
570001	(길드)개간 캠프 부근 토벌
571001	(길드)바바 후카 토벌
572001	(길드)쉐도우 쿠거 토벌
573001	(길드)나무 후카 토벌
601001	긴급한 지원
602001	데바의 배후
603001	로크의 추종자들
604001	무기의 출처
605001	비밀기지를 찾아서
606001	적절한 포상
621001	폴센에게 전해라
622001	단단한 방비를 위해
623001	먹여야 산다
624001	양들에게 양보해!
625001	목숨을 건 전언
626001	고집쟁이 영감
627001	울타리 보강 작업
628001	먹을 게 필요해
629001	초소에 남겨진 병사
630001	호위병 퇴치
631001	군량 확보
632001	피를 부르는 전우애
633001	철없는 민병대
635001	민병대 안전 확보
636001	소심한 복수
637001	지원병
638001	반격의 시간
639001	승전보
640001	주둔지 토벌 작전
641001	주둔지의 심판관들
642001	적의 머리를 쳐라
643001	집결지 정리
644001	언덕 위의 돼지
645001	폐허의 무법자
670001	(길드)쿠차트 토벌 작전
671001	(길드)광포한 곰 토벌 명령
672001	(길드)교활한 아라키아 토벌 명령
681001	교활한 아라키아 토벌 명령
705001	그림자의 분지에서
706001	사교도의 음모
707001	켈림의 보고서
721001	영원의 분지 지원
724001	로더크 농장 지원
730001	송곳니 약탈자!
731001	송곳니 강탈자!
732001	광폭한 캐리언
733001	하이에나 사냥
734001	유적지로 가는 길
735001	정의로운 작업 방해
736001	도굴작업 수호자들
737001	수호대 퇴치
738001	전신 카이아의 가호
739038	지붕을 통해 잠입한다.
770001	(길드)붉은이빨 오칸 토벌 명령
771001	(길드)오칸 대장 토벌
772001	(길드)쿠마스 퇴치 작전
773001	(길드)로크 추종자 수비대 토벌
774001	(길드)송곳니 용병단 수호대 토벌 명령
775001	(길드)욕심쟁이 쿠드라카 토벌 명령
781001	욕심쟁이 쿠드라카 토벌 명령
781021	라칸의 하수인을 직접 처리하기로 결정했다.
801001	코어의 행방
804001	프레이아의 운명
805001	우애깊은 남매
806001	기나긴 이별
821001	식인의 소굴로 향하는 길
822001	연금 술사의 요청
823001	굴라의 애완동물
824001	학살의 앞잡이
825001	노예상들의 최후
826001	학살의 방조자 처단
827001	정찰병의 생존 확인
828001	먹으려 하는 짐승
829001	요리하는 짐승
830001	빌붙어 사는 존재들
831001	요리 재료 공급상
832001	식인의 주제자
833001	파견대 침투 장교를 찾아서
834001	잔인한 만큼 잔인해져라
835001	안식을 위한 노력
836001	시체 배달꾼의 처단 
837001	끊이지 않는 비명의 원천
838001	희생자를 해방시켜라
839001	지상에 알려라
840001	죽어간 자들
841001	끔찍한 냄새
870001	(길드)식인의 늪 토벌 명령
871001	(길드)식인종 소굴 지하 1층 토벌 명령
872001	(길드)식인종 소굴 지하 2층 토벌 명령
880001	식인종 소굴 지하 3층 토벌 명령
901001	발키온의 배신자
902001	그림자 지우기
903001	용서할 수 없는 죄
904001	배신자의 최후
921001	치카스와 함께 잠을
922001	날뛰는 야수를 물리쳐라
923001	벨리카에서 보내지 않은 것
924001	위험하기 짝이 없는 둥지
925001	살기 위해서 이렇게까지…
926001	어둠 속에서 쳐다보는 눈
927001	어둠 속의 눈
928001	요리하는 자들을 요리하라
929001	희미한 빛
930001	위험한 건 갖고 놀면 안 돼요
931001	음식찌꺼기
932001	수호자의 긍지
933001	폐허를 향해
934001	못다 만든 신비한 힘
935001	어떻게든 남은 증거
936001	그들이 이곳에 있었다
937001	숨겨진 곳의 악몽
938001	영원한 안식
970001	(길드)야수 토벌 명령
971001	(길드)기만과 욕망의 토벌 명령
972001	(길드)혼돈과 파괴의 토벌 명령
973001	(길드)쿠르바트 토벌 명령
981001	쿠르바트 토벌 명령
1021001	비늘가진 자들의 섬
1022001	딱딱한 껍질을 부수자
1023001	쿠거 사냥
1024001	결국은 돈벌이
1025001	손이 두 개
1026001	여신의 별미
1027001	무기상자 회수
1028001	모래톱 캠프로
1029001	몸을 보호하는 비늘
1030001	앞발과 돈의 관계
1031001	단단한 껍질의 필요성
1032001	멧돼지도 갈기가 있나
1033001	수호의 비늘괴물
1034001	해안 캠프로
1035001	깨무는 이빨처럼
1036001	뱀의 혓바닥
1037001	길리두의 뿌리
1038001	날렵한 놈들을 잡는 법
1039001	아간티가 즐기는 음식
1040001	피의 전사들
1041001	부활의 기운
1042001	대전사의 비늘
1043001	철벽의 비늘 괴수
1044001	종이라 이르는 의미
1045001	오색돌의 용도
1046001	뱀나무의 정령
1047001	무명 용사의 죽음을 기리며
1070001	(길드)살무사해안의 야수들
1071001	(길드)도축은 가죽부터
1072001	(길드)야수의 섬 토벌
1073001	(길드)비늘 전사 토벌
1074001	(길드)이빨 전사 토벌
1075001	(길드)아간티 병력 토벌
1076001	(길드)아간티의 몰락
1077001	(길드)맹독의 수호자 토벌 명령
1080001	해안 캠프의 골치거리
1081001	맹독의 수호자 토벌 명령
1121001	무거운 약속
1122001	해안의 해적단
1123001	요긴한 재료
1124001	해적단의 명령서
1125001	라펠트의 특효약
1126001	비밀도크를 향하여
1127001	해적단의 숨겨진 보물
1128001	폭약을 회수하라
1129001	노려보는 눈빛
1130001	지하의 저장소
1131001	베테랑들이 가진 정보
1132001	광전사를 처단하라
1133001	해적 소굴의 조선공
1134001	잔혹한 갑판장
1135001	약탈 당한 물건의 회수
1136001	지상으로의 보고
1137001	마석의 행방을 찾아
1138001	알만한 자들
1139001	정찰병들의 시선
1140001	지시한 자를 향해
1141001	동료들의 원수
1142001	해적단의 목적을 파악하라
1143001	위태로운 숙영지
1144001	해적단장 검은 칼날 테토
1145001	호위대를 처단하라
1170001	(길드)거친 해안 토벌 명령
1171001	(길드)붉은안개 해적단 전투병 토벌 명령
1221001	은밀한 지령
1222001	실바의 시험:분실물 회수
1224001	실바의 지령:성가신 해적
1225001	추가 시험
1226001	어머니의 눈물
1228001	토벌대 지원
1229001	믿을 수 없는 자
1230001	잘못된 거래의 대가
1231001	밀거래
1233001	적막한 해안 청소
1235001	절망의 섬 비밀임무
1236001	부상당한 병사
1237001	노예상인을 처단하라
1238001	노예 시장 정찰
1239001	빼앗긴 무기
1240001	선착장 공략
1241001	해적단의 주력 격퇴
1242001	형님을 부탁해요!
1243001	노예 거래 방해하기
1270001	(길드)거친 백사장 토벌 명령
1271001	(길드)절망의 섬 북부 토벌 명령
1272001	(길드)선착장 토벌 명령
1273001	(길드)대선장 도프락스 토벌 명령
1282001	대선장 도프락스 토벌 명령
1301001	여명의 정원에서
1302001	원정대의 정황
1303001	뾰족나무 베카스
1304001	기지로
1305001	어둠의 단서
1306001	어둠의 흔적
1307001	정원의 침입자들 
1308001	오염의 정체
1309001	검은 발톱 아카락
1310001	어둠의 단서
1311001	소탕 명령
1312001	몰려오는 악마들
1313001	선발대를 찾아서
1315001	악마의 증표
1316001	어둠의 날개
1317001	귀환
1318001	야수 사냥
1319001	정원의 거주자들
1321001	경계 초소로
1322001	보급로 확보
1323001	걸어다니는 나무
1324001	약화된 길리두
1325001	맛있는 간식
1326001	정령들이 끌리는 것
1327001	긴급한 요청
1328001	연구원의 우울
1329001	수비대의 임무
1330001	난폭한 나무 정령
1331001	보급기지의 사람들 3
1332001	라브람의 부탁
1333001	현상 분석
1334001	유물 탐색 <무한>
1335001	사라진 조종사
1336001	보급품 회수
1337001	마지막 하나까지
1338001	키오네의 소식
1339001	악마의 노예들
1340001	집결하는 악마들
1341001	망자의 유산 <무한>
1343001	희미한 그림자
1344001	어둠의 파괴자
1345001	제나를 찾아서
1346001	제나의 무모한 도전
1347001	돌 먹는 괴물
1348001	난폭한 것들
1349001	오칸 토벌
1350001	수상한 악마들
1351001	보급기지의 사람들
1352001	보급기지의 사람들
1371001	새로운 전투술
1372001	새로운 전투술
1373001	새로운 전투술
1374001	새로운 전투술
1375001	새로운 전투술
1376001	새로운 마법
1377001	새로운 마법
1378001	새로운 마법
1379001	새로운 전투술
1382001	보급기지의 사람들 2
1383001	보급기지의 사람들 2
1384001	보급기지의 사람들 1
1385001	휴식 - 부적 사용 안내
1386001	폭렬탄 작렬!
1389001	판도라 상자 사용 안내
1390001	마법진 점검
1504001	밤피르 저택 토벌
1505001	수상한 호출
1506001	붉은 저주의 마을
1507001	전염병의 원인을 찾아서
1508001	광기의 마석
1509001	역병의 배후
1510001	과거를 찾는 자
1511001	저택의 감시인
1521001	북쪽에서의 위협
1522001	악마는 지옥으로
1523001	기괴한 식물
1524001	광기의 언덕 진압 캠프로
1525001	변이된 자들을 처단하라
1526001	언덕 위의 야수들
1527001	붕대가 모자라
1528001	무장 해제
1529001	무기를 전달하라
1530001	남부에서 온 소식
1531001	짓밟힌 자존심
1532001	무너진 자존심
1533001	경작을 방해하라
1534001	오염된 작물 수거
1535001	오염의 근원 조사
1536001	광기의 싹을 제거하라
1537001	포폴리온에 알려라
1540001	First chapter of tale
1541001	Second chapter of tale
1542001	Third chapter of tale
1543001	Culmination of the tale
1544001	The story of the battle
1545001	Invasion of pumpkins
1570001	(길드)블러드 크리쳐 토벌 명령
1571001	(길드)광인 토벌 명령
1572001	(길드)크루얼 하운드 토벌 명령
1581001	크루얼 하운드 토벌 명령
1621001	데스랑의 행방
1622001	증거 확보
1623001	수장을 처단하라
1624001	갈릭초
1625001	고용된 자들
1626001	데스랑의 아들을 찾아
1627001	무서운 엄니
1628001	피로 가득한 심장
1629001	생존자 보호
1630001	연구 캠프로
1631001	살기 위해서
1632001	밤피르와 피의 마법
1633001	변화의 진실
1634001	우스꽝스러운 그림자
1635001	어디 있나요 내 사랑
1636001	기다려요 내 사랑
1637001	안녕 내 사랑
1638001	수상한 축복의 의식
1639001	저택 정원 돌파
1640001	시시한 벌레 사냥
1641001	초대 받지 않은 자
1642001	난쟁이의 단검
1670001	(길드)밤피르 토벌 명령
1721001	기괴한 종교 집단
1722001	사라진 보급품
1723001	부족한 자원
1724001	내 손으로는 도저히
1725001	농경지를 지켜줘
1726001	전투 참가
1727001	사선을 뚫고
1728001	어디서 많이 보던…
1729001	농작물 회수
1730001	농장의 일꾼들 처단
1731001	농장의 경계병 처단
1732001	농장 광전사 처치 
1733001	증거를 찾아라
1734001	긴급 전달
1735001	형을 위한 복수
1736001	약탈당한 물건의 회수
1737001	지휘관을 처단하라
1770001	(길드)천지개벽교 토벌 명령
1771001	(길드)멧돼지 사냥
1811901	Diver
1821001	바위 부족이 몰려온다.
1822001	옛 제국의 자취를 따라
1823001	그들의 고향
1824001	쿠다르쉬!
1825001	거상은 아무나 되나
1826001	그녀에게 전언을
1827001	숭배하는 이여
1828001	현실의 문제
1829001	옛 문명이고 뭐고
1830001	그들은 여기에도 있다
1831001	토벌이 시작되었다
1832001	또 다른 고고학자
1833001	자취를 찾아서
1834001	쿠차트의 거신
1835001	엔션트론의 예언
1836001	어쩔 수 없는 희생
1837001	놈들의 심장에 칼을
1838001	사막의 청소부들
1840001	[던전] 테네브리스 성채
1870001	(길드)바위부족 쿠차트 토벌
1871001	(길드)고대 제국의 악령 토벌
1921001	아룬의 곡창지대
1922001	농장의 골칫거리
1923001	초원 하이에나 사냥
1924001	골렘의 핵 파괴
1925001	허수아비 처리
1926001	나뭇더미 수집
1927001	본격적인 진압작전
1928001	잘못을 되돌릴 수는 없어도
1929001	수상한 광경
1930001	공포의 자유 형제단
1931001	적들의 무기
1932001	혁명가 크루디스 처단
1933001	크루디스가 남긴 것
1934001	피는 피로 갚는다
1970001	(길드)수송을 위한 노력
1971001	(길드)농장 골렘 파괴 명령
2001001	여신의 계시
2002001	수상한 토굴, 납치된 사람들
2003001	새로운 음모
2021001	오빠의 소식이라도
2022001	동굴 버섯 채집
2023001	작업을 방해하라
2024001	푸르스름하게 빛나는 광석
2025001	전진기지를 향해
2026001	그들의 유품이라도 
2027001	납치된 사람들을 찾아서
2028001	오래된 무기
2029001	새하얀 두개골
2030001	구출 작전
2031001	무너지는 토굴
2032001	보급로를 열어라
2033001	두 가지 임무
2034001	독액을 모아라
2035001	은밀한 임무
2036001	푸른 빛을 내는 광석
2037001	연구를 중단시켜라
2070001	(길드)노예 감시자 토벌 명령
2071001	(길드)스켈레톤 장교 토벌 명령
2072001	(길드)부활의 집게 거미 토벌 명령
2122001	쿠차트의 동향파악
2123001	유적지 조사단을 도와라
2124001	모래칼 부족의 피코스
2125001	사막의 짐승들
2126001	오아시스의 맑은 물
2127001	성스러운 조각상
2128001	연구원의 신변확인
2129001	탐사로 개척
2130001	예언자의 지팡이
2131001	유적 파편의 그림
2132001	유적의 뼈무더기
2133001	유적지 안으로
2134001	찾지 못한 보물
2136001	괴물의 향유
2137001	치료용 약재
2139001	튤라의 향유석
2140001	진입 요청 전달
2141001	바실리스크의 위협
2142001	그로울링 토벌
2143001	무엇보다 단단한 재료
2144001	소리 없는 외침
2145001	바위 바실리스크의 알
2170001	(길드)모래칼 부족 토벌 명령
2171001	(길드)바실리스크 토벌 명령
2172001	(길드)정적의 살포자 토벌 명령
2181001	정적의 살포자 토벌 명령
2221001	마녀의 성 지원
2222001	땡땡이는 용서 못 해
2223001	말썽꾸러기 퇴치
2224001	혼란에 빠진 마녀들
2225001	축제가 중요해?
2226001	혼란의 기록
2227001	지하층 수색
2228001	3층 기숙사로
2229001	실습실의 교감
2230001	복도의 사감 선생
2231001	기숙사 검열
2232001	정체불명의 광대
2233001	지도 교사 퇴치
2234001	실험실의 조교들
2235001	대기실의 조교들
2236001	불길한 조우
2237001	지하로 점검
2238001	지하실의 광대 놀음
2240001	제단에 모여든 나방들
2250001	범인은 이 안에 있어
2251001	범인은 아직도 이 안에 있어
2270001	(길드)도망친 학생들
2271001	(길드)기숙사 정리
2272001	(길드)배반자들
2305001	꼬리 전쟁
2306001	고양이 목에 방울 달기
2307001	구제 불능의 성을 향해
2308001	엇나간 우등생
2321001	연합군 캠프 지원
2322001	달으름나무 방패
2323001	약초꾼의 부탁
2324001	잃어버린 술병
2325001	달빛 어금니
2326001	발키온 연합군 캠프로
2327001	위험한 짐승들
2328001	숲을 태우는 자
2329001	가면을 쓴 마녀들
2330001	숨은 광대들
2331001	코볼트 방어 캠프로
2332001	지옥에서 온 괴물
2333001	배신자 처단
2334001	악몽같은 이야기
2335001	유폐지의 사교도
2336001	꼭두각시와 광대
2337001	배후 세력의 처단
2370001	(길드)흰큰뿔사슴 사냥
2371001	(길드)불타는 괴수 토벌
2372001	(길드)호수의 주인 투르누스 토벌 명령
2381001	투르누스 토벌 명령
2421001	귀찮은 문제
2422001	목마른 사람들
2423001	도적단의 배후
2424001	거대한 적
2425001	꼬리잡기
2426001	쿠차트 몰아내기
2427001	거인의 유물
2428001	단 한 명의 지원
2429001	돼지 목의 목걸이
2430001	거대한 보물
2431001	정찰병 지원
2432001	연락 두절
2433001	싹쓸이!
2434001	숨어있는 공포
2435001	모래바람의 근원
2436001	남쪽의 악마들
2437001	북쪽의 악마들
2438001	해안의 꽃
2439001	유적을 지키는 자
2440001	폐허의 악마
2441001	근원을 지키는 자
2470001	(길드)오염된 야수 토벌
2471001	(길드)모래폭풍 도마뱀 토벌
2472001	(길드)광포한 쿠마스 토벌
2473001	(길드)덫 짜는 거미 골도나스 토벌 명령
2481001	덫 짜는 거미 골도나스 토벌 명령
2501001	잊혀져야 하는 힘
2502001	사교도의 근거지로
2503001	로크 교도 괴멸
2505001	영예로운 귀환
2521001	굶주린 하이에나 퇴치
2522001	쓰디쓴 열매
2523001	지배의 사슬
2524001	단순 비교를 위한 사냥
2525001	언데드 사육 야수를 퇴치하라!
2526001	죽여도 죽지 않는
2527001	공격은 최선의 방어
2528001	신전으로
2529001	언제나 정보는 최신으로!
2530001	선수필승
2531001	사교의 괴수 처단
2532001	로키안 경계 돌파
2533001	사악한 경전
2534001	광신도와 도굴꾼
2535001	수로의 비밀 통로
2536001	더 깊은 곳으로
2537001	어둠 속에 묻어라
2539001	데바 귀족 사냥
2540001	광신 사제 사냥
2541001	상급자가 책임지는 법
2548001	현혹된 자들
2570001	(길드)사교도 전위대 처단
2571001	(길드)신전 폐허 정화
2572001	(길드)사교도 토벌
2573001	(길드)사교도 사제단 처단
2670001	(길드)되살아난 자들 토벌
2671001	(길드)칼날손톱 안드라스 토벌 명령
2681001	안드리스 토벌 명령
2701001	마법의 도시로
2702001	새로운 적
2770001	(길드)툴사의 군단 토벌 작전
2801001	태고신의 파편
2803001	샤칸과 로크
2870001	(길드)오염된 짐승과 정령들 토벌 작전
2871001	(길드)시체냄새 탈취 작전
2872001	(길드)마신의 사자 아크라스 토벌 명령
2881001	마신의 사자 아크라스 토벌 명령
2950001	게티의 발명품 
2970001	(길드)악마기사 토벌 명령
2971001	(길드)추방된 아라크네의 종 토벌 명령
2981001	추방된 아라크네의 종 토벌 명령
3006001	태양의 정원으로
3007001	기다리는 자들
3008001	세렌의 호수
3009001	감춰진 신전으로
3010001	태양의 거울
3021001	연구 기재 수리
3022001	독서는 정도껏
3023001	멸종 위기종 보호
3024001	겁쟁이 슬로스 퇴치
3025001	난폭한 슬로스 퇴치
3026001	약이 필요해!
3027001	꽃의 기도
3028001	유적 안으로
3029001	잊혀진 탑을 찾아서
3030001	하얀고요나무 꿀
3032001	뽀송뽀송 수건
3033001	제 발 저린 도둑
3034001	석판 수집
3035001	절벽 아래로
3036001	미쳐버린 기계
3037001	유적 보호
3038001	유적 조사
3039001	캠프 보수
3040001	비싸게 팔리는 가죽
3041001	중간관리직의 비애
3042001	손톱을 모아라
3043001	환상의 가루
3045001	아르카이의 둥지
3046001	최근 바깥 정보
3047001	석등 정비
3048001	오샤르의 비밀
3049001	장사는 요령껏
3050001	과거의 기록
3051001	비전의 기록
3052001	느긋한 베링게 퇴치
3071001	(길드)슬로스 사냥
3072001	(길드)베링게 사냥
3073001	(길드)아르카이 사냥
3081001	슬로스 사냥
3082001	베링게 사냥
3083001	아르카이 사냥
3091001	슬로스 사냥
3092001	베링게 사냥
3093001	아르카이 사냥
3101001	알레만시아의 위기
3102001	카이둔의 행방
3103001	카이둔의 영혼
3121001	주민들의 생각
3122001	늦은 대책
3123001	해안 사람들의 안전
3124001	집짓기용 목재
3125001	되돌아온 군대를 처단하라
3126001	신비의 명주
3127001	고립된 목수
3128001	아카룸에서 온 음식상자
3129001	위험한 동거
3130001	바람 사냥
3131001	선원들의 금화
3132001	탐험가의 망상
3133001	폭풍의 칼날을 잘라라
3134001	빼앗긴 인장
3135001	영원히 등대지기
3136001	날카로운 소리
3137001	고요한 죽음 사냥
3138001	붉은 죽음을 파묻어라
3139001	멈추지 않는 복통
3140001	어둠의 화신 사냥
3141001	폭풍의 눈을 찔러라
3170001	(길드)얼음묘지 토벌 명령
3171001	(길드)바티아 호의 망령 토벌 명령
3172001	(길드)어둠 토벌 명령
3173001	(길드)카마루타쉬 토벌 명령
3174001	(길드)흉폭한 케스톨 토벌 명령
3180001	폭풍의 해적단 간부 토벌 명령
3181001	북풍의 군주 카마루타쉬 토벌 명령
3182001	흉폭한 케스톨 토벌 명령
3202001	여신의 진실
3221001	없으면 만들라
3222001	복수의 왼손
3223001	네 것은 내 것, 내 것도 내 것
3225001	정예의 파멸
3226001	친위대의 소거
3227001	사랑과 목을 그대에게
3228001	정말로 사랑한다면
3229001	어둠의 검을 사냥하라
3230001	특별한 활
3231001	지휘관 바알라크를 찾아 처단하라
3233001	우둔한 동료를 넘어서
3234001	계급장을 그대에게
3235001	마녀의 배덕
3236001	투사의 변절
3237001	피의 마녀여 쓰러져라
3238001	기괴한 붉은 제단
3239001	마력 원천 봉쇄
3270001	(길드)카이둔군 전위 부대 토벌 명령
3271001	(길드)카이둔군 친위대 토벌 명령
3272001	(길드)용병단 토벌 명령
3273001	(길드)폭군의 심장 토벌 명령
3291001	카이둔군 전위 부대 토벌 명령
3292001	카이둔군 친위대 토벌 명령
3293001	용병단 토벌 명령
3294001	압제의 들판 토벌 명령
3295001	폭군의 심장 토벌 명령
3298001	아카룸 마을의 위기 1
3299001	아카룸 마을의 위기 2
3321001	그대 자유를 얻으리라
3322001	영광과 악몽
3323001	복수의 조소
3324001	저주받은 웃음
3325001	어둠 속의 피크닉
3326001	그림자가 부르는 소리
3327001	언젠가 영원한 안식을
3328001	그 많던 병사들의 자취
3329001	붉은 피보라
3330001	악을 지키는 자들
3331001	없어져야 할 기사
3332001	피처럼 붉은 복수
3333001	해방, 영원한 해방
3334001	그 친구의 반지
3335001	언제나 준비에 소홀함 없이
3336001	심연의 감옥 파괴
3337001	괴롭히는 자들
3338001	어쩔 수 없는 일
3339001	절규 가득한 지하로
3370001	(길드)악령 귀족 토벌 명령
3371001	(길드)악령의 친위대 토벌 명령
3372001	(길드)어쩔 수 없는 토벌
3380001	고문관 토벌 명령
3421001	차가운 발톱
3422001	부족한 검은 다이아
3423001	칼의 마무리
3424001	길어봤자 20년
3425001	넘겨줄 수 없어!
3426001	그녀에게로
3427001	무지한 게 죄
3428001	공격받는 감시소
3429001	공격의 지시자
3430001	주둔지 제압
3431001	붉은 마석을 모아라
3432001	얼어버린 선의
3433001	지켜야 할 터전
3434001	뜻하지 않은 충돌
3435001	수렵꾼 캠프로
3436001	전사가 되는 길
3437001	거인들이 약탈한 것
3438001	과거는 과거
3439001	얼음평원 포식자 사냥
3440001	어디 있니, 아들아!
3441001	사냥꾼들의 평화
3442001	얼음평원의 탐식자
3443001	완벽한 덫 만들기
3444001	얼음평원의 마석
3470001	(길드)위대한 테리안 토벌 명령
3471001	(길드)분노의 카라고스 토벌 명령
3472001	(길드)학살의 사브라니악 토벌 명령
3481001	위대한 테리안 토벌 명령
3482001	분노의 카라고스 토벌 명령
3483001	학살의 사브라니악 토벌 명령
3521001	패배한 전장
3522001	마나의 광석 탈취
3523001	마나의 광산 탈환
3524001	상인의 의협심
3525001	정착한 불칸
3526001	보급로 확보
3527001	잠들지 않는 분노
3528001	무기를 되찾자
3529001	둥지의 괴물들
3530001	야수의 조련사
3531001	계곡의 툴사군
3532001	승리를 향해
3533001	자금 지원
3534001	귀찮은 훼방꾼
3535001	부상병 돌보기
3536001	캠프를 지켜라
3570001	(길드)폭군 후즈라트 토벌 명령
3571001	(길드)광산의 괴물 토벌
3572001	(길드)망각의 불카누스 토벌
3573001	(길드)협곡의 툴사군 토벌
3581001	폭군 후즈라트 토벌 명령
3582001	광산의 괴물 토벌
3583001	망각의 불카누스 토벌
3584001	협곡의 툴사군 토벌
3621001	추방자의 계곡으로
3622001	마차의 행방
3623001	빼앗긴 식량 회수
3624001	마차를 습격한 자
3625001	패잔병들의 수상한 행동
3626001	귀찮은 도적들
3627001	포위망을 뚫어라!
3628001	거대한 골치덩이
3629001	무개념 마법사
3630001	계곡의 귀족
3631001	원하고 바라고 무서워하죠
3632001	피로 물든 곳
3634001	잔인한 장난
3635001	파티를 구할 수 없어!!
3636001	쌍도끼 부대
3637001	나락의 손길
3638001	킬리언의 돌
3639001	광대의 부하
3641001	희귀한 꽃
3670001	(길드)죽음의 손 말카두스 토벌 명령
3671001	(길드)패잔병 토벌
3672001	(길드)검은바위굴 타란투스 토벌
3673001	(길드)소환된 바위계곡 방랑자 토벌
3681001	죽음의 손 말카두스 토벌 명령
3682001	패잔병 토벌
3683001	검은바위굴 타란투스 토벌
3684001	소환된 바위계곡 방랑자 토벌
3702001	희망의 조각
3704001	유폐된 거신
3705001	거신의 시험
3721001	배반의 암굴로 떠난 병사
3722001	병사의 고민
3723001	유혹에 넘어간 자들
3724001	미쳐버린 추종자
3725001	고통 속에 피는 버섯
3726001	킬리언의 방해
3727001	품질 좋은 재료
3728001	캠프를 위협하는 킬리언의 부하
3729001	연락 없는 연락병
3730001	이상한 아르곤의 동물
3731001	푸른 빛의 전사
3732001	아르곤의 계획 저지
3733001	궁색한 변명
3734001	암굴의 아르곤 가라쉬그
3735001	날 지켜줄 냄새
3736001	프리온의 유물
3737001	암굴의 아르곤 견제
3770001	(길드)프리온 토벌
3771001	(길드)킬리언 세력 토벌
3772001	(길드)아르곤 토벌
3780001	프리온 토벌
3781001	킬리언 세력 토벌
3782001	아르곤 토벌
3821001	유적 발굴 지원
3826001	도둑 고양이
3827001	저주받은 길리두
3828001	불 속에 사는 눈
3829001	불의 들판의 프리온
3830001	탐나는 놈들
3831001	오지 않는 연구가
3832001	거인도시의 문지기
3835001	거인이 남긴 것
3836001	제르미르의 복수
3837001	고립된 발굴원
3839001	폐허 속에 잠든 거인
3840001	도구가 없어
3870001	(길드)둥지의 절대자 퀘스겔렌 토벌 명령
3871001	(길드)폐허 입구 토벌
3872001	(길드)불타는 폐허 약탈자 토벌
3874001	(길드)펠드린 협곡 토벌
3881001	둥지의 절대자 퀘스겔렌 토벌 명령
3882001	폐허 입구 토벌
3883001	불타는 폐허 약탈자 토벌
3885001	펠드린 협곡 토벌
3901001	가면을 벗겨라
3921001	거미들의 동태
3922001	실력의 확인과 검증
3923001	거미소굴 작전초소로
3924001	집게 거미 껍질을 좀 더
3925001	노예 관리인을 처단하라
3926001	희생자의 유골을 찾아
3927001	거대한 동굴 거미 처단
3928001	거미학자를 찾아서
3929001	용서 할 수 없는 존재
3930001	도움의 손길을
3931001	말리고스 무리의 처단
3932001	거미들의 하수인
3933001	거대한 독니 
3934001	시체가 만든 길
3935001	살육의 대가를 치뤄라
3936001	거미들을 부리는 자들
3937001	칼리고 교단 처단
3938001	실험의 잔재
3939001	흑막의 중심으로
3940001	붉은 발톱 파괴자의 처단
3941001	말라붙은 시신
3942001	거미알 고치
3970001	(길드)동굴 거미 토벌
3971001	(길드)타란투스 토벌
3972001	(길드)툴라고라스 토벌 명령
3980001	붉은 발톱 파괴자 토벌
3981001	툴라고라스 토벌 명령
4001001	사령관의 분노
4021001	오염된 들판으로
4022001	오염된 나무정령들
4023001	도움이 필요한 곳으로
4024001	광포해진 짐승
4025001	숨통을 조여오는 짐승
4026001	인신매매단을 처단하라
4027001	도적단의 꿍꿍이
4028001	증거 전달
4029001	격리된 마을로
4030001	변이된 일꾼과 병사들
4031001	돌변한 수비대 장교
4032001	이성을 잃은 경비대
4033001	잠입의 대가 네르퐁
4034001	칼리고 교단의 전투병
4035001	완벽한 분장 
4036001	눈치 빠른 자들
4037001	조금만 더 기다려주시오
4038001	칼리고 교단의 정예병력
4039001	변이된 광산의 광부들
4040001	절망초 채집
4042001	맹목의 신자들
4043001	쉬지 않는 광부들
4044001	피글링의 심장
4045001	오염된 물통
4046001	개미나리
4070001	(길드)무장 경비대 토벌
4080001	칼리고 신성교단 토벌
4102001	너무 일찍 눈뜬 자들
4121001	골치 아픈 상인
4122001	위험한 야수들
4123001	평화의 선물
4124001	약탈에 대한 대가
4125001	무겁고도 무거운 임무
4126001	크발카의 부탁
4127001	화난 상인을 달래기 위해
4128001	해독을 위한 재료
4129001	검은가시부족의 투사들
4130001	미끼 유인 작전
4131001	조종하는 악당들
4132001	괴물을 치워야 한다
4133001	협조의 땅으로
4134001	검은가시부족의 정예병력
4135001	거인의 왕관
4136001	그들 편인 괴물
4137001	육포 자루
4138001	붉은 바람개비꽃
4151001	[던전] 심연의 나락
4170001	(길드)검은가시부족의 전투병 토벌
4171001	(길드)바실리스크 토벌
4172001	(길드)검은가시부족의 투사 토벌
4180001	기가니아 토벌
4202001	다곤의 보물
4221001	마지막 보급
4222001	굴라와 춤을
4223001	귀환 통로 개척
4224001	의문을 해결할 길
4225001	독에는 독으로
4226001	되살아난 자들의 노래
4227001	모두가 사는 길
4228001	행방불명 된 동생
4229001	어둠 속의 검은 깃털
4230001	지령받은 아간티 전사
4231001	약해지는 방어마법
4232001	굴라의 조종방법 찾기
4233001	검은 깃털 파헤치기
4234001	송곳니 부러뜨리기
4235001	되살아난 공포의 격퇴
4236001	아간티와 노예상인들
4237001	다곤의 사도들
4238001	가랑비에 옷젖는 이유
4239001	호위를 뚫어라
4240001	메코나리를 응징하라
4241001	다곤의 부활은 가능한가
4242001	제1사도의 최후
4243001	아간티 알
4244001	다곤의 비늘석
4270001	(길드)다곤의 신전 1층 잔당토벌 
4271001	(길드)다곤의 신전 2층 남쪽 회랑 토벌
4272001	(길드)신전 2층 북쪽 회랑 토벌
4273001	(길드)신전의 거대한 적들
4280001	신전 3층의 잔당 토벌
4503001	아르곤 연구의 시작
4521001	청소 그리고 청소
4522001	강해지는 방법인가
4523001	웃음짓는 가면
4524001	아르곤 구조물의 가치
4525001	두꺼비의 거대 버섯
4526001	의문의 반구 보호막
4527001	언덕 위의 궁수들
4528001	정찰 언덕 동부
4529001	살아있는 파이프
4530001	아르곤 연구자
4532001	검은 후카 포획
4533001	아르곤 구조물 연구 협조
4534001	아르곤 토목공사 흔적인가
4535001	산 속의 요새
4536001	후카와 두꺼비
4537001	아르곤 식생 연구
4538001	실종 사건의 배후
4571001	(길드)교두보 토벌 명령
4572001	(길드)무혼 습지 토벌 명령
4573001	(길드)정찰 언덕 토벌 명령
4574001	(길드)폭주 진지 토벌 명령
4575001	(길드)거대괴조 케루나티카의 토벌명령
4581001	교두보 토벌 명령
4582001	무혼 습지 토벌 명령
4583001	정찰 언덕 토벌 명령
4584001	폭주 진지 토벌 명령
4585001	거대괴조 케루나티카의 토벌명령
4601001	세 개의 탑
4602001	아르곤 전쟁의 희생자
4621001	의문의 탑
4622001	이상한 골렘
4623001	이상한 플라스크
4624001	유리 장식 화분
4625001	아르곤식 장신구
4626001	모아서 보낸다
4627001	변해버린 생물
4628001	검은 식물 줄기
4629001	더 깊은 곳으로
4630001	언데드의 정신
4631001	말도 안되는 진화
4632001	끝없는 갈망
4633001	의문의 실험 장치
4634001	기괴한 쿠차트
4635001	화분을 지키는 자
4671001	(길드)라가 상층 토벌 명령
4672001	(길드)라가 하층 토벌 명령
4673001	(길드)라가 심층 토벌 명령
4681001	라가 상층 토벌 명령
4682001	라가 하층 토벌 명령
4683001	라가 심층 토벌 명령
4701001	{@Rgn:47001$$티르카이 숲}의 복구
4703001	버려진 아르곤의 주둔지
4721001	돌아오는 것들
4722001	보급품 보강
4723001	엉뚱한 것들
4724001	오지 말 것들
4725001	부숴야 사는 길
4726001	파괴속의 새싹
4729001	허망한 의지
4731001	갑작스러운 습격
4732001	조사 작업 지원
4733001	폐허가 된 순찰자 캠프
4734001	임시대책
4735001	철거지의 픽시들
4771001	(길드)서리숲 토벌 명령
4772001	(길드)변경숲 토벌 명령
4773001	(길드)전 아르곤 주둔지 토벌 명령
4774001	(길드)포효숲 토벌 명령
4781001	서리숲 토벌 명령
4782001	변경숲 토벌 명령
4783001	전 아르곤 주둔지 토벌 명령
4784001	포효숲 토벌 명령
4791001	서리숲 토벌 명령
4792001	변경숲 토벌 명령
4793001	전 아르곤 주둔지 토벌 명령
4794001	포효숲 토벌 명령
4801001	전쟁의 포화 속으로
4802001	전쟁의 신 카이아
4803001	전쟁의 노래
4804001	전쟁의 상흔
4821001	{@Creature:48#100}들의 탈주
4823001	{@Rgn:48004}의 방문
4824001	위기의 철기장
4825001	돌아오지 않는 동료
4826001	신무기 개발 실험
4827001	도둑놈 {@Creature:48#25}
4828001	철기 파편 회수
4829001	아만 동료의 뿔
4830001	귀환하는 철기장
4831001	{@Creature:78#1008}의 노트조각
4833001	{@RawItem:206816} 공급
4834001	{@RawItem:45257} 구하기
4835001	버려진 나무상자
4837001	적진으로 향하는 비밀통로
4838001	{@Creature:48#400}
4839001	{@Creature:48#14}
4840001	{@Rgn:48005}의 {@Creature:48#2}
4841001	전투의 시범을 보여라!
4842001	길가쉬 가디언 사냥
4843001	강철도 씹어먹는 괴물
4844001	파괴된 수송선
4845001	강철손 제어자 처치
4846001	{@Rgn:48006}의 아르곤들
4847001	떨어진 책
4848001	{@Creature:48#401} 파괴
4849001	{@Rgn:48005}의 아르곤
4871001	(길드){@Rgn:48001} 아르곤 토벌
4872001	(길드)아카칼라쉬 토벌
4873001	(길드)헤르샤 드리드의 토벌명령
4881001	{@Rgn:48001} 아르곤 토벌
4882001	아카칼라쉬 토벌
4883001	헤르샤 드리드의 토벌명령
4891001	{@Rgn:48001} 아르곤 토벌
4892001	아카칼라쉬 토벌
4901001	다가오는 어둠
4902001	아르곤 에너지 저장고
4921001	숨겨진 마을, {@Rgn:76001}
4922001	{@Rgn:76001} 주민의 호기심
4923001	{@Rgn:76001} 주민의 호기심
4924001	{@Rgn:76001} 주민의 호기심
4925001	{@Rgn:76001} 주민의 호기심
4929001	{@RawItem:45260}
4930001	날개돌 사용법
4931001	마석 연구
4932001	검은 꽃의 비밀
4933001	{@Creature:49#2} 사냥
4934001	아르곤의 전력 방해
4935001	학구열이 높은 학자
4936001	{@Rgn:49005}의 적, 아르곤
4937001	{@Rgn:49005} 조사
4939001	{@Rgn:49005}의 위협
4940001	{@Creature:76#1011}의 쪽지1
4941001	{@Creature:76#1011}의 쪽지2
4942001	{@Creature:76#1011}의 쪽지3
4943001	{@Rgn:76001} 입구의 아르곤들
4944001	{@Rgn:49004} 공격!
4945001	{@Creature:49#1} 사냥
4946001	{@Creature:49#5}
4947001	{@Creature:49#20} 사냥
4948001	{@Creature:49#15} 사냥
4949001	{@Rgn:49003} 잠입
4950001	{@Rgn:49003}의 라마얀
4951001	아만 소년의 성인식
4952001	{@Rgn:49003}로
4953001	{@Rgn:49002}의 {@Creature:49#101}들
4971001	(길드){@Rgn:49001} 아르곤 토벌
4972001	(길드){@Rgn:49001} 거대 아르곤 토벌
4973001	(길드)헤르샤 베르시의 토벌명령
4981001	{@Rgn:49001} 아르곤 토벌
4982001	{@Rgn:49001} 거대 아르곤 토벌
4983001	헤르샤 베르시의 토벌명령
4991001	{@Rgn:49001} 아르곤 토벌
4992001	{@Rgn:49001} 거대 아르곤 토벌
4993001	지긋지긋한 아르곤 1
4994001	지긋지긋한 아르곤 2
5001001	계획의 정체
5002001	전쟁의 끝
5021001	{@WorkObject:103}
5022001	{@Rgn:50005}
5023001	또 다른 {@Rgn:50005}
5024001	{@Creature:50#200}
5025001	붉은 세카 사냥
5026001	{@Creature:50#10}
5027001	{@Creature:50#10}의 자세한 조사
5028001	{@Creature:250#1018}의 걱정
5029001	{@Rgn:50006}의 아카칼라쉬
5031001	{@Creature:76#1011}의 쪽지4
5032001	{@Creature:76#1011}의 쪽지5
5033001	{@Rgn:50009}
5034001	끝나지 않은 성인식
5035001	아직도 끝나지 않은 성인식
5036001	드디어 끝난 성인식
5037001	{@Rgn:50008}으로 가는 길
5038001	{@Rgn:50008} 정화
5039001	길 잃은 {@Creature:50#1002}
5071001	(길드){@Rgn:50001} 아르곤 토벌
5072001	(길드){@Rgn:50001} 거대 아르곤 토벌
5073001	(길드)아카칼라쉬 디시크의 토벌명령
5081001	{@Rgn:50001} 아르곤 토벌
5082001	{@Rgn:50001} 거대 아르곤 토벌
5083001	아카칼라쉬 디시크의 토벌명령
5091001	{@Rgn:50001} 아르곤 토벌
5092001	{@Rgn:50001} 거대 아르곤 토벌
5121001	툴사에게 지배당한 협곡
5122001	세뇌된 웬디고 부족
5123001	웬디고 투사 에르피사
5124001	웬디고 주술사를 처단하라
5125001	광폭화 장치를 파괴하라
5126001	광기에 휩싸인 짐승의 협곡
5127001	돌아오지 못한 자들
5128001	돌아 갈 수 없는 이유
5129001	설원의 살육자
5131001	눈사태의 원인 제거
5132001	야수를 미치게 만든 장치
5133001	가족의 품으로
5134001	기밀 정보
5135001	얼음 거인들의 동굴
5136001	설원 위의 거인들
5137001	악신의 하수인
5138001	동굴 속의 용사들
5139001	급한대로 버섯이라도
5140001	불타는 술
5170001	(길드)라키누아 토벌 명령
5171001	(길드)세뇌된 웬디고 무리의 토벌
5172001	(길드)광기에 물든 짐승 토벌 
5173001	(길드)광포한 얼음 거인 토벌
5181001	라키누아 토벌 명령
5182001	세뇌된 웬디고 무리의 토벌
5183001	광기에 물든 짐승 토벌 
5184001	광포한 얼음 거인 토벌
5201001	용광로 속으로
5202001	공포의 미궁
5203001	기적을 위한 재료
5204001	툴사의 최후
5205001	파멸의 마수, 켈사이크
5221001	고립된 병력을 지원하라
5222001	광소의 학살자 바라스
5223001	툴사 군단의 척후대를 괴멸하라
5224001	툴사 군단의 수병대를 괴멸하라
5225001	혹한의 추위에 맞서기 위해
5226001	희망의 마을에 전해라 
5227001	툴사 군단의 돌격대를 괴멸하라
5228001	혹한을 부르는 정령
5229001	악령의 비명소리
5230001	맹독의 치료제
5231001	검은 다리 캠프로
5232001	툴사 군단의 기병대를 괴멸하라
5233001	적들의 보급품
5234001	용광로를 향하여
5235001	악몽의 사제 테르사
5236001	부활의 주술도구
5237001	폭풍을 부르는 정령
5238001	성역을 더럽힌 짐승들
5239001	더 이상의 부활을 막아라
5240001	용광로 탈환 작전
5241001	중앙 제어실 탈환 작전
5242001	성역을 침범한 이방인
5243001	지옥에서 돌아온 무사
5244001	지원 요청
5245001	성역을 향하여 
5250001	마석을 해체하라!
5251001	동료들의 뿔
5270001	(길드)툴사 군단의 선봉대 토벌
5271001	(길드)툴사 군단 기병대와 보급부대 토벌
5272001	(길드)칠흑의 군단 토벌 
5273001	(길드)설원의 마수 스내글투스 토벌 명령
5280001	툴사 군단의 선봉대 토벌
5281001	툴사 군단 기병대와 보급부대 토벌
5282001	칠흑의 군단 토벌 
5283001	설원의마수 스내글투스 토벌 명령
5421001	위기의 요정의 숲
5422001	타락의 원인 조사
5423001	굶주린 짐승들
5424001	미래에 대한 희망
5425001	목숨을 위협하는 짐승
5426001	병든 요정의 치유
5427001	아르곤의 행적 조사
5428001	아르곤이 남긴 것
5429001	타락한 여신의 친위대
5430001	의심이 가는 장치를 찾아
5431001	아르곤을 처단하라 
5432001	타락한 숲의 생명들
5433001	용감한 전사를 쫓아 
5434001	미쳐버린 여신의 수호자
5435001	골짜기의 짐승
5436001	여신이 남긴 미지의 힘
5437001	대신관들의 힘을 모아
5438001	영원의 꽃을 지켜라
5439001	타락한 정원의 관리사
5440001	정원에 날아든 존재
5441001	보호석의 복구
5442001	정원을 어지럽히는 해충
5470001	(길드)위기의 요정의 안식처
5471001	(길드)황혼의 숲의 짐승 토벌
5472001	(길드)강철 비늘 알쿠스 토벌
5473001	(길드)오염된 수호자 토벌 명령
5480001	위기의 요정의 안식처
5481001	황혼의 숲의 짐승 토벌
5482001	강철 비늘 알쿠스 토벌
5483001	오염된 수호자 토벌 명령
5495001	요정의 숲을 구해줘 1
5496001	요정의 숲을 구해줘 2
5501001	카이아도르의 이변
5502001	그림자숲의 정령
5521001	그림자 숲으로 가는 길
5522001	힘을 돋우는 방법
5524001	방향을 잃은 사념들
5525001	디플의 부하들
5526001	혈마법단 지원
5527001	콧대 꺾기
5528001	정원의 난폭자들
5529001	오칸이 오는 길
5530001	어스름 캠프로
5531001	거대한 어둠의 꽃
5532001	그림자 숲 침략자들
5533001	그림자 숲의 특산품
5534001	타락한 용의 자손
5535001	녹아 든 검은 깃털
5536001	선제 공격
5537001	둥지의 주인들
5538001	타락의 근원
5570001	(길드)어스름 골 토벌 명령
5571001	(길드)외로움의 골짜기 토벌 명령
5572001	(길드)그림자 숲 서부 토벌 명령
5573001	(길드)어둠의 꽃 토벌 명령
5574001	(길드)배척의 둥지 토벌 명령
5575001	(길드)타락한 판두러스 토벌 명령
5576001	(길드)타락의 둥지 토벌 명령
5580001	어스름 골 토벌 명령
5581001	외로움의 골짜기 토벌 명령
5582001	그림자 숲 서부 토벌 명령
5583001	어둠의 꽃 토벌 명령
5584001	배척의 둥지 토벌 명령
5585001	타락한 판두러스 토벌 명령
5586001	타락의 둥지 토벌 명령
5601001	피의 기둥을 파괴하라
5602001	켈사이크 부활 저지
5621001	어둠의 숲 파견
5622001	복수를 위해
5623001	소란의 주체
5624001	어둠의 조짐
5625001	데바를 이끄는 자
5626001	갈림길의 데바
5627001	검은 샘물을 향해
5628001	검은 샘물 캠프 방어
5629001	사라진 탐험가
5630001	질주하는 악몽
5631001	더 이상은 없다
5632001	제단을 수호하는 자들
5633001	한 맺힌 희생자들
5634001	심상치 않은 조우
5635001	메코나리 마법석 탈취
5636001	어둠이 흐르는 방향
5637001	판 뒤집기
5640001	[던전] 리안의 지하 전당
5670001	(길드)희생자의 갈림길 토벌 명령
5671001	(길드)제물의 숲 토벌 명령
5672001	(길드)칠흑의 제단 토벌 명령
5673001	(길드)코트락크 토벌명령
5680001	희생자의 갈림길 토벌 명령
5681001	제물의 숲 토벌 명령
5682001	칠흑의 제단 토벌 명령
5683001	코트락크 토벌명령
5721001	아메나 콰틀라로의 여정
5722001	그림자 속의 기사
5723001	분지의 야수
5724001	대왕 버섯의 정체
5725001	거친 깃털의 파수꾼
5726001	용병단의 위협
5727001	어둠의 용병단 토벌
5728001	광신도를 쫓아서
5729001	신의 근위병
5730001	시칸다리 수호병
5731001	시칸더의 추종자들
5732001	시칸다리의 부화장으로
5733001	부화장의 아르곤 수호병
5734001	부화장을 점거한 괴수
5735001	시칸더의 아이들
5736001	아메나 콰틀라 수호자
5770001	(길드)불지옥괴수 카자스탄 토벌 명령
5771001	(길드)버섯꼬리 숲 도마뱀 토벌 명령
5772001	(길드)아메나 콰틀라 인근 토벌 명령
5773001	(길드)시칸더의 신전 토벌 명령
5774001	(길드)검은 수호괴수 토벌 명령
5781001	불지옥괴수 카자스탄 토벌 명령
5782001	버섯꼬리 숲 도마뱀 토벌 명령
5783001	아메나 콰틀라 인근 토벌 명령
5784001	시칸더의 신전 토벌 명령
5785001	검은 수호괴수 토벌 명령
6000001	[중요] 고통받는 주민들
6001001	[중요] 비장의 무기
6002001	[중요] 격추 시도
6050001	The Missing Ingredient
6099001	보다 강한 힘을 원한다면
6140001	[던전] 바하르의 신전
6301001	여신의 도시에서
6302001	마법 기술 수련소
6304001	명예로운 결투
6305001	발키온 연합 사령부
6306001	전투 기술 수련소
6307001	명예로운 결투
6321001	대민 지원
6322001	후카들의 전통모자
6323001	모험가를 위한 모자
6324001	얼굴에 자신이 없다면
6325001	엘레강스한 분께 권해요
6326001	터프하고 싶다면 이 모자를
6327001	캡틴이 되고 싶다구요?
6328001	축제를 준비한다면
6329001	귀여움을 연출해보세요
6330001	생명의 고귀함을 느끼고 싶다면
6331001	고상함을 느끼고 싶다면
6332001	오래된 물건의 값어치
6333001	신사 숙녀 여러분께 권해드립니다
6334001	흑표범의 먹이
6335001	라이더의 필수품
6336001	사죽을 못쓰는 물건
6337001	위급 시에 필요한 물건
6338001	안장에 필요한 재료
6339001	이 맹수의 주인은 이제 너야
6340001	[이벤트] 강철의 전장 승리
6341001	[이벤트] 포화의 전장 승리
6342001	[이벤트] 비밀기지 토벌
6343001	[이벤트] 밤피르 저택 토벌
6344001	[이벤트] 사교도의 은신처 토벌
6345001	[이벤트] 사령술 연구소 토벌
6346001	[이벤트] 황금의 미궁 토벌
6347001	[이벤트] 검은 탑 토벌
6348001	[이벤트] 공포의 미궁 토벌
6349001	[이벤트] 살레론의 공중정원 토벌
6350001	[이벤트] 자바르만 소굴 토벌
6351001	[이벤트] 샨드라 마나이아 토벌
6352001	[이벤트] 데모크론 실험실 토벌
6353001	[이벤트] 아크데바 무기고 토벌
6354001	Easter commotion
6356001	결투 소개
6357001	바람보다 빠른
6358001	보다 강한 힘을 위해
6359001	새로운 지원
6361001	새로운 지원
6364001	[던전] 의문의 지진
6367001	중급 보급품 구매 권한
6368001	상급 보급품 구매 권한
6369001	창공의 수호자
6370001	도감 편찬
6371001	녹슬지 않은 실력 1
6372001	녹슬지 않은 실력 2
6378001	산타를 구출해줘!
6381001	연합의 지원
6383001	모험가의 부탁
6384001	첫 번째 강화 part1
6385001	첫 번째 강화 part2
6395001	날이면 날마다 오는 것이 아니야~
7205001	희망의 단서
7282001	황금 티켓을 줄게
7290001	<진행불가>강함의 증명
7291001	(진행불가)[전장]투지의 전장에서 승리하라
7292001	(진행불가)[전장]투지의 전장에서 승리하라
7293001	(진행불가)[전장]투지의 전장에서 승리하라
7294001	(진행불가)[전장]투지의 전장에서 승리하라
7295001	(진행불가)[전장]명예의 전장에서 승리하라
7296001	(진행불가)[전장]명예의 전장에서 승리하라
7297001	(진행불가)[전장]명예의 전장에서 승리하라
7298001	(진행불가)[전장]명예의 전장에서 승리하라
7299001	그림자 상단의 유혹
8421001	벨리카도 식후경
8422001	칼람스 페퍼를 얻는 법
8491001	(진행불가)[전장]명예의 전장에서 승리하라
8492001	(진행불가)[전장]명예의 전장에서 승리하라
8493001	(진행불가)[전장]투지의 전장에서 승리하라
8494001	(진행불가)[전장]투지의 전장에서 승리하라
8496001	[전장] 명예의 전장으로!
8701001	갑작스러운 투입
8702001	호위대 승인
8703001	임무의 시작
8704001	보급대 구출 그리고 힌트
8705001	밝혀지는 진실
8706001	반격의 씨앗
8707001	단죄
8708001	애도와 새로운 시작
8709001	발키온 연합의 일원
9999001	절대로 받으면 안되는 퀘스트
10001001	금속 물자 제작법 습득 1
10002001	금속 물자 확보1
10003001	금속 물자 제작법 습득 2
10004001	금속 물자 확보2
10005001	금속 물자 제작법 습득 3
10006001	금속 물자 확보3
10007001	금속 물자 제작법 습득 4
10008001	금속 물자 확보4
10009001	금속 물자 제작법 습득 5
10010001	금속 물자 확보5
10011001	마법 무기 물자 제작법 습득 1
10012001	마법 무기 물자 확보1
10013001	마법 무기 물자 제작법 습득 2
10014001	마법 무기 물자 확보2
10015001	마법 무기 물자 제작법 습득 3
10016001	마법 무기 물자 확보3
10017001	마법 무기 물자 제작법 습득 4
10018001	마법 무기 물자 확보4
10019001	마법 무기 물자 제작법 습득 5
10020001	마법 무기 물자 확보5
10021001	중갑 물자 제작법 습득 1
10022001	중갑 물자 확보1
10023001	중갑 물자 제작법 습득 2
10024001	중갑 물자 확보2
10025001	중갑 물자 제작법 습득 3
10026001	중갑 물자 확보3
10027001	중갑 물자 제작법 습득 4
10028001	중갑 물자 확보4
10029001	중갑 물자 제작법 습득 5
10030001	중갑 물자 확보5
10031001	경갑 물자 제작법 습득 1
10032001	경갑 물자 확보1
10033001	경갑 물자 제작법 습득 2
10034001	경갑 물자 확보2
10035001	경갑 물자 제작법 습득 3
10036001	경갑 물자 확보3
10037001	경갑 물자 제작법 습득 4
10038001	경갑 물자 확보4
10039001	경갑 물자 제작법 습득 5
10040001	경갑 물자 확보5
10041001	로브 물자 제작법 습득 1
10042001	로브 물자 확보1
10043001	로브 물자 제작법 습득 2
10044001	로브 물자 확보2
10045001	로브 물자 제작법 습득 3
10046001	로브 물자 확보3
10047001	로브 물자 제작법 습득 4
10048001	로브 물자 확보4
10049001	로브 물자 제작법 습득 5
10050001	로브 물자 확보5
10051001	소모품 제작법 습득 1
10052001	소모품 확보1
10053001	소모품 제작법 습득 2
10054001	소모품 확보2
10055001	소모품 제작법 습득 3
10056001	소모품 확보3
10057001	소모품 제작법 습득 4
10058001	소모품 확보4
10059001	소모품 제작법 습득 5
10060001	소모품 확보5
10061001	마법 각인 제작자가 되는 길 2
10062001	마법 각인 제작자가 되는 길 3
10063001	마법 각인 제작자가 되는 길 4
10064001	마법 각인 제작자가 되는 길 1
10101001	금속 물자 제작법 습득 6
10102001	금속 물자 확보6
10103001	금속 물자 제작법 습득 7
10104001	금속 물자 확보7
10105001	금속 물자 제작법 습득 8
10106001	금속 물자 확보8
10107001	금속 물자 제작법 습득 9
10108001	금속 물자 확보9
10109001	마법 무기 물자 제작법 습득 6
10110001	마법 무기 물자 확보6
10111001	마법 무기 물자 제작법 습득 7
10112001	마법 무기 물자 확보7
10113001	마법 무기 물자 제작법 습득 8
10114001	마법 무기 물자 확보8
10115001	마법 무기 물자 제작법 습득 9
10116001	마법 무기 물자 확보9
10117001	중갑 물자 제작법 습득 6
10118001	중갑 물자 확보6
10119001	중갑 물자 제작법 습득 7
10120001	중갑 물자 확보7
10121001	중갑 물자 제작법 습득 8
10122001	중갑 물자 확보8
10123001	중갑 물자 제작법 습득 9
10124001	중갑 물자 확보9
10125001	경갑 물자 제작법 습득 6
10126001	경갑 물자 확보6
10127001	경갑 물자 제작법 습득 7
10128001	경갑 물자 확보7
10129001	경갑 물자 제작법 습득 8
10130001	경갑 물자 확보8
10131001	경갑 물자 제작법 습득 9
10132001	경갑 물자 확보9
10133001	로브 물자 제작법 습득 6
10134001	로브 물자 확보6
10135001	로브 물자 제작법 습득 7
10136001	로브 물자 확보7
10137001	로브 물자 제작법 습득 8
10138001	로브 물자 확보8
10139001	로브 물자 제작법 습득 9
10140001	로브 물자 확보9
10141001	소모품 제작법 습득 6
10142001	소모품 확보6
10143001	소모품 제작법 습득 7
10144001	소모품 확보7
17201001	하늘로 흐르는 선착장
17202001	옷깃만 스쳐도 인연
17203001	먼 여행을 앞두고….
17204001	길버트의 사명
17205001	신대륙으로의 항해
17206001	냉정과 열정사이
17207001	초대하지 않은 손님
17208001	고립된 원정대
17209001	뜻밖의 만남
17210001	의심 그리고 오해
17211001	카마이족 군락지
17212001	아논족의 비극
17213001	부활하라! 엘카이아호!
17214001	뒤를 쫓아라!
17216001	새로운 위협
17217001	든든한 지원
17221001	[던전] 사이럭스 연구 기지
17222001	[던전] RK-9 격납고
18101001	비보를 알리는 바라카들의 방식
18102001	의문의 소용돌이
18103001	구도자의 길
18104001	침입자들
18105001	드리우는 불안
18106001	고고학을 연구한다는 것
18107001	살해된 자를 위한 의식
18108001	강렬한 살기
18109001	은밀하게 위대하게
18110001	위기 탈출
18111001	잠깐, 챙길 건 챙기고
18112001	쉽지 않은 조건
18113001	사전 준비
18114001	임시 주둔지 습격
18115001	1g의 흔들림
18116001	검은 장벽의 근원으로
18117001	실험실의 비극
18118001	다시 고개 드는 전운
18201001	아크데바 비밀 아지트
18202001	비밀 유지
18203001	이르카 조사단
18204001	일거수 일투족
18205001	아크데바의 검붉은 펜던트
18206001	천재는 높은 확률로 괴짜
18207001	만능 접착제
18208001	하라는 임무는 안하고
18209001	한 걸음 전진
18210001	지식의 고향
18211001	오린의 시험
18212001	계속 나아가리라
18213001	리쿰의 기술서
18214001	개구리를 찾아서
18299001	Hone your Talents
18301001	차원의 문 너머로
18302001	새로운 분노의 힘을 찾아서!
18303001	새로운 분노의 힘! 그 두 번째!
18304001	새로운 분노의 힘! 그 세 번째!
18305001	새로운 분노의 힘! 그 마지막!
18306001	전설의 철기장 가문
18311001	이세계의 철기장
18324001	전사들의 도전
18325001	[이벤트] 환영의 탑 최상층 토벌
18326001	[이벤트] 저주받은 번스타인의 악령섬 토벌
18327001	[이벤트] 번스타인의 악령섬 토벌
18331001	[이벤트] 아카샤의 은신처(솔로 던전) 토벌
18332001	[이벤트] 황금의 미궁(솔로 던전) 토벌
18333001	[이벤트] 포악한 퀴르갈의 동굴(솔로 던전) 토벌
18335001	[이벤트] 사악한 오르카의 신전 토벌
18336001	[이벤트] 발로나의 시공간 토벌
18337001	[이벤트] 크리스마스의 악몽 토벌
18352001	[월광무사] 오메로스의 부탁
18353001	먼지 쌓인 책
18355001	아크데바 토벌대
18357001	전사들의 도전
18358001	끝없는 수행
18360001	괴조의 급습
18366001	[이벤트] 방어 담당자의 자격 시험 [보너스]
18372001	[이벤트] 아르보레아 수호임무 1
18373001	[이벤트] 아르보레아 수호임무 2
18374001	[이벤트] 아르보레아 수호임무 3
18375001	[이벤트] 아르보레아 수호임무 4
18376001	[이벤트] 아르보레아 수호임무 5
18377001	[전장] 강함을 증명하는 길
18378001	[전장] 지하의 격전장으로
18380001	[이벤트] 각성이라는 힘의 종착지 II
18381001	Catalyst of Ice
18382001	Catalyst of Fire
18383001	[이벤트] 장비 레벨 418 임무
18384001	[이벤트] 장비 레벨 422 임무
18385001	[이벤트] 장비 레벨 428 임무
18386001	[이벤트] 장비 레벨 431 임무
18387001	[이벤트] 장비 레벨 432 임무
18388001	[이벤트] 장비 레벨 433 임무
18389001	[이벤트] 장비 레벨 435 임무
18390001	[이벤트] 장비 레벨 436 임무
18391001	[이벤트] 장비 레벨 437 임무
18392001	[이벤트] 장비 레벨 438 임무
18393001	[이벤트] 장비 레벨 439 임무
18398001	[이벤트] 안타로스 처치
19101001	제국의 땅으로
19102001	돌격 옆으로!
19103001	약한 자의 눈물
19104001	뛰는 놈 위에 나는 놈
19105001	검은 마법의 흔적
19106001	시공의 균열 봉쇄
19107001	피도 눈물도 없이
19108001	난공불락의 요새
19109001	불길한 단서
19110001	돌이킬 수 없는 걸음
19111001	끈질긴 추적
19112001	최후의 결전
21301001	불길한 소식
21302001	율리아의 의심
21303001	그날의 기억
21304001	태고신의 나무
21305001	용의자 X
21306001	뜻밖의 만남
21307001	씁쓸한 진실
21311001	폐허가 된 정원
21312001	희망적인 발견
41101001	철기장의 수제자
41102001	부서진 고대의 무기
41103001	두 번째 비전 문서
41104001	바타히르의 수제자
41105001	바타히르의 쪽지
41106001	균열의 흔적
41107001	운명의 철기장
41501001	여명의 정원 탐사대
41502001	여명의 정원 탐사대
41503001	여명의 정원 탐사대
41504001	여명의 정원 탐사대
41505001	여명의 정원 탐사대
41506001	여명의 정원 탐사대
41507001	여명의 정원 탐사대
41508001	여명의 정원 탐사대
41510001	진격
41511001	진격
41512001	진격
41513001	진격
41514001	진격
41515001	진격
41516001	진격
41517001	진격
42421001	미트라 상단의 비밀
42491001	{@Rgn:9024001} 토벌 명령
42521001	정원의 지배자
42522001	정원의 수호자
42523001	연못의 수호자
42524001	유물의 방
42571001	(길드){@Rgn:9025001} 토벌 명령
42581001	{@Rgn:9025001} 토벌 명령
47121001	사라진 영혼
47122001	껍데기 뿐인 육신
47123001	뿌리 깊은 원한
47124001	한 맺힌 원한
47125001	아내에게 보내는 편지
47126001	어머니께 보내는 편지
47127001	은혜는 안 갚아도 원수는 갚는다
47170001	(길드)악몽의 토벌 명령
47171001	(길드)죽음의 포효 베르크라마 토벌 명령
47221001	굴라 도륙자 쿠락
47222001	크오니카가 좋아하는 것
47223001	타락한 자의 눈동자
47224001	피빛 크리스탈의 진위
47226001	오래된 보물상자 
47270001	(길드)황금의 미궁 굴라 토벌
47271001	(길드)황금의 미궁 시누스 토벌
47272001	(길드)폭군 바라코스 토벌 명령
47280001	타락의 징표
47281001	폭군 바라코스 토벌 명령
47321001	불멸의 존재들
47322001	영생을 위한 복종
47323001	검은탑의 경비대
47324001	툴사의 조력자들
47325001	검은탑의 경비 대장
47326001	변이된 툴사의 오른팔
47327001	영웅의 안식
47371001	(길드)불멸의 군단을 토벌하라
47380001	불멸의 군단을 토벌하라
47621001	킬리언의 하수인
47622001	길들여진 짐승들
47623001	킬리언의 악사
47624001	킬리언의 어릿광대들
47625001	내려앉은 마음
47626001	미궁의 아르곤
47627001	고통의 여왕 간수장 바토리
47628001	샤말란 제사장
47629001	복수의 악마
47670001	(길드)미궁 안의 광대 토벌
47671001	(길드)킬리언의 악사 토벌
47680001	미궁 안의 광대 토벌
47681001	킬리언의 악사 토벌
48121001	실전같은 수련
48701001	비밀기지를 토벌하라!
48721001	돈이 되는 증표
48722001	패잔병 처리
48723001	소환된 작은 악마
48724001	역겨운 짐승
48725001	신비한 가죽
48727001	기이한 설계도
48728001	암호문으로 적힌 책
48770001	(길드)패잔병 말살
48821001	배신자 처단
48822001	피를 토해내라
48823001	기괴한 자들
48824001	하수인들
48825001	타락한 영혼의 구제
48826001	마녀들의 최후 
48870001	(길드)공작가의 병사 토벌 명령
48871001	(길드)밤피르 귀족 토벌 명령
48872001	(길드)베르베로스 토벌 명령
48921001	암흑의 존재들
48922001	무기의 질이 다르다!!
48923001	심연의 성서
48924001	식인귀 처단 
48925001	경이의 존재
48970001	(길드)암흑의 존재 토벌 명령
48971001	(길드)심연의 존재 토벌 명령
48972001	(길드)아카 칼라쉬 토벌 명령
49301001	아카샤의 행방
49302001	아카샤의 최후
49370001	(길드)역병 토벌 명령
50501001	[각성] 벨리카 연회
50502001	[각성] 뜻밖의 손님
50511001	[각성] 되돌려진 시간
50512001	[각성] 재앙의 원인
50525001	[각성] 산맥의 끝
50526001	[각성] 세계의 벽
50527001	[각성] 회의감
50528001	[각성] 혼란
50529001	[각성] 죄책감
50530001	[각성] 완전한 각성
50531001	[각성] 홀로
50532001	[각성] 잃어버린 물건은 없으신가요?
50533001	[중요] 여신님께 바칠 선물
50534001	[중요] 물품 담당자의 행방불명
50535001	[중요] 천공의 승부사
50536001	[중요] 올리벙의 요리 교실: 1교시
50537001	[중요] 올리벙의 요리 교실: 2교시
50538001	[중요] 올리벙의 요리 교실: 3교시
50539001	[중요] 시설 담당의 우울
50540001	[중요] 가끔은 휴식이 필요해
50541001	[중요] 전설의 불꽃놀이
50545001	[중요] 바라카들의 호의
50546001	[중요] 중앙 경비대의 호의
50547001	[중요] 남문 경비대의 호의
50548001	[중요] 수비대장의 호출
50601001	[중요] 벨릭의 꿈
50602001	[중요] 혁명단의 악행
50603001	[중요] 추락과 착지 사이
51010001	이상징후 조사
51011001	혁명단의 계획 방해하기
51012001	진실 확인
51020001	딸을 찾아서
51021001	에세니아 재건
51022001	나비효과
51030001	멍멍이를 찾아서
51031001	기억의 비약
51032001	유령과 보석
51040001	훔쳐간 물건도 잡동사니 상자에
51041001	안전 제일! 납품 마차를 지켜라!
51042001	신성제국 유물의 값어치
51050001	실종된 병사 생사 확인
51051001	부상병들을 위한 약재 보급
51052001	공성 병기 수리
55001001	병아리급 궁수를 위한 과제
55002001	참새급 궁수를 위한 과제
55003001	까마귀급 궁수를 위한 과제
55004001	올빼미급 궁수를 위한 과제
55005001	솔개급 궁수를 위한 과제
55007001	정예 검투사를 위한 첫 번째 도전과제
55008001	정예 검투사를 위한 두 번째 도전과제
55011001	정예 검투사를 위한 다섯 번째 도전과제
55016001	[이벤트] 권술사 마지막 시험
55017001	[이벤트] 포화의 전장에서 승리하라
55018001	[이벤트] 명예의 전장에서 승리하라
55019001	[이벤트] 아르보레아 수호임무 1
55020001	[이벤트] 아르보레아 수호임무 2
55022001	[이벤트] 두 번째 아르보레아 수호자 자격 시험
55025001	아르보레아 전선 투입 I
55026001	아르보레아 전선 투입 II
55027001	아르보레아 전선 투입 III
55028001	아르보레아 전선 투입 IV
55029001	아르보레아 전선 투입 V
55030001	아르보레아 전선 투입 VI
55031001	아르보레아 전선 투입 VII
55032001	아르보레아 전선 투입 VIII
55033001	아르보레아 전선 돌파 I
55034001	아르보레아 전선 돌파 II
55035001	아르보레아 전선 돌파 III
55036001	아르보레아 전선 돌파 IV
55037001	아르보레아 전선 돌파 V
55038001	아르보레아 전선 돌파 VI
55039001	아르보레아 전선 돌파 VII
55040001	아르보레아 전선 투입 I
55041001	아르보레아 전선 투입 II
55042001	아르보레아 전선 투입 III
55043001	아르보레아 전선 투입 IV
55044001	아르보레아 전선 투입 V
55045001	아르보레아 전선 투입 VI
55046001	아르보레아 전선 투입 VII
55047001	아르보레아 전선 투입 VIII
55048001	아르보레아 전선 돌파 I
55049001	아르보레아 전선 돌파 II
55050001	아르보레아 전선 돌파 III
55051001	아르보레아 전선 돌파 IV
55052001	아르보레아 전선 돌파 V
55053001	아르보레아 전선 돌파 VI
55054001	아르보레아 전선 돌파 VII
55055001	아르보레아 전선 투입 I
55056001	아르보레아 전선 투입 II
55057001	아르보레아 전선 투입 III
55058001	아르보레아 전선 투입 IV
55059001	아르보레아 전선 투입 V
55060001	아르보레아 전선 투입 VI
55061001	아르보레아 전선 투입 VII
55062001	아르보레아 전선 투입 VIII
55063001	아르보레아 전선 돌파 I
55064001	아르보레아 전선 돌파 II
55065001	아르보레아 전선 돌파 III
55066001	아르보레아 전선 돌파 IV
55067001	아르보레아 전선 돌파 V
55068001	아르보레아 전선 돌파 VI
55069001	아르보레아 전선 돌파 VII
55070001	아르보레아 전선 투입 I
55071001	아르보레아 전선 투입 II
55072001	아르보레아 전선 투입 III
55073001	아르보레아 전선 투입 IV
55074001	아르보레아 전선 투입 V
55075001	아르보레아 전선 투입 VI
55076001	아르보레아 전선 투입 VII
55077001	아르보레아 전선 투입 VIII
55078001	아르보레아 전선 돌파 I
55079001	아르보레아 전선 돌파 II
55080001	아르보레아 전선 돌파 III
55081001	아르보레아 전선 돌파 IV
55082001	아르보레아 전선 돌파 V
55083001	아르보레아 전선 돌파 VI
55084001	아르보레아 전선 돌파 VII
59901001	수호자의 일상
59902001	티아란 나무의 아이들
59903001	기생하는 길리두
59904001	길리두 박멸을 위해
59905001	티아란 나무의 수액
59906001	미지의 침입자들
59907001	돌아오지 않는 사람들
59908001	아르곤의 흔적들
59909001	뒤를 쫓아서
59910001	티아란 나무의 눈물
59911001	대륙으로
59912001	집요한 수색
60101001	{@WorkObject:64} 가동
60102001	{@Rgn:45003$$무혼 습지}의 복원
60103001	명예 연구원의 걱정거리
60104001	티르카이 버섯 연구 보고
60105001	승화의 관 연구 보고
60106001	{@Rgn:47006$$서리숲 복구 캠프} 지원 요청
60107001	{@Rgn:47007$$포효숲 전진 캠프} 지원 요청
60108001	{@Rgn:45007$$무혼 습지 캠프} 지원 요청
60109001	{@Rgn:45008$$정찰 지원 캠프} 지원 요청
60110001	{@Rgn:45009$$폭주 진지 캠프} 지원 요청
60111001	{@Rgn:46001$$세 개의 탑} 연구 본부 지원 요청
60112001	{@Rgn:46016$$정신 연구 캠프} 지원 요청
60113001	{@Rgn:46017$$융합 연구 캠프} 지원 요청
60114001	생명을 구하라
60115001	변이된 식물의 조사
60116001	명예 연구원의 걱정거리
60117001	소장님이 애타게 찾고 있습니다
60118001	아르곤 연구소의 호출
60201001	기지로 날아든 날파리
60202001	부족한 부품의 조달
60203001	적들의 지휘관
60204001	굶주린 유격대원
60205001	유격대의 수집품
60206001	머리수를 줄여라
60207001	{@Rgn:48005$$아르곤 지휘소} 잠입 작전
60208001	정체를 알 수 없는 장치 
60209001	토굴 안의 아르곤
60210001	토굴 안의 지휘관
60211001	{@Creature:418#2008#아르곤 에너지 공급기}의 파괴
60212001	{@Creature:418#2009$$병기 제어장치}를 파괴하라
60213001	유격대는 전우를 버리지 않는다
60214001	지하로부터의 요청
60215001	신입 유격대원의 교육
60216001	굶주린 유격대원
60217001	대장님이 너를 찾고 있다
60218001	카노비아 유격대의 호출
60301001	사냥꾼의 몸풀이
60302001	{@Rgn:49005$$카시안 나무}의 기생충
60303001	{@Rgn:49003$$에너지 저장고}의 아르곤
60304001	{@Rgn:50002$$숨겨진 캠프}의 사냥꾼
60305001	{@Rgn:50003$$바위 아래 캠프}에서의 호출
60306001	{@Creature:50#9$$가드큐브}의 사냥
60307001	{@Rgn:50002$$숨겨진 캠프}의 사냥꾼
60308001	{@Creature:76#3001$$케인바라}를 찾아가 봐
60309001	아르곤 헌터의 호출
60401001	물고기 양식의 노하우
60402001	바나나 재배의 노하우
60403001	급하게 필요한 물건
60404001	{@Rgn:30009$$무너진 신전 터}의 가디언
60405001	{@Rgn:30008$$인도의 신전}터의 가디언
60406001	감시단의 보고
60407001	위기의 동물들
60408001	태양 신의 비석
60409001	{@Rgn:9017001$$태양의 등대}를 밝혀라
60410001	오래된 유물의 회수
60411001	이제는 쉬어야 할때
60412001	{@Rgn:9017001$$태양의 등대} 파수꾼
60413001	오래된 약재의 분석
60414001	부족한 약재의 조달
60415001	희귀 약초의 재배
60416001	물고기 양식의 노하우
60417001	바나나 재배의 노하우
60418001	{@Creature:71#3001$$아리스 엘린}님이 찾으셔
60419001	미마스로부터의 호출
60501001	상인회의 간단한 도움요청
60502001	상인회의 쉬운 도움요청
60503001	상인회의 까다로운 도움요청
60504001	상인회의 어려운 도움요청
60505001	상인회의 부담되는 도움요청
60506001	공방회의 간단한 도움요청
60507001	공방회의 쉬운 도움요청
60508001	공방회의 까다로운 도움요청
60509001	공방회의 어려운 도움요청
60510001	공방회의 부담되는 도움요청
60511001	사냥 부탁 {@Rgn:10001$$뱀의 섬}
60512001	사냥 부탁 {@Rgn:12001$$절망의 섬}
60513001	사냥 부탁 {@Rgn:18001$$잊혀진 거인의 도시}
60514001	사냥 부탁 {@Rgn:21001$$바실리스크 둥지}
60515001	사냥 부탁 {@Rgn:23001$$달의 호수}
60516001	사냥 부탁 {@Rgn:24001$$황금의 길}
60517001	사냥 부탁 {@Rgn:4001$$폭염의 산맥}
60518001	사냥 부탁 {@Rgn:7001$$영원의 분지}
60519001	사냥 부탁 {@Rgn:9002$$탐욕의 미궁}
60520001	용병단의 간단한 부탁
60521001	용병단의 쉬운 부탁
60522001	용병단의 까다로운 부탁
60523001	용병단의 어려운 부탁
60524001	용병단의 부담되는 부탁
60528001	벨리카 연합회에서의 호출
60601001	완전한 시공 문양 수집
60602001	시공 문양의 파편 수집
60603001	오염의 근원
60604001	{@RawItem:45280$$뒤집힌 시공 문양} 실험
60605001	검은 산의 파편 수집
60606001	아르곤과의 연관성
60701001	마도 공학 학문 입문
60702001	마법 서적 옮기기
60703001	마법 종이 재료 구하기
60704001	마법종이 전달
60705001	마법 역사 공부
60706001	기계 공학 공부
60707001	융합 공부
60708001	마도 기계 소형 톱니바퀴 구해오기
60709001	마도 기계 에너지 원
60710001	마도 기계 보급 I
60711001	책은 무기보다 강하다.
60801001	먹고 살기 위해서 I
60802001	먹고 살기 위해서 II
60803001	사전 조사
60804001	전투력 측정
60805001	물건 전달 I
60806001	물건 전달 II
60807001	일손 구하기
60808001	빠진 교역품 긴급 전달
60809001	결산 보고
60811001	상인의 길
60901001	중앙 경비대의 방식
61206001	연구를 위한 재료
61207001	숲의 신비
61210001	숲지기의 지혜
61241001	임시 격리소의 만능 일꾼
61244001	도둑맞은 치료제
61263001	두근두근 꽃
61264001	베라드표 마법 도시락
61284001	산 속에선 물고기가 제맛
61301001	고프리 스캇의 약 배달
61302001	신의 힘
61303001	최소한의 대처
61304001	어쩔 수 없는 선택
61305001	돌아와요!
61308001	혁명단의 일
61309001	더 이상 방관할 순 없다
61342001	연구 재료 조달
61343001	아멜다스의 취미생활
61421001	소탕 작전
61422001	오염된 괴물
61423001	에세니아를 복구하라
61424001	그때의 무언가
61461001	거래의 걸림돌
61462001	잡동사니들 사이에 보물이!
61481001	나는야 드래곤 헌터
61482001	베르다슈의 연구장치
61483001	연구를 위한 표본 수집
61501001	[파트너] 정령의 알
61630001	리베란츠 지원
61631001	파랴의 사업 보조
61632001	피알티의 부탁
61633001	리베란츠 수비대
61634001	리베란츠 해결사
61640001	리베란츠의 전사
61650001	최전선 지원
61651001	배신자 처단
61652001	지상 물자 지원
61653001	배고픈 아헤프
61710001	엑소도르 탐사 캠프 지원
61711001	엑소도르 환경 조사
61712001	수질 조사
61713001	치안 유지
61730001	복수의 칼날
61731001	동시 공격
61740001	보석화 치료제
61741001	방해 요소
61742001	주변 정리
61743001	생존을 위한 필수품
61801001	[중요] 카이아의 모루
61901001	[낚시] 낚시! 좋아하세요?
61902001	[낚시] 생선 요리 좋아하세요?
61903001	[낚시] 떼돈 버는 비결 알려드릴까요?
61904001	[낚시] 낚시꾼이 성장하는 법
61905001	[낚시] 성난 이웃 사촌
61906001	[낚시] 괴물 메기 낚시
61907001	[낚시] 항구의 비린내
61908001	[낚시] 가장의 자존심
61909001	[낚시] 신선수염탕
61910001	[낚시] 전설?의 가르침
61911001	[낚시] 전설?과의 내기
61912001	[낚시] 낚시꾼의 별미
61913001	[낚시] 낚시꾼의 만찬
61914001	[낚시] 문어와 요청
70101001	[태양의 축제] 지혜의 나무로
70102001	[태양의 축제] 일일 신관 체험 1
70103001	[태양의 축제] 일일 신관 체험 2
70104001	[태양의 축제] 과일빙수 만들기
70105001	[태양의 축제-일일] 지하 청소
70106001	[태양의 축제-일일] 정원 청소
70107001	[태양의 축제-일일] 성소 청소
70108001	[태양의 축제-일일] 배달의 기수
70109001	[태양의 축제-일일] 불꽃놀이
70111001	[피의 축제] 불길한 축제
70112001	[피의 축제-일일] 주민 구출
70113001	[피의 축제-일일] 축제장 난입 1
70114001	[피의 축제-일일] 축제장 난입 2
70115001	[뿔갈이 축제] 엘치의 초대
70116001	[뿔갈이 축제] 수박과 대포와 모래성
70117001	[뿔갈이 축제-일일] 물대포 게임
70118001	[뿔갈이 축제-일일] 수박 깨기 게임
70119001	[뿔갈이 축제-일일] 랑군의 놀이
70120001	[뿔갈이 축제-일일] 뿔 세공사의 고민
70121001	[뿔갈이 축제-일일] 해변의 피부미용사
70122001	[뿔갈이 축제] 로세츠의 취미생활
70201001	[풍요의 축제] 기분 좋은 호출
70202001	[풍요의 축제] 리카노르의 명물
70203001	[풍요의 축제] 특산물 도감 만들기
70204001	[풍요의 축제] 꼬리를 잡아라
70205001	[풍요의 축제-일일] 요리 납품
70206001	[풍요의 축제-일일] 짚단치기
70207001	[풍요의 축제-일일] 양치기
70208001	[풍요의 축제-일일] 목장관리
70209001	[풍요의 축제-일일] 꼬리잡기
70211001	[후카피카 축제] 연구원 쿠루뭉
70212001	[후카피카 축제] 후~! 후카피~카!
70213001	[후카피카 축제] 후키 후후카!
70214001	[후카피카 축제-일일] 용기를 내라 후카!
70215001	[후카피카 축제-일일] 맛있다 도마뱀 후후카!
70216001	[후카피카 축제-일일] 북치기 박치기 후후카!
70217001	[후카피카 축제-일일] 가족의 평화 후카!
70218001	[후카피카 축제-일일] 축제는 계속된다 후카!
70219001	[풍요의 축제] 리카노르 특제 폭탄주
70220001	[풍요의 축제-일일] 리카노르 특제 폭탄주
71101001	눈부신 철기장 바타히르의 무기
80101001	검은 차원의 아공간 조사
80902001	데모크론 실험실 습격I
80903001	데모크론 실험실 습격II
80904001	데모크론 실험실 습격III
80905001	데모크론 실험실 습격IV
90112001	쿠마스 월드에 오신 걸 환영합니다~
99999001	절대로 받으면 안되는 퀘스트
102201001	시공의 균열 제거 작전
102221001	의문의 검은 틈
102222001	의문의 검은 틈
102223001	의문의 검은 틈
102224001	의문의 검은 틈
102225001	의문의 검은 틈
102226001	의문의 검은 틈
102227001	의문의 검은 틈
102228001	의문의 검은 틈
102229001	의문의 검은 틈
102230001	의문의 검은 틈
102231001	의문의 검은 틈
102232001	의문의 검은 틈
102233001	의문의 검은 틈
102234001	의문의 검은 틈
102235001	의문의 검은 틈
102236001	의문의 검은 틈
102237001	의문의 검은 틈
102238001	의문의 검은 틈
102239001	의문의 검은 틈
102240001	의문의 검은 틈
102241001	의문의 검은 틈
102242001	의문의 검은 틈
102243001	의문의 검은 틈
102244001	의문의 검은 틈
102301001	Card sharper
102302001	Card gambler
102303001	Card magician
102304001	Card knave
102305001	Card rogue
102306001	Card schemer
118301001	낡은 책
118302001	[월광무사] 새로운 이야기
200001001	[중요] 엑소도르로 가는 길
200002001	[중요] 엑소도르 탐색
200003001	[중요] 구출 작전
200020001	연구활동 I
200021001	연구 활동 II
200022001	연구 활동 III
200101001	[중요] 뜻밖의 조력자
200102001	[중요] 구조 신호
200103001	[중요] 리베란츠의 부탁
200120001	보급품 확보
200121001	무기 조달
200122001	복수의 시작
200201001	[중요] 비리디안 습지대
200202001	[중요] 중요한 것들
200203001	[중요] 엘리온 쿠벨 추격
200220001	치료법 연구를 위해
200221001	치료제의 재료
200222001	방해꾼 처치
200301001	[중요] 베르아크 성채로
200302001	[중요] 기관실을 향해
200303001	[중요] 코어 폭파
200304001	[중요] 장례식
200305001	[중요] 엑소도르 전진기지
200320001	배신자 처단 I
200321001	배신자 처단 II
200322001	내부 공작 I
200323001	내부 공작 II
200324001	내부 공작 III
302301001	리벤즈의 호출
302302001	숨겨진 적
302401001	아르가프 부화장 침투I
302402001	아르가프 부화장 침투II
302501001	아르가프 부화장 침투III
302502001	아르가프 부화장 침투IV
302601001	[던전] 아르곤의 음모
302701001	[던전] 사막의 늑대
310101001	[던전] 나비들의 탄생
310102001	[던전] 파르퀴나의 둥지
700008001	베르노의 실험실 잠입
700009001	포악한 베르노의 실험실 잠입
700010001	듀리온의 안식처 습격
700013001	시험의 던전 - 아카샤의 은신처 공략
700014001	시험의 던전 - 황금의 미궁 공략
700019001	릴리스의 성 급습
700023001	라켈리스의 폐허 침투
700024001	초월한 라켈리스의 폐허 정벌
700027001	벨리카 지하 관문 수호
700029001	벨릭의 신전 탈환
700030001	함락된 벨릭의 신전 탈환
700035001	사이럭스 연구 기지 급습
700038001	하르키아의 안식처 토벌
700040001	RK-9 격납고 토벌
700041001	궁극의 RK-9 격납고 토벌
700042001	혁명단 은거지 토벌
700044001	안타로스의 심연 토벌
700045001	공허한 안타로스의 심연 토벌
700046001	테네브리스 성채 잠입
700048001	리안의 지하 전당 잠입
700049001	왜곡된 리안의 지하 전당 잠입
700050001	바하르의 분노 해방
700051001	시험의 던전 - 릴리스의 성 공략
700055001	파르퀴나의 둥지 토벌
700056001	찬란한 파르퀴나의 둥지 토벌
700057001	베르아크 성채 토벌
700058001	켈사이크 은폐지 토벌
700059001	불멸의 켈사이크 은폐지 토벌
700060001	광기의 투기장 도전
700108001	베르노의 실험실
700109001	포악한 베르노의 실험실 잠입
700110001	듀리온의 안식처 습격
700113001	시험의 던전 - 아카샤의 은신처 공략
700114001	시험의 던전 - 황금의 미궁 공략
700119001	릴리스의 성 급습
700123001	라켈리스의 폐허 침투
700124001	초월한 라켈리스의 폐허 정벌
700127001	벨리카 지하 관문 수호
700129001	벨릭의 신전 탈환
700130001	함락된 벨릭의 신전 탈환
700134001	저주받은 번스타인의 악령섬 토벌
700135001	사이럭스 연구 기지 급습
700138001	하르키아의 안식처 토벌
700140001	RK-9 격납고 토벌
700141001	궁극의 RK-9 격납고 토벌
700142001	혁명단 은거지로 잠입
700144001	안타로스의 심연 토벌
700145001	공허한 심연의 안타로스 토벌
700146001	테네브리스 성채 잠입
700148001	리안의 지하 전당 잠입
700149001	왜곡된 리안의 지하 전당 잠입
700150001	바하르의 분노 해방
700151001	시험의 던전 - 릴리스의 성 공략
700153001	공허한 안타로스의 심연(7인) 토벌
700155001	파르퀴나의 둥지 토벌
700156001	찬란한 파르퀴나의 둥지 토벌
700157001	베르아크 성채 토벌
700158001	켈사이크 은폐지 토벌
700159001	불멸의 켈사이크 은폐지
700160001	광기의 투기장 도전
800001001	 비밀 기지 습격!
800002001	 밤피르의 저택 습격!
800003001	 자바르만 소굴 습격!
800004001	 사교도의 은신처 습격!
800005001	 사령술 연구소 습격!
800006001	 황금의 미궁 습격!
800007001	아카샤의 은신처 토벌!
800008001	 살레론의 공중정원 습격!
800009001	 공포의 미궁 습격!
800010001	 검은탑 습격!
800012001	 발로나를 토벌하라
800014001	 [이벤트] 포악한 퀴르갈의 동굴
800015001	 [이벤트] 4주년 메데타이 이벤트!
800016001	 [이벤트] 4주년 메데타이 이벤트!
800017001	 [이벤트] 4주년 메데타이 이벤트!
800018001	 [이벤트] 4주년 메데타이 이벤트!
800030001	  바실리스크 토벌 요청!
800031001	  로더크 농장의 괴수 토벌 요청!
800033001	 송곳니 용병단 수호대 토벌 명령
800034001	  다크리퍼 토벌 요청!
800035001	  아라크네아 토벌 요청!
800036001	  바위 바실리스크 토벌 요청!
800037001	  미궁의 괴수들 토벌 요청!
800038001	  오래된 이끼골렘 토벌 요청!
800039001	  고대 제국의 전사 토벌 요청!
800040001	  광포한 쿠마스 토벌 요청!
800041001	  성역의 수호자들 토벌 요청!
800042001	  어둠의 화신 토벌 요청!
800043001	  길들인 계곡 바실리스크 토벌 요청!
800044001	  아간티 비늘전사 토벌 요청!
800045001	  아간티 피의 전사 토벌 요청!
800046001	  수호 악마 토벌 요청!
800047001	  거대 돌개바람 도마뱀 토벌 요청!
800050001	 쿠마스의 놀이터를 차지하라!
800051001	 쿠마스의 놀이터를 차지하라!
800052001	 쿠마스의 놀이터를 차지하라!
800053001	 쿠마스의 놀이터를 차지하라!
800054001	 쿠마스의 놀이터를 차지하라!
800055001	 쿠마스의 놀이터를 차지하라!
800056001	 쿠마스의 놀이터를 차지하라!
800057001	 쿠마스의 놀이터를 차지하라!
800058001	 쿠마스의 놀이터를 차지하라!
800059001	 어둠의 데바에게 희생자의 복수를
800060001	 제물을 뒤쫒는 자들
800061001	 위험한 티르카이 숲의 불곰들
800062001	 아르고닉 크리처 소탕 작전
800063001	 그림자 평야의 야수 퇴치
800064001	 로크 추종 세력 와해 시키기
800065001	 세뇌된 광신도 세력 와해 시키기
800066001	 어둠의 용병단 해체 작전
800067001	 카마라 퇴치 작전
800068001	 프리온 전사 급습
800069001	 모래 황무지의 야수 퇴치
800070001	 사슴 뿔 수집
800071001	 웬디고족 안식
800101001	 벌목지의 평화를 위해
800104001	 붉은 이빨을 드러낸 자들
800105001	 미쳐버린 야수들
800106001	 밤피르의 언덕 토벌 명령
800107001	 망자의 토굴 정찰
800108001	 절망의 섬 토벌 명령
800109001	 탐욕의 미궁 정찰
800110001	 저주받은 영혼들
800111001	 바위 부족의 위협
800112001	 교활한 자들의 함정
800113001	 사교도의 신전 조사
800114001	 툴사의 하수인 제거
800115001	 오염된 야수 정화
800116001	 고대의 숲 안식
800117001	 추위와 함께 찾아온 위협
800118001	 어둠의 용병단 처단
800119001	 악령 친위대 처단
800120001	 변이된 자들 토벌
800121001	 거미 소굴 습격
800122001	 계곡의 악당들 처치
800123001	 다곤의 신전 조사
800124001	 타오르는 분노 잠재우기
800125001	 무시무시한 식인종들
800126001	 그림자 숲 토벌 명령
800127001	 어둠의 숲 정화
800128001	 패잔병 소탕
800129001	 배반의 암굴 조사
800130001	 설원의 평화를 위하여
800131001	 협곡 진압 작전
800132001	 티르카이 숲 정화
800133001	 계곡 토벌 지원
800134001	 실험체를 파괴하라
800135001	 칼라쉬 소탕 작전
800136001	 아르고네아 평화를 위하여
800137001	 시끄러운 덤퍼칸 처치
800138001	 데바 산적단 처치
800139001	 약탈당한 짐꾸러미 회수
800140001	 냄새나는 흙의 정령 처치
800141001	 언데드 병사 퇴치
800142001	 데바 본거지 토벌
800143001	 로크의 추종자들 처치
800144001	 방황하는 길리두 소탕
810001001	 비밀 기지 습격!
810002001	 밤피르의 저택 습격!
810003001	 자바르만 소굴 습격!
810004001	 사교도의 은신처 습격!
810005001	 사령술 연구소 습격!
810006001	 황금의 미궁 습격!
810007001	아카샤의 은신처 토벌!
810008001	 살레론의 공중정원 습격!
810009001	 공포의 미궁 습격!
810010001	 검은탑 습격!
810012001	 발로나를 토벌하라
810030001	  바실리스크 토벌 요청!
810031001	  로더크 농장의 괴수 토벌 요청!
810033001	 송곳니 용병단 수호대 토벌 명령
810034001	  다크리퍼 토벌 요청!
810035001	  아라크네아 토벌 요청!
810036001	  바위 바실리스크 토벌 요청!
810037001	  미궁의 괴수들 토벌 요청!
810038001	  오래된 이끼골렘 토벌 요청!
810039001	  고대 제국의 전사 토벌 요청!
810040001	  광포한 쿠마스 토벌 요청!
810041001	  성역의 수호자들 토벌 요청!
810042001	  어둠의 화신 토벌 요청!
810043001	  길들인 계곡 바실리스크 토벌 요청!
810044001	  아간티 비늘전사 토벌 요청!
810045001	  아간티 피의 전사 토벌 요청!
810046001	  수호 악마 토벌 요청!
810047001	  거대 돌개바람 도마뱀 토벌 요청!
810050001	 쿠마스의 놀이터를 차지하라!
810051001	 쿠마스의 놀이터를 차지하라!
810052001	 쿠마스의 놀이터를 차지하라!
810053001	 쿠마스의 놀이터를 차지하라!
810054001	 쿠마스의 놀이터를 차지하라!
810055001	 쿠마스의 놀이터를 차지하라!
810056001	 쿠마스의 놀이터를 차지하라!
810057001	 쿠마스의 놀이터를 차지하라!
810058001	 쿠마스의 놀이터를 차지하라!
810059001	 어둠의 데바에게 희생자의 복수를
810060001	 제물을 뒤쫒는 자들
810061001	 위험한 티르카이 숲의 불곰들
810062001	 아르고닉 크리처 소탕 작전
810063001	 그림자 평야의 야수 퇴치
810064001	 로크 추종 세력 와해 시키기
810065001	 세뇌된 광신도 세력 와해 시키기
810066001	 어둠의 용병단 해체 작전
810067001	 카마라 퇴치 작전
810068001	 프리온 전사 급습
810069001	 모래 황무지의 야수 퇴치
810070001	 사슴 뿔 수집
810071001	 웬디고족 안식
810101001	 벌목지의 평화를 위해
810104001	 붉은 이빨을 드러낸 자들
810105001	 미쳐버린 야수들
810106001	 밤피르의 언덕 토벌 명령
810107001	 망자의 토굴 정찰
810108001	 절망의 섬 토벌 명령
810109001	 탐욕의 미궁 정찰
810110001	 저주받은 영혼들
810111001	 바위 부족의 위협
810112001	 교활한 자들의 함정
810113001	 사교도의 신전 조사
810114001	 툴사의 하수인 제거
810115001	 오염된 야수 정화
810116001	 고대의 숲 안식
810117001	 추위와 함께 찾아온 위협
810118001	 어둠의 용병단 처단
810119001	 악령 친위대 처단
810120001	 변이된 자들 토벌
810121001	 거미 소굴 습격
810122001	 계곡의 악당들 처치
810123001	 다곤의 신전 조사
810124001	 타오르는 분노 잠재우기
810125001	 무시무시한 식인종들
810126001	 그림자 숲 토벌 명령
810127001	 어둠의 숲 정화
810128001	 패잔병 소탕
810129001	 배반의 암굴 조사
810130001	 설원의 평화를 위하여
810131001	 협곡 진압 작전
810132001	 티르카이 숲 정화
810133001	 계곡 토벌 지원
810134001	 실험체를 파괴하라
810135001	 칼라쉬 소탕 작전
810136001	 아르고네아 평화를 위하여
810137001	 시끄러운 덤퍼칸 처치
810138001	 데바 산적단 처치
810139001	 약탈당한 짐꾸러미 회수
810140001	 냄새나는 흙의 정령 처치
810141001	 언데드 병사 퇴치
810142001	 데바 본거지 토벌
810143001	 로크의 추종자들 처치
810144001	 방황하는 길리두 소탕
970010001	[ 개인 장비 ] 해안 점령지에서 승리!
970011001	쿠마스의 놀이터를 차지하라!
970012001	눈싸움 전장에서 전투를!
970110001	[ 개인 장비 ] 해안 점령지에서 승리!
970111001	쿠마스의 놀이터를 차지하라!
970112001	눈싸움 전장에서 전투를!
980051001	 강철의 포성을 울려라!
980052001	 강철의 포성을 울려라!
980053001	 강철의 포성을 울려라!
980054001	 강철의 포성을 울려라!
980055001	 강철의 포성을 울려라!
980056001	 강철의 포성을 울려라!
980057001	 강철의 포성을 울려라!
980058001	 강철의 포성을 울려라!
980059001	 강철의 포성을 울려라!
981051001	 강철의 포성을 울려라!
981052001	 강철의 포성을 울려라!
981053001	 강철의 포성을 울려라!
981054001	 강철의 포성을 울려라!
981055001	 강철의 포성을 울려라!
981056001	 강철의 포성을 울려라!
981057001	 강철의 포성을 울려라!
981058001	 강철의 포성을 울려라!
981059001	 강철의 포성을 울려라!
983001001	천공의 경기장 도전에 성공하라!
983002001	천공의 경기장 도전에 성공하라!
983101001	라크난 성의 기억을 복원하라!
983102001	라크난 성의 기억을 복원하라!
983201001	페트레 양성소를 습격하라!
983202001	페트레 양성소를 습격하라!
983302001	수호자 임무를 이행하라! A
983303001	수호자 임무를 이행하라! B
983304001	수호자 임무를 이행하라! C
983402001	비행 수호자 임무를 정복하라!
983501001	낚시는 즐거워!
999601001	 흉포한 바실리스크(하) 토벌 요청!
999602001	 흉포한 기가니아(하) 토벌 요청!
999603001	 흉포한 아라크네아(하) 토벌 요청!
999604001	 흉포한 블러드 골렘(중) 토벌 요청!
999605001	 흉포한 다크리퍼(중) 토벌 요청!
999606001	 흉포한 지옥불 괴수(중) 토벌 요청!
999607001	 흉포한 비늘 전사(상) 토벌 요청!
999608001	 흉포한 강철 거인(상) 토벌 요청!
999609001	 흉포한 어둠의 화신(상) 토벌 요청!
999610001	 생명의 계곡 토벌
999611001	 에세니아 구릉지대 토벌
999612001	 고대 전쟁의 폐허 토벌
999701001	 흉포한 바실리스크(하) 토벌 요청!
999702001	 흉포한 기가니아(하) 토벌 요청!
999703001	 흉포한 아라크네아(하) 토벌 요청!
999704001	 흉포한 블러드 골렘(중) 토벌 요청!
999705001	 흉포한 다크리퍼(중) 토벌 요청!
999706001	 흉포한 지옥불 괴수(중) 토벌 요청!
999707001	 흉포한 비늘 전사(상) 토벌 요청!
999708001	 흉포한 강철 거인(상) 토벌 요청!
999709001	 흉포한 어둠의 화신(상) 토벌 요청!
999710001	 생명의 계곡 토벌
999711001	 에세니아 구릉지대 토벌
999712001	 고대 전쟁의 폐허 토벌
999805001	 샨드라 마나이아 토벌 명령!
999809001	 잊혀진 던전 탐험대 지원!
999811001	 보수 공사용 목재 급구
999812001	 원숭이 엉덩이 걷어차기
999813001	 카마이 군락지 습격
999814001	 사냥꾼은 거미를 좋아해.
999815001	 변절자를 위하여…
999816001	 엘카이아호의 심장
999818001	 변절한 수색대 응징 
999819001	 알도둑? 알도둑!
999820001	 숲으로 돌아가버려!
999821001	 흉측망측한 거대 괴생명체
999822001	 훈련하는 피조물을 훼방놓자.
999823001	 변절한 주둔군 소탕
999824001	 석회질 더미의 비밀
999825001	 피로는 온천에서 푸세요!
999826001	 어둠 속을 걷는 자들
999827001	 뼈는 가장 완벽한 연구 대상이죠.
999828001	 엘카이아호 보급 상자 수거
999829001	 벌레에는 V킬러!
999830001	 변절한 주둔군 토벌
999831001	 머리! 다리! 손!
999832001	 유적터 수호자에게 안식을…
999833001	 투영초가 보이닝? 안보이닝?
999834001	 정령의 변이는 유죄!
999835001	 영혼을 위로하는 노래
999836001	 마물을 삼키면 마물이 되지요.
999837001	 배신자의 증표가 산을 이루고…
999838001	 학살자의 피가 바다를 이루네…
999840001	 욕심쟁이의 최후
999841001	 상급 데바와 함께 춤을!
999842001	 부품 상자가 모자르당!
999843001	 고기는 항상 옳다.
999844001	 고기! 고기가 먹고 싶어요.
999845001	 피로 물든 무훈의 증거
999846001	 데모크론 방어선 돌파!
999847001	 아크데바 정예 제국군 척살!
999848001	 변절한 정찰대 응징 
999849001	 2급 피조물을 훼방놓자.
999850001	 데모크론 방어선 격파!
999851001	[ 통일 장비 ] 포화의 전장에서 승리!
999853001	[ 개인 장비 ] 명예의 전장에서 승리!
999854001	[ 통일 장비 ] 투지의 전장에서 승리!
999855001	 길들일 수 없다면...
999856001	 불로장생의 영약…일까?
999857001	 데모크론 방어선 공략!
999861001	 데모크론 실험실 습격 작전!
999865001	 몸에 좋고, 맛도 좋은 뿔이다!
999875001	 카마이 소탕 작전
999876001	 바라카니아 구릉지 주둔군 토벌
999877001	 아크데바 상급 제국군 토벌 작전
999878001	 데모크론 박멸
999879001	 엘카이아호의 심장
999880001	 석회질 더미의 비밀
999881001	 투영초가 보이닝? 안보이닝?
999882001	 영혼을 위로하는 노래
999883001	 부품 상자가 모자르당!
999884001	 여름엔 과일빙수!
999885001	 여름 해변의 모래성 쌓기
999886001	 여름 해변의 모래성 쌓기
999888001	 세 쌍둥이 당근이 부족해요
999889001	 고대의 지하수로 탐험
999892001	 누가 이길지 맞춰봐!
999897001	 데모크론 실험체들을 소탕하라!
999898001	[ 통일 장비 ] 지하의 격전장에서 승리!
999899001	 쿠마스의 놀이터를 차지하라!
999903001	멜디타 토벌 명령!
999904001	유물 수호자 토벌 명령!
999905001	 샨드라 마나이아 토벌 명령!
999909001	잊혀진 던전 탐험대 지원!
999911001	 보수 공사용 목재 급구
999912001	 원숭이 엉덩이 걷어차기
999913001	 카마이 군락지 습격
999914001	 사냥꾼은 거미를 좋아해.
999915001	 변절자를 위하여…
999916001	 엘카이아호의 심장
999918001	 변절한 수색대 응징 
999919001	 알도둑? 알도둑!
999920001	 숲으로 돌아가버려!
999921001	 흉측망측한 거대 괴생명체
999922001	 훈련하는 피조물을 훼방놓자.
999923001	 변절한 주둔군 소탕
999924001	 석회질 더미의 비밀
999925001	 피로는 온천에서 푸세요!
999926001	 어둠 속을 걷는 자들
999927001	 뼈는 가장 완벽한 연구 대상이죠.
999928001	 엘카이아호 보급 상자 수거
999929001	 벌레에는 V킬러!
999930001	 변절한 주둔군 토벌
999931001	 머리! 다리! 손!
999932001	 유적터 수호자에게 안식을…
999933001	 투영초가 보이닝? 안보이닝?
999934001	 정령의 변신은 유죄!
999935001	 영혼을 위로하는 노래
999936001	 마물을 삼키면 마물이 되지요.
999937001	 배신자의 증표가 산을 이루고…
999938001	 학살자의 피가 바다를 이루네…
999940001	 욕심쟁이의 최후
999941001	 상급 데바와 함께 춤을!
999942001	 부품 상자가 모자르당!
999943001	 고기는 항상 옳다.
999944001	 고기! 고기가 먹고 싶어요.
999945001	 피로 물든 무훈의 증거
999946001	 데모크론 방어선 돌파!
999947001	 아크데바 정예 제국군 척살!
999948001	 변절한 정찰대 응징 
999949001	 2급 피조물을 훼방놓자.
999950001	 데모크론 방어선 격파!
999951001	[ 통일 장비 ] 포화의 전장에서 승리!
999953001	[ 개인 장비 ] 명예의 전장에서 승리!
999954001	[ 통일 장비 ] 투지의 전장에서 승리!
999955001	 길들일 수 없다면…
999956001	 불로장생의 영약…일까?
999957001	 데모크론 방어선 공략!
999961001	 데모크론 실험실 습격 작전!
999965001	 몸에 좋고, 맛도 좋은 뿔이다!
999975001	 카마이 소탕 작전
999976001	 바라카니아 구릉지 주둔군 토벌
999977001	 아크데바 상급 제국군 토벌 작전
999978001	 데모크론 박멸
999979001	 엘카이아호의 심장
999980001	 석회질 더미의 비밀
999981001	 투영초가 보이닝? 안보이닝?
999982001	 영혼을 위로하는 노래
999983001	 부품 상자가 모자르당!
999984001	 여름엔 과일빙수!
999985001	 여름 해변의 모래성 쌓기
999986001	 여름 해변의 모래성 쌓기
999988001	 세 쌍둥이 당근이 부족해요
999989001	 고대의 지하수로 탐험
999990001	 눈싸움을 즐겨보자!
999997001	 데모크론 실험체들을 소탕하라!
999998001	[ 통일 장비 ] 지하의 격전장에서 승리!
999999001	 쿠마스의 놀이터를 차지하라!
