1	Die Welt
2	Außenwelt
101	Arun
102	Südliches Shara
103	Nördliches Shara
104	Nördliches Arun
105	Exodor
110	Unterirdisches Schlachtfeld
111	Tal des Donners
112	Canyon der Ehre
113	Himmelsring der Helden (alt)
114	Acradanbasis (alt)
115	Himmelsring der Helden
116	Korsarenfestung
117	Kumaszuflucht
118	Kumaskrippe
152	Velika: Zeitalter der Kriegswirren
200	Insel der Dämmerung
201	Velika
202	Insel der Dämmerung
203	Arcadia
204	Poporia
205	Val Aureum
206	Ostgarath
207	Baldera
208	Wildnis von Velika
209	N. N.
210	Allemantheia
211	Val Elenium
212	Westonia
213	Essenia
214	Val Palrada
215	Veritas
216	N. N.
217	N. N.
218	Kaiator
219	Lorcada
220	Sylvanoth
221	Val Tirkai
222	Val Kaeli
223	Helkan
224	N. N.
225	N. N.
226	Val Oriyn
227	Traumbauminsel
260	Schlachtfeld
265	Küstenterritorium
291	Westliches Schlachtfeld
500	Melricaspassage
505	Velika-Banketthalle (schwierig)
506	Velika-Banketthalle
507	Mystels Pfad
508	Innenwelt
510	Subquest: Der Albtraum beginnt
612	Exodor-Forschungsgruppe
613	Kristall-Exceptioquartier
614	Valkyon-Zivilberater
615	Exodor-Spezialtrupp
616	Riveran
620	Lilli-Event
622	Lilli-Event
628	Lilli-Event
833	Würmlingsklamm
1001	Ruinenmark
1023	Jagdgebiet für Fertigkeiten/Events
2001	Westliches Holzfällerlager
2002	Holzfällerpalisade
2003	Feenteich
2004	Narbenwald
2005	Verlassene Hütte
2007	Waldlandpfad
2008	Dickicht von Eldrun
2009	Finsterwurzwald
2010	Feentallager
2011	Kreuzung
2012	Beginn des Sumpfpfads
2013	Immergrün
2015	Maons Hütte
2016	Arons Lager
2017	Geisterzuflucht
2018	Verwitterter Hain
3001	Wälder der Vergessenheit
3002	Friedhof von Berzerad
3003	Blutpfad
3004	Deva Silva
3005	Tal der Bestien
3006	Bollwerklager
3007	Vorhutposten
3008	Grab des Auferstandenen Ritters
3009	Höhle des düsteren Widerhalls
3010	Tal der Bestien
3011	Vorhutposten
3017	Antaros-Abgrund (schwierig, 7 Personen)
3018	Tenebrisfestung (schwierig, 7 Personen)
3019	Lians Untergrundhalle (schwierig, 7 Personen)
3020	Goldschuppe
3023	Geheimzone der Berakfestung
3024	Arkarp-Brutstätte
3025	Arkarp-Brutstätte
3026	Kelsaiks Versteck
3027	Wutarena
3101	Parquinas Nest (leicht)
3126	Kelsaiks Versteck (schwer)
3201	Parquinas Nest (schwierig)
4001	Fyrkuppe
4002	Schwefelhochland
4003	Flammental
4004	Schmelzweiten
4005	Bahaars Schlund
4006	Schmiede des Zorns
4007	Kesselaußenposten
4008	Feuerstellung der Kühnheit
4009	Feuerstellung der Tapferkeit
4010	Mine von Delthin
4011	Mine von Tansin
4012	Eingang zu Akashas Versteck
4013	Bergketten-Zacke
4014	Eingang zu Bahaars Tempel
5001	Tuwangimorast
5002	Tuwangigarnison
5003	Baboksenke
5004	Moor
5005	Tuwangiweiler
5006	Weiher des Mächtigen Frosches
5008	Mooslichtung
5009	Brennender Froschaltar
5010	Heiliger Teich der Beschwörung
5011	Tuwangilager
6001	Tal der Titanen
6002	Invasionsfreie Zone
6003	Mags Strix
6004	Stummfelder
6005	Colchester
6006	Mags Kulkar
6007	Dorf der Darmschlitzer
6008	Wildstraße
6009	Schrein von Valselok
6010	Altar der Pein
6011	Ranch "Zwei Eichen"
6012	Farm des Echos
6013	Verteidigerlager
6017	Crescentiator
6464	Nachbarort
6465	Zur Ehrenhalle reisen
6466	Ehrenhalle
6467	Oberer Platz von Velika
6468	Symposium der Ältesten in Allemantheia
7001	Himmelshügel
7002	Ebene von Omphalos
7003	Muricairuinen
7004	Sanctum Mysterium
7005	Casidhes Unterstand
7006	Ruinen von Cardovek
7007	Godrics Farm
7008	Feldlager der Orkaner
7009	Geweihter Stein
7010	Kreuzung von Pythia
7777	Wächter-Missionsgebiet
8001	Hungrige Höhlen
8002	Gewölbe der Hungrigen Höhlen
8003	Katakomben der Hungrigen Höhlen
8004	Tiefen der Hungrigen Höhlen
8005	Rächeraußenposten
8006	Höhle der Fesseln
8007	Höhle des Hungers
8008	Höhle des Gemetzels
8009	Höhle der Schmerzen
8010	Höhle der Tränen
8011	Zugang zu den Hungrigen Höhlen
8012	Vorhutposten Alpha
8013	Vorhutposten Beta
8014	Eingang zum Goldenen Labyrinth
8888	TERA Schlachtfeld
9001	Geschwungenes Tal
9002	Azarels Labyrinth
9003	Tiefen von Azarels Labyrinth
9004	Galerie des Chaos
9005	Galerie der Begierde
9006	Galerie der Täuschung
9008	Zerstörtes Feldlager
9009	Galerie des Schicksals
9010	Bastionswald
9011	Außenposten der Reliquienjäger
9012	Vexatussumpf
9013	Eingang zum Aufstieg von Saravash
9034	Spitze der Furcht (schwierig)
9044	Bahaars Tempel
9054	Eingang zu den Untiefen von Bathysmal
9056	Valonas Raumzeit (schwierig)
9057	Archerons Inferno (schwierig)
9059	Verlassene Insel
9060	Kalivans Kriegsgaleere (schwierig)
9066	Demoroths Roulette
9067	Vernos Laboratorium (schwierig)
9068	Durions Bluttempel (schwierig)
9069	Raqnanfestung
9070	Mogelplateau
9503	Kommandanten Residenz
9505	Velika-Banketthalle (schwierig)
9506	Velika-Banketthalle
9507	Unbekannter Raum
9508	Innenwelt
9509	Friedliche Velika-Banketthalle
9618	Event-Arena (Velika)
9681	Veliks Traum
9710	Lakans Gefängnis (schwierig)
9720	Antaros-Abgrund
9735	RK-9 Hangar
9739	Revolutionärslager
9756	Valonas Raumzeit
9759	Verlassene Insel (schwierig)
9760	Kalivans Kriegsgaleere
9767	Vernos Laboratorium
9768	Durions Bluttempel
9769	Lilitasfestung (leicht)
9770	Lachelitas-Ruine (leicht)
9780	Velika-Untergrundtor
9781	Veliks Zuflucht
9782	Lians Untergrundhalle
9783	Tenebrisfestung
9794	Syruks Forschungsstation
9810	Eingang zu Lakans Gefängnis
9830	Thron des Himmels
9833	Würmlingsklamm
9860	Kalivans Kriegsgaleere (leicht)
9920	Antaros-Abgrund (schwierig)
9935	RK-9 Hangar (schwierig)
9939	Furchteinflößendes Revolutionärslager
9950	Zerstörter Zugang zum Himmelreich der Götter
9969	Lilitasfestung (schwierig)
9970	Lachelitas-Ruine (schwierig)
9980	Eingestürztes Velika-Untergrundtor
9981	Eingestürzte Zuflucht
9982	Lians Untergrundhalle (schwierig)
9983	Tenebrisfestung (schwierig)
9994	Syruks Forschungsstation (schwierig)
9999	TERA Instanzumgebung
10001	Schlangeninsel
10002	Strand der Boas
10003	Strand der Drachenschildkröten
10004	Insel Kerozen
10005	Dschungel von Adderkin
10006	Dagons Grab
10007	Der Brückenkopf
10008	Küstenausblick
10009	Vipernlager
10010	Taverne am Weststrand
10011	Wahmels Wassermelonenarena
10012	Cheltons Spritzkanonenarena
10013	Zaiths Spritzkanonenarena
10014	Hornwerkstatt von Dolme
10015	Taverne am Oststrand
10016	Strandparty
10017	Hallen von Nakatam
10018	Grubers Versteck
11001	Zerklüftete Küste
11002	Dschungelpfad
11003	Lager der Dschungelpatrouille
11004	Versunkene Höfe
11005	Piratengrotte
11006	Piergrenze
11007	Dunkler Ankerplatz
11008	Hütte des Piratenkapitäns
11009	Vorbastion
11010	Offiziersmesse
11011	Schlafplatz des Bootsmanns
11012	Schlafplatz der Freibeuter
11013	Rast der Bändiger
11014	Die Planken
11015	Salzwindaußenposten
11016	Frachtraum
11017	Lager
11018	Angelgebiet
12001	Nebelmoorinsel
12002	Halsabschneiderstrand
12003	Regenkäfige
12004	Nebelmoorwald
12005	Wüste Küste
12006	Trostlose Küste
12007	Verschleierte Route
12008	Sandbankstrand
12009	Zugang zum {@Rgn:9024001}
12012	Verteidigerbasislager
12013	Verteidigeraußenposten
13001	Insel der Dämmerung
13002	Pegasusplattform
13003	Mysteriöse Ruinen
13004	Verdorbener Schlund
13005	Nördlicher Kontrollpunkt
13006	Schrein des Dämonengottes
13007	Matharspitze
13008	Feldlager der Orkaner
13009	Brücke über den Verdorbenen Schlund
13010	Östlicher Ausblick
13011	Karaschas Unterschlupf
13012	Mysteriöser Tempel
13013	Luftschifflandebahn
13014	Brücke über den Verdorbenen Schlund
13015	Verlassenes Lager
13016	Brücke der Dämmerung
13017	Dularis Lager
13018	Nördlicher Ausblick
13019	Westliche Insel der Dämmerung
13020	Südlicher Kontrollpunkt
13021	Östliche Insel der Dämmerung
13022	Garnison des Verdorbenen Schlundes
13023	Südliche Insel der Dämmerung
13024	Yurianschrein
13025	Befleckter Fels
13026	Nördlicher Verdorbener Schlund
13027	Außenposten des Verdorbenen Schlundes
13028	Höhen von Arun
13029	Maul des Verdorbenen Schlunds
13030	Zeitlose Wälder
13031	Nördliche Anlegestelle
13032	Nördlicher Ausblick
13033	Zentraler Ausblick
13034	Südlicher Ausblick
13035	Zerstörter Tempelplatz
14001	Neulande
15001	Klippen des Wahnsinns
15002	Land der Raserei
15003	Heulender Hügel
15004	Südliches Ackerland
15005	Ordnarath
15006	Lager der Wachsamkeit
15007	Lager der Buße
15008	Wut-Magiestein
15009	Lager der Erlösung
15201	Anlegestelle
15202	Nordtor
15203	Westtor
15204	Ruine
15205	Gidd-Gebirge
15206	Farm
16001	Reißertal
16002	Verdrehte Ebenen
16003	Verlassene Felder
16006	Anwesen der Arglist
16007	Aletheas letzte Hoffnung
16008	Runikarforschungslager
16009	Primelpfad
16010	Dienstboteneingang des Anwesens
17001	Paraanonschlucht
17002	Ebene von Paraanon
17003	Fanatikerparadies
17004	Altar des Glaubens
17006	Umkämpfter Außenposten
17007	Düsterer Außenposten
18001	Kolossale Ruinen
18002	Mags Kuchanaru
18003	Mags Kurata
18004	Tithustempel
18005	Platz der Mächtigen
18006	Arena der Erhabenen
18007	Lager von Marrakeen
18008	Sietch Bidaum
19001	Freilande
19002	Düstere Felder
19003	Digorys Gehöft
19004	Leins Farm
19005	Veliks Nachtwache
19006	Knechtfeld
19007	Zerstörter Weiler
19008	Landsitz von Lees Ende
19009	Lees Ende
19010	Filtons Meierei
19011	Lager der Freien Bruderschaft
19012	Festplatz des Farmerfestivals
19013	Bamarama
19014	Leins Farm
19015	Allgemeinpferch
19016	Schweinepferch
19017	Schaffarm
19018	Himmelsteich
19019	Kessel am Festplatz
19020	Ofen und Bratpfanne am Festplatz
19021	Feuergrube am Festplatz
19022	Salatbar am Festplatz
19023	Umgebung von Bamarama
19101	Arx Umbra
19102	Inferuszugang
19103	Domaraußenposten
19104	Eisiges Tal
19105	Kriegsgebiet
19106	Parthianeraußenposten Alpha
19107	Parthianeraußenposten Beta
19108	Delviasfront
19109	Raqnanfestung
19110	Mingorklippen
19111	Mingorklippen
19112	Sturmaußenposten
19113	Eingang der Raqnanfestung
19114	Kriegsgebiet-Teleportplattform - Delviasfront
19115	Kriegsgebiet-Teleportplattform - Eingang der Raqnanfestung
19116	Teleportplattform der Raqnanfestung - Südtor
19117	Westliche Teleportplattform
19118	Nördliche Teleportplattform
19119	1. Ebene der Raqnanfestung
19120	Luftschiffplattform
19121	Herz der Festung
19122	Parthianeraußenposten
19123	Burghof
19124	Südtor
20001	Finstere Minen
20002	Hallen der Finsternis
20003	Hallen des Schattens
20004	Hallen von Immerschwarz
20005	Die Grube
20006	Ausblick des Vorarbeiters
20007	Reliquienstation
20008	Immerschwarzaußenposten
21001	Basiliskenhang
21002	Ubarioase
21003	Gesprengtes Tal
21004	Endloser Sand
21005	Altminenpfad
21006	Heulendes Tal
21007	Tal der Gräber
21008	Wüstenausblick
21009	Ödlandaußenposten
21010	Wüstenforschungsstation
21011	Steinsäulenrelikte
21012	Mags Tohopka
22001	Eldritchakademie
22002	Eldritchakademie
22003	Hallen des Wissens
22004	Hallen der Kraft
22005	Teuflisches Labor
22006	Katakomben der Hexenkönigin
22007	Serenas Park
22008	Eldritchbastion
22009	Professorenwall
22010	Athenaeum
22011	Galerie
22012	Okkulte Bibliothek
22013	Forschungsbibliothek
22014	Thaumaturgenkammer
22015	Große Halle
22016	Arkanes Heiligtum
22017	Chirurgenlabor
22018	Halle von Vadoma
23001	See der Tränen
23002	Pegasusplattform von Pora Elinu
23004	Elins Hain
23005	Gesegnete Wälder
23006	Blutklauenlager
23007	Pass des Wahnsinnigen Narren
23008	Lager der Valkyon-Föderation
23009	Notlager
23010	Geisteraußenposten
23011	Verbanntenhütte
23012	Basislager der Koboldspäher
24001	Aurumpfad
24002	Plündererwüste
24003	Nördlicher Aurumpfad
24004	Südlicher Aurumpfad
24005	Sandsturmdorf
24006	Loks Festung
24007	Ruinen von Storst
24008	Westlicher Wachposten
24009	Zuflucht der Sandläufer
24010	Flutaußenposten
24011	Die Zertrümmerte Stadt
24012	Kreuzfahrerlager
24013	Kathedralenwall
24014	Unterirdischer Fluss
25001	Kathedralengang
25002	Düstere Kathedrale
25003	Querschiffe
25004	Verteidigerwall
25005	Gruft der Folianten
25006	Altar der Blutperle
25007	Düstere Kathedrale
25008	Große Kapelle
25009	Stadion der Auferstehung
25010	Kapitelhaus
25011	Stadion der Opferung
25012	Das Portal
25013	Halle der Hingabe
26001	Heiliges Becken
26002	Weißhirschpfad
26003	Himmelsrast
26004	Ätherischer Wald
26005	Brunnen von Shara
26006	Kreuzungslager
26007	Sitz der Suchenden
27001	Essenischer Kamm
27002	Shakazens Zuflucht
27003	Tal der Gelassenheit
27004	Festung des Blutes
27005	Stummhügel
27006	Castra Mysterium
27007	Befreiungslager
27008	Farm der Zuflucht
27009	Verteidigungsposten 1
27010	Verteidigungsposten 2
27011	Verteidigungsposten 3
27012	Verteidigungsposten 4
27016	Schmetterlingsplatz
28001	Schandholz
28002	Shakans Rache
28003	Herathpfad
28004	Verdrehtes Tal
28009	Zakailager
28010	Außenposten von Garbi
29001	Zeitlose Wälder
29002	Wälder des Pfeifenden Windes
29003	Herz des Waldes
29004	Sternbaumwald
29005	Waldschreiterpunkt
29006	Außenposten von Dorana
30001	Balders Zuflucht
30002	Hochtal
30003	Halle der Seren
30004	Halle des Waldes
30005	Serens Garten
30006	Lichtung der leuchtenden Blätter
30007	Balders Pavillon
30008	Unterarchiv
30009	Tempeltrümmer
30010	Lager des Sonnenlichts
30011	Lager der Weisheit
30012	Lager der Neugierde
30013	Archivgelände
30014	Serens See
30015	Archivfestung
30016	Festungslager
30017	Loks Speer
30018	Arkaibrutplatz
30019	Eingang zu Balders Tempel
30020	Eingang zum Leuchtturm der Sonne
30021	Baum der Weisheit
30022	Magiestein-Installationsort
31000	Lakans Gefängnis
31001	Sturmebene
31002	Eisige Ödnis
31003	Todesfrostebene
31004	See der Frostklauen
31005	Eisreißerbucht
31006	Der Mahlstrom
31007	Gletscherbucht
31008	Forschungsstation in der Gletscherbucht
31009	Leuchtfeuergarnison
31010	Wrack der Batia
32001	Berg Tyrannas
32002	Fürchterlicher Pass
32003	Lager der Winterwölfe
32004	Düstere Tundra
32005	Söldnerlager der Blutklinge
32006	Eisige Nachtwache
32007	Tyrannenausblick
32008	Festung der Hartnäckigen
32009	Kühne Palisade
32010	Knochenacker von Acarum
33001	Zitadelle der Folter
33002	Pfad der Folter
33003	Östliche Versorgungsroute
33004	Vorzimmer
33005	Halle der Jungfern
33006	Halle der Meister
33007	Unterkunft der Narren
33008	Schwindelweiten
33009	Empore der Angst
33010	Kreischende Katakomben
33011	Katakomben des Elends
33012	Gefängnis der Entstellung
33013	Blutige Tiefen
33014	Düsterwinkelwachposten
33015	Zuflucht der Eindringlinge
33016	Zuflucht der Hoffnung
33017	Trümmerpfad
33018	Blutige Tiefen
34001	Frostweiten
34002	Eispfad
34003	Heulender Gletscher
34004	Schreiendes Schneefeld
34005	Angelstelle am Celsiansee
34006	Schrein von Azurice
34007	Eislager der Pirschjäger
34008	Wandererlager
34009	Lager der Junaidar
35001	Würmlingsklamm
35002	Schrein von Zaeltarazad
35003	Todesklamm
35004	Croskurnminen
35005	Zugang von Croskurn
35006	Zerklüfteter Kamm
35007	Feuergrataußenposten
36001	Tor Exsul
36002	Sengendes Tal
36003	Schurkennest
36004	Oase der Regenbäume
36005	Bluttal
36006	Ebenholzkontrollpunkt
36007	Manafeueraußenposten
36008	Läufers Wacht
36009	Portal zum Siegel von Adstringo
37001	Krypta der Verlassenen
37002	Krypta der Verlorenen
37003	Krypta der Verdammten
37004	Forschungsstation der Phalanx
37005	Korpusforschungslager
37006	Unterirdisches Kontrolllager
37007	Salerons Forschungslager
37008	Brücke des Schmerzes
37009	Ebenholzsteg
37010	Einfallzone
37011	Krypta des Untergangs
38001	Siennaschlucht
38002	Eingang zur Wutarena
38004	Feldrinschlucht
38005	Feuerfeld
38006	Donnerhalt
38007	Ruheklippenquartier
38008	Außenposten am Kraterblick
38009	Wyvernwachposten
38010	Zugang zur Krypta des Untergangs
38011	Stachelschwanzstrom
38012	Quarantänestation
39001	Arachnaea
39002	Arachnaea - Haupthöhle
39003	Das Nest
39004	Raubeinaußenposten
39005	Lager der Vergeltung
39006	Die Brutstätte
39007	Zuflucht
39008	Unterschlupf der Kaligo-Sekte
39009	Altar der Auferstehung
39010	Lager der Kaligo-Sekte
39011	Kokongräber
40001	Quarantänezone
40002	Quarantänedorf
40003	Verseuchtes Dorf
40004	Vergessene Minen
40005	Besudeltes Tal
40008	Quarantäneaußenposten
40009	Forschungszentrum der Quarantänezone
40010	Arachnaeahöhlen
40011	Arachnes Fluch
41001	Wildes Tal
41002	Gesandtenpunkt
41003	Station des Wilden Tals
41004	Nördliches Wildes Tal
41005	Äußerer Außenposten
41006	Arena des Blutes
41007	Südliches Wildes Tal
41008	Paxomnia
42001	Tempel von Dagon
42002	Flure des Verderbens
42003	Tiefen des Verderbens
42004	Kammer der Habgier
42005	Kammer der Bosheit
42006	Kammer der Verlorenen Seelen
42007	Kapitelhaus des Tempels
42008	Das Sanctum
42009	Kammer der Erhabenen
42010	Kammer der Erleuchtung
42011	Atrium von Ecdysi
42012	Lager der Gehässigkeit
42013	Windende Querschiffe
42014	Kammer der mächtigen Seelen
43001	Cathuulrach
44001	Zugang zum Ebonmaul
44002	Ebonmaul
44003	Ebonmaul zweite Ebene
44004	Ebonmaul dritte Ebene
44005	Ebonmaul vierte Ebene
45001	Knechtfeste
45002	Zugang zum Turm
45003	Tal des Todes
45004	Aussichtspunkt
45005	Himmelsfelder
45006	Feldlager der Gegenseitigkeit
45007	Feldlager der Beharrlichkeit
45008	Feldlager der Tapferkeit
45009	Lager des Wahnsinns
45010	Wachposten der Tapferkeit
45011	Sumpfwachtlager
45012	Eingang zur verfallenen Argonenfestung
45013	Khanovarposten
46001	Drei Türme
46002	Raga Evala
46003	Raga Shadi
46004	Raga Kabash
46005	Tiefen der drei Türme
46006	Tiefen von Raga Shadi
46007	Tiefen von Raga Evala
46008	Tiefen von Raga Kabash
46009	Turmspitzen der drei Türme
46010	Spitze von Raga Evala
46011	Spitze von Raga Shadi
46012	Spitze von Raga Kabash
46013	Exetron
46014	Forschungslager Drei Türme
46015	Fluchherzkammer
46016	Verstandskronenkammer
46017	Schattenfunkenkammer
46018	Turmspitzen der drei Türme
46019	Kammer des Bestiengrollens
46020	Kammer der Schimmerwurzeln
46021	Zankkernkammer
46022	Metasamenkammer
46023	Windeblutkammer
46024	Seelenflutkammer
46025	Ragaübertragungskammer
47001	Unterholz von Tirkai
47002	Weißfrostwald
47003	Brückenkopf
47004	Pesthauch
47005	Argonengrenzgebiet
47006	Feldlager des Irrsinns
47007	Forschungsstation Pesthauch
47008	Ostwache
47009	Vorläufiges Patrouillenlager
47010	Energiegitter der Argonen
47011	Sporenemissionsbereich
47012	Schildemitter des Argonenschilds
47013	Altes Späherlager
47014	Argonenwrack
47015	Feld der steinernen Pilze
47017	Teich des Verderbens
48001	Khanovarfront
48002	Zitadelle von Khanovar
48003	Höhle der Gefahren
48004	Gießerei für Cyanokanonen
48005	Festung von Valgurati
48006	Blutbadtal
48007	Argonenbollwerk
48008	Krater von Magthulk
48009	Cyasmawandler
48010	Katakombenhöhle
49001	Argonea
49002	Ilitierimanaextraktor
49003	Agnurokmaschine
49004	Melgatolportal
49005	Casianbaum
49090	Südliche Teleportplattform
49091	Nördliche Teleportplattform
49092	Östliche Teleportplattform
50001	Granarkus
50002	Schleieraußenposten
50003	Helkirgrotte
50004	Kargonen-Nest
50005	Noyulextraktor
50006	Anlage von Sorgalur
50007	Kargonen-Stalaktit
50008	Viridianhöhlen
50009	Eingang zum Unterschlupf der Königin
50090	Teleportplattform von Granarkus
51001	Tal der Spitzen
51002	Ebenholzturm
51003	Schrei des Wendigo
51004	Raseri Festning
51005	Frostklauenklippe
51006	Eislager der Hartnäckigkeit
52001	Ebene der Verdammten
52002	Verbranntes Schneefeld
52003	Krypta aus Schnee und Asche
52004	Scheiterhaufen des Verräters
52005	Göttlicher Brennofen
52006	Feuerstellung der Verwegenheit
52007	Grabwacht der Verbannten
52008	Zugang zum Brennofen
52009	Zentrales Kommandozentrum
52010	Brücke des Kummers
52011	Abgelegene Hütte
52012	Eingang zu Muhraks Werkstätte
53001	Labyrinth des Schreckens
53002	Shriekaalhalle
53003	Tragieronhalle
53004	Agonalhalle
53006	Halle der Albträume
53007	Halle der Schreie
53008	Kriegarhalle
53009	Anarxishalle
54001	Feendickicht
54002	Tiefklangdickicht
54003	Die Laube
54004	Feenwiege
54005	Feental
54006	Wachposten des Großen Tors
54007	Lager der Fruchtbarkeit
54008	Außenposten von Arcanum
55001	Finsterwald
55002	Tal der Einsamkeit
55003	Garten der Wandelnden Schatten
55004	Platz der Gefallenen
55005	Die Himmelsblätter
55006	Finstergarnison
55007	Ceravinpunkt
55008	Arastes Nachtwache
55009	Platz der Gefallenen
55010	Stab von Isren
55011	Außenposten von Valumnir
55012	Dunkeltal
56001	Susurrus Hain
56002	Dakonankreuzung
56003	Nachtwald
56004	Rabenaltar
56005	Dakonanausblick
56006	Schwarzquelllager
56007	Umbralager
57001	Amena Quatla
57002	Innenhof von Amena Quatla
57003	Die Barbakane
57004	Die Brutstätte
57005	Purpurhammerlager
57006	Lager an der Zerstörten Brücke
57007	Sperberwachposten
57008	Tempel von Sikander
57009	Altar der Auferstehung
58001	Balderon
59001	Crescentia
59002	Platz von Crescentia
59003	Pegasusplattform von Crescentia
60001	Holzhausen
60002	Holzhausenplatz
60003	Holzhof
60004	Pegasusplattform von Holzhausen
61001	Castanica
61002	Vergnügungsstraße
61003	Basar der Bredouillen
61004	Gedenkplatz
61005	Meisterplatz
61006	Verlangensplatz
61007	Vergnügungsstraße
61008	Straße des Zwielichts
61009	Straße der Beharrlichkeit
62001	Halsabschneiderhafen
62002	Pegasusplattform des Halsabschneiderhafens
62003	Wachpostenkommando
63001	Velika
63002	Reisezentrale von Velika
63003	Kreativwerkstatt
63004	Nordtormarkt
63005	Nordtor von Velika
63006	Magieakademie
63007	Veliks Treppe
63008	Platz der Freiheit
63009	Hauptquartier der Valkyon-Föderation
63010	Platz der Jägerin
63011	Kriegernoviziat
63012	Vanarchenamt von Velika
63013	Westtor von Velika
63014	Strategisches Kommando
63015	Notusgasse
63016	Boreasgasse
63017	Velika-Konsulat
63023	Umland von Velika
63024	Ringplatz
63025	Teleportal der Stadt
63026	Luftschiffplattform
63027	Eingang zur Event-Arena (Velika)
63028	Event-Arena (Velika)
64001	Turmbasis
64002	Kommandoposten der Forscher
64003	Lians Außenposten
64004	Turmbasis
64005	Expeditionshauptlager
64006	Östlicher Ausblick
64007	Forscherquartier
64008	Mysteriöser Tempel
64009	Säule der Wunder
65001	Chebika
65002	Pegasusplattform von Chebika
66001	Tulufan
66002	Pegasusplattform von Tulufan
67001	Popolion
67002	Pegasusplattform von Popolion
68001	Pora Elinu
69001	Tralion
69002	Pegasusplattform von Tralion
70001	Tria
70002	Pegasusplattform von Tria
70003	Triaplatz
70004	Sitz des Magistrats von Tria
70101	Sonnenfestival - (Baum der Weisheit)
70102	Strandparty - Strand der Drachenschildkröten
70103	Farmerfestival (Festplatz)
70104	Teichfeier (Tuwangigarnison)
71001	Bastion
71002	Pegasusplattform der Bastion
72001	Allemantheia
72002	Umland von Allemantheia
72003	Westliches Allemantheia
72004	Säule der Äonen
72005	Magieakademie
72006	Symposium der Ältesten
72007	Agora
72008	Kreativwerkstatt
72009	Kriegernoviziat
72010	Strategisches Kommando
72011	Sharas Gebot
72012	Tore der Ehre
72013	Allemantheia-Konsulat
72099	Allemantheia-Hauptquartier
72100	Via Westonia
72101	Via Essenia
72102	Via Palrada
72103	Pegasusplattform von Allemantheia
72112	Symposium der Ältesten
72113	Mysterium
72114	Einheitsfeldlabor
73001	Acarum
73002	Pegasusplattform von Acarum
74001	Elenea
74002	Pegasusplattform von Elenea
75001	Frontera
75002	Pegasusplattform von Frontera
75003	Eingang zu Kezzels Rachen
76001	Kanstria
76002	Flugplattform von {@Rgn:76001}
76090	Kanstriaflügelstein
76901	Eingang zur Lilitasfestung, Lachelitas-Ruine
77001	Pfadfinderposten
77002	Flugplattform des Pfadfinderpostens
78001	Zulfikarfestung
78002	Flugplattform der {@Rgn:78001}
79001	Habere
79002	Flugplattform von Habere
80001	Drachenfall
80002	Flugplattform von Drachenfall
81001	Scythera Fae
81002	Flugplattform von Scythera Fae
83001	Ödfels
83002	Pegasusplattform von Ödfels
84001	Kaiator
84002	Umland von Kaiator
84003	Westtor von Kaiator
84004	Kaias Schildbrücke
84005	Anicetusbrücke
84006	Siegesbrücke
84007	Triumphplatz
84008	Kammer der Tapferkeit
84009	Kreativwerkstatt
84010	Hauptstraße
84011	Agora
84012	Handelszentrum
84013	Flugplattform von Kaiator
84014	Schmiedeherz
84015	Festungseingang
84016	Magieakademie
84017	Kaiator-Hauptquartier
84018	Kriegernoviziat
84019	Handelszentrum
84020	Nördlicher Zugang nach Kaiator
84021	Westtor von Kaiator
84022	Nordtor von Kaiator
84023	Südtor von Kaiator
84024	Kaiator-Konsulat
84025	Nördliche Straße des Triumphplatzes
84026	Transporthalle
84027	Kaiator
84101	Kapinalager
85001	Davarns Zuflucht
86001	Östliches Allemantheia
87001	Äscherne Hoffnung
87002	Heimattrauer
87003	Verlorene Wälder
87004	Orkanerfeste
87005	Zerstörtes Elinu
87006	Tränenfall
90000	1–11
90001	10–25
90002	23–36
90003	27–38
90004	30–51
90005	38–43
90006	40–45
90007	44–46
90008	50–59
90009	53–58
90010	56–60
90011	33-57
90012	64-65
90013	63-64
90014	59–60
90015	60-65
90016	65
97201	Eingang zum Antaros-Abgrund
99000	Tiarania<br>1-11
99001	Westliches Holzfällerlager<br>10-15
99002	Wälder der Vergessenheit<br>11-20
99003	Tal der Titanen<br>16-20
99004	Tuwangimorast<br>19-23
99005	Himmelshügel<br>21-25 (68)
99006	Klippen des Wahnsinns<br>23-25
99007	Reißertal<br>24-29
99008	Paraanonschlucht<br>24-29
99009	Basiliskenhang<br>27-30
99010	Freilande<br>28-31
99011	Nebelmoorinsel<br>30-33
99012	<br>31–32
99013	Zerklüftete Küste<br>32-33
99014	See der Tränen<br>33-36
99015	Kolossale Ruinen<br>35-38
99016	Aurumpfad<br>35-38
99017	Schandholz<br>38-41
99018	Heiliges Becken<br>38-41 (65)
99019	Zeitlose Wälder<br>38-42 (65)
99020	Essenischer Kamm<br>38-43 (66)
99021	Berg Tyrannas<br>40-45
99022	Sturmebene<br>41-43
99023	Frostweiten<br>41-45
99024	Quarantänezone<br>44-46
99025	Wildes Tal<br>45-46
99026	47-51<br><br>Geschwungenes Tal<br><br>31-32
99027	Schlangeninsel<br>47-51
99028	Fyrkuppe<br>47-51
99029	Finsterwald<br>50-53
99030	Susurrus Hain<br>50-53
99031	Amena Quatla<br>50-54
99032	Siennaschlucht<br>53-56 (67, 69)
99033	Tor Exsul<br>53-57
99034	Würmlingsklamm<br>53-58
99035	Feendickicht<br>56-59
99036	Tal der Spitzen<br>56-59
99037	Ebene der Verdammten<br>56-60
99038	Knechtfeste<br>45-48 (58)
99039	Unterholz von Tirkai<br>33-36
99040	Granarkus<br>64-65
99041	Argonea<br>64
99042	Khanovarfront<br>63-64
99043	Balders Zuflucht<br>59-60 (67)
99044	Wildlande<br>60-61
99045	Tal des Frühlings<br>61-62
99046	Ex Prima<br>62-63 (68)
99047	Arx Umbra<br>63-65
99048	Insel der Dämmerung<br>65
99049	Rogashs Landgut<br>70
99050	Exodor-Plantage<br>71
99051	Viridian-Morast<br>72
99052	Berakfestung<br>73
99053	Kerngebiet<br>73
99054	Nordumgebung<br>73
99055	Südumgebung<br>73
99999	Unerforscht
102001	Winteraschneefeld
103001	Winteraschneefeld
103002	Winteraschneefeld
111001	Tal des Donners
111002	Blauschwingenfestung
111003	Rotfähnrichfestung
111004	Stahlsee-Schlachtfeld
111005	Feldlager der Blauschwingen
111006	Basislager der Baumspäher
111007	Feldlager der Rotfähnriche
111008	Basislager der Alttalspäher
112001	Canyon der Ehre
112002	Basis von Gruppe B
112003	Basis von Gruppe A
112004	Mittleres Feuer (1)
112005	Südliches Feuer (2)
112006	Nördliches Feuer (3)
113001	Himmelsring der Helden
113002	Basis von Gruppe A
113003	Basis von Gruppe B
113004	Ausbildungsheiligtum
114001	Acradanlager
115001	Himmelsring der Helden
115002	Basis von Gruppe A
115003	Basis von Gruppe B
115004	Ausbildungsheiligtum
116001	Korsarenfestung
116002	Bastion des Angreifers
116003	Bollwerk des Verteidigers
116004	Mittleres Feuer (1)
116005	Nördliches Feuer (3)
116006	Südliches Feuer (2)
116007	Linkes äußeres Tor
116008	Rechtes äußeres Tor
116009	Linke Leiter
116010	Rechte Leiter
117001	Kumaszuflucht
117002	Laufstall
117003	Spielplatz
117004	Ladedock
117005	Heiligtum der Erneuerung
118001	Unterirdisches Schlachtfeld
118002	Küstenterritorium
119001	Affenarena
152001	Ananshas Nest
152002	Karagos' Nest
152003	Sabranaks Nest
172001	Wildlande
172011	Unheimlicher Aufstieg
172012	Boskanische Terrasse
172013	Mjusu Kraal
172014	Tümpel von Zurusuru
172015	Yaldaruhügel
172016	Dschungelteich
172017	Khirianaußenposten
172019	Mendarahöhle
172020	Orakelhöhle
172021	Tümpel von Zurusuru
172022	Friedlicher Gebirgssee
172023	Yaldaruhügel
172024	Uchawihöhle
172100	Velika
172101	Wildlande
172111	Khirianzuflucht
172112	Teleportplattform der Yaldaruhügel
172113	Teleportplattform von Mjusu Kraal
172114	Teleportplattform der Khirianzuflucht
172115	Teleportplattform des Khirianaußenpostens
181001	Ex Prima
181002	Ruinen von Hafenhall
181003	Schmachtschlucht
181004	Arche des Suchenden
181005	Grünfeuerspalt
181006	Queldarstation
181007	Provisorisches Lager der Erzdevaner
181008	Trümmerhöhle
181009	Hulranwacht
181010	Beuteschlucht
181011	Eingang nach Energia Celo
181012	Flussufer
181013	Baaldazposten
181014	Südtor von Höhenwacht
181015	Teleportplattform der Schmachtschlucht - Geschmolzene Spitze
181016	Teleportplattform der Schmachtschlucht - Diranassteinbruch
181017	Teleportplattform des Grünfeuerspalts - Provisorisches Lager der Erzdevaner
181018	Teleportplattform der Ruinen von Hafenhall
181019	Ruinen von Shalek
181020	Diranassteinbruch
181021	Geschmolzene Spitze
181041	Teleportplattform der Queldarstation
181042	Teleportplattform des Baaldazpostens
181043	Teleportplattform der Hulranwacht
182001	Tal des Frühlings
182002	Amadjuakhandelsposten
182003	Nerinental
182004	Heiße Quellen von Hina
182005	Parthianerausblick
182006	Blutschattenlabor
182007	Demokronenübungsplatz
182008	Ort des Suchenden
182009	Ausblick des Suchenden
182010	Frühlingsstätte
182011	Eleutheros
182012	Gelassenheitsfälle
182013	Tiefschwarze Höhle
182014	Lagerhöhle
182015	Kazankamm
182016	Eingang zur Sabexwaffenkammer
182017	Smaragdhügel
182018	Eingang zur Sabexwaffenkammer
182019	Valkyon-Feldlager
182030	Teleportplattform des Amadjuakhandelspostens
182031	Exodor-Anlauftrupp
182100	Teleportplattform der westlichen Quellen
182101	Teleportplattform der östlichen Quellen
182102	Teleportplattform der Götterstufen
182103	Teleportplattform der Smaragdhügel
182200	Heiße Quellen von Hina
182300	Heiße Quellen von Hina
182400	Kazankamm
182500	Smaragdhügel
183001	Umland von Höhenwacht
183002	Höhenwacht
183003	Zuflucht der Erleuchtung
183004	Meditationsweg
183005	Veritasgewölbe
183006	Halle der Waffen
183007	Halle der Übereinkunft
183008	Erudarkommando
183009	Hof der Erleuchtung
183010	Agora
183011	Halle der Kunsthandwerker
183012	Oriyns Nachtwache
183013	Halle der Übereinkunft
183014	Teleportal
183015	Eingang zu Durions Bluttempel
191001	Trellum Consurgo
200001	Flugmeister
200002	Teleportal
200003	Gildenverwalter
200004	Farbenhändler
200005	Handelsagent
200006	Fahrender Händler
200007	Rufhändler
200008	Markenbelohnungen
221501	Eingang zum Mogelplateau
248001	Khanovarfront
249001	Argonea
250001	Granarkus
302301	Geheimeingang der Berakfestung
302701	Warteraum der Wutarena
302702	Pfad zur Wutarena
469001	Arx Umbra: vor etwa 50 Jahren
505111	Elenea
505112	Feuergrataußenposten
506001	Velika-Banketthalle
506002	Unbekanntes Portal
506003	Unbekanntes Portal
506004	Velika-Banketthalle (schwierig)
506005	Weltenwand
506006	Versöhnte Velika-Banketthalle
506015	Unbekannter Raum
506016	Weltenwand
507001	Unbekannter Raum
508001	Unbekannter Raum
569001	Erinnerungen der Raqnanfestung (Einzelspieler)
599001	Insel des Baumes
599002	Wirrwarrplatz
599003	Eingang zum Schattenbaum
599004	Schattenbaum
599005	Tempel des Baumes
599006	Posten der Valkyon-Föderation
599007	Windmühlenhügel
599008	Steinwurzelbrücke
599009	Großer Wurzelbogen
599010	Lagerhaus
599011	Pegasusplattform am Traumbaum
599012	Saftwurzelhöhle
780781	Velika-Untergrundtor
818001	Geheimlabor
818002	Zugangskorridor zum Labor
818003	Versuchskäfige
818004	Korridor des Hauptlabors
818005	Hauptlabor
826001	Kellerlabor der Raqnanfestung
827001	Insel des Baumes
827002	Wirrwarrplatz
827003	Schattenbaum
827004	Eingang zum Schattenbaum
827005	Lagerhaus
828001	Schattenbaum
828002	Lagerhaus
828003	Waffen-/Magieausbilder
828004	Flugmeister
829001	Tiaran, der Baum des Kummers
829002	Herz des Kummers
905601	Valonas Raumzeit (schwierig)
905602	Pfad der Zeit
905603	Jenseits des Donnergerichts
905604	Letztes Urteil
905901	Die Nebel
905902	Verfluchte Stadt
905903	Platz der Vollstreckung
906701	Eingang zu Vernos Laboratorium (schwierig)
906702	Odons Kammer (schwierig)
906703	Vernos Kammer (schwierig)
906900	Hof der Raqnanfestung
906901	Kellergewölbe der Raqnanfestung
906902	Ausbildungslager der Bestien
906903	Verdreckte Aufbereitungsanlage
906904	Untergrundlager
906905	Schlammige Aufbereitungsanlage
906906	Kammer ohne Wiederkehr
906907	Geheimgang
906908	Widerstand
906909	Werkstatt für Waffenforschung
906910	Audienzzimmer
906911	Myulas Gemächer
906912	Geheimer Altar
906913	Straße zu Myulas Palast
907001	Eingang zum Mogelplateau
907002	Spielplatz
950001	Zerstörter Zugang zum Himmelreich der Götter
950002	Zerstörter Eingang zum Himmelreich der Götter
973501	RK-9 Hangar
973502	Eingang zum RK-9 Hangar
975601	Valonas Raumzeit
975602	Pfad der Zeit
975603	Jenseits des Donnergerichts
975604	Letztes Urteil
976701	Eingang zu Vernos Laboratorium
976702	Odons Kammer
976703	Vernos Kammer
976901	Eingang zur Lilitasfestung, Lachelitas-Ruine
976902	Brennender Garten
976903	Ruhmeshalle
976904	Lilitas' Bereich
976905	Weg der Prüfungen
976906	Eingang zur Lilitasfestung (leicht)
978000	Velika-Untergrundtor
978001	Eingang zum Velika-Untergrundpfad
978002	Mysteriöser Pfad
978003	Annektierte Kommune
978004	Velika-Untergrund
978005	Verborgener Untergrundpfad
978010	Taumel-Pfad
978011	Kabadors Refugium
978020	Eingang zur Blaumagie-Steinkammer
978021	Blaumagie-Steinkammer
978030	Verzerrter Ort
978031	Velika-Untergrundtor
996901	Eingang zur Lilitasfestung, Lachelitas-Ruine
996902	Brennender Garten
996903	Ruhmeshalle
996904	Lilitas' Bereich
996905	Weg der Prüfungen
996906	Eingang zur Lilitasfestung (leicht)
998000	Eingestürztes Velika-Untergrundtor
998001	Eingang zum Velika-Untergrundpfad
998002	Mysteriöser Pfad
998003	Annektierte Kommune
998004	Eingestürzter Velika-Untergrund
998005	Verborgener Untergrundpfad
998010	Taumel-Pfad
998011	Kabadors Refugium
998020	Eingang zur Blaumagie-Steinkammer
998021	Blaumagie-Steinkammer
998030	Verzerrter Ort
998031	Eingestürztes Velika-Untergrundtor
1810041	Eingang zu den Untiefen von Bathysmal
2000000	Rogashs Landgut
2000001	Exodor-Plantage
2000002	Viridian-Morast
2000003	Berakfestung
2000004	Kerngebiet
2000005	Nordumgebung
2000006	Südumgebung
2000010	Konzis-Landgut
2000011	Rogashs Refugium
2000012	Larven-Brutstätte
2000013	Eingang der Larven-Brutstätte
2000014	Ausgang der Larven-Brutstätte
2000015	Landgut-Plattform
2000016	Rogashs Hinterhof
2000017	Rogashs Anwesen
2000018	Kristalltal
2000019	Exodor-Expeditionscamp
2000020	Brutstättenbelichtung
2000021	Verborgenes Gebiet
2000100	Primusbaum
2000101	Secundusbaum
2000102	Tertiusbaum
2000103	Sekretlager
2000104	Föderationsbasis
2000150	Schmetterlingsheim
2001010	Plantagen-Plattform
2001011	Naga-Lager
2001012	Eingang der Riveran-Basis
2001013	Riveran-Basis
2001014	Ausgang der Riveran-Basis
2001015	Kristallmine
2001016	Camp der Valkyon-Föderation
2001017	Riveran-Camp
2001018	Kristall-Sammelort
2001019	Larven-Gehege
2001020	Plantagen-Verteidigungslager
2001021	Morastrichtungs-Plattform
2001022	Geheimversteck
2001023	Azra-Farm
2001024	Biest-Gehege
2001025	Tarnsee
2001026	Verborgenes Gebiet
2001050	Kristalldepot
2001051	Royalparf-Jagdgebiet
2001052	Royalparf-Zuflucht
2002001	Morast-Plattform
2002002	Eingang des Viridian-Morasts
2002003	Viridian-Morast
2002004	Verlassener Posten
2002005	Raubtier-Territorium
2002006	Bruchtal
2002007	Monster-Gehege
2002008	Zwangskerker
2002009	Fantasiegarten
2002010	Kerkerbrücke
2002011	Festungsrichtungs-Plattform
2002012	Überlebenden-Camp
2002013	Entlegener Riss
2002014	Verborgenes Gebiet
2002050	Finstertal
2003001	Berakfestungs-Plattform
2003002	Kontrollposten
2003003	Eingang der Schauderpassage
2003004	Schaudertür
2003005	Schaudergarten (Nordseite)
2003006	Schaudergarten (Südseite)
2003007	Berakfestung
2003008	Eingang zur Berakfestung
2003009	Untergeschoss der Berakfestung
2003010	Maschinenraum-Vorplatz
2003011	Schauderpassage
2003012	Riveran-Feste
2003013	Verteidigungsgebiet
2003014	Sperrzonen-Flur
2003015	Herz-Eingang
2003016	Herz-Flur
2003017	Bannmeile
2003018	Obergeschoss der Berakfestung
2003019	Keller der Berakfestung
2003020	Maschinenraum-Flur
2003021	Bannmeilen-Flur
2003022	Untergeschoss der Berakfestung
2003023	Herz der Berakfestung
2003024	Kontrollposten-Dach
2003050	Arkarptruppen-Quartier
2003051	Rosema-Sitz
2003052	Insel Kerozen
2010001	Arkarp-Farm
2011001	Himmelsgarten-Angelinsel
2012001	Feenweiher-Angelinsel
2013001	Wolkensee-Insel
2014001	Viridian-Angelinsel
2015001	Berak-Angelinsel
2020001	Exodor-Randgebiet
2052001	Akarp-Eroberungsgebiet (Kern)
2054001	Arkarp-Eroberungsgebiet (Südrand)
2100001	Rogashs Refugiumskern
2100002	Ihr teleportiert zur Larven-Brutstätte.
2101001	Larven-Brutstätte
2102001	Verhörzentrum
2103001	Finsterkern-Maschinenraum (EG)
2103002	Finsterkern-Maschinenraum (1. OG)
2103003	Finsterkern-Maschinenraum (2. OG)
3001001	Geheime Basis (Einzelspieler)
3002001	Anwesen der Arglist (Einzelspieler)
3003001	Zuflucht der Kultisten (Einzelspieler)
3004001	Nekromantenkrypta (Einzelspieler)
3005001	Goldenes Labyrinth (Einzelspieler)
3006001	Akashas Versteck (Einzelspieler)
3007001	Salerons Himmelsgarten (Einzelspieler)
3008001	Labyrinth des Schreckens (Einzelspieler)
3009001	Ebenholzturm (Einzelspieler)
3010001	Kelsaiks Nest (Einzelspieler)
3011001	Manayas Herz (Einzelspieler)
3017000	Antaros-Abgrund (schwierig, 7 Personen) - Ausgangspunkt
3017001	Antaros-Abgrund (schwierig, 7 Personen) - Sperrgebiet
3017002	Antaros-Abgrund (schwierig, 7 Personen) - Exekutionsplatz
3017003	Antaros-Abgrund (schwierig, 7 Personen) - Raum der Prüfung
3017004	Umland von Velika
3017005	Umland von Velika
3018000	Eingang zur Tenebrisfestung (schwierig)
3018001	Hauptplatz
3018002	Hauptbibliothek
3018003	Festungsdach
3019000	Eingang zu Lians Untergrundhalle
3019001	Nedras Zuflucht
3019002	Hinrichtungsplatz
3019003	Verzerrter Raum
3019004	Eingang zum Verzerrten Raum
3020000	Goldschuppe
3024001	Dungeon zurücksetzen und zurückkehren
3025001	Dungeon zurücksetzen und zurückkehren
3026001	Kelsaiks Versteck
3026002	Kelsaiks Halle
3026003	Trabantinsel
3026004	Kelsaiks Versteck (schwer)
3026005	Eingang zu Kelsaiks Versteck
3026006	Kelsaiks Halle des Albtraums
3027001	Wutarena
3101001	Honiglager
3101002	Gemach der Königin
3101003	Injektionsraum
3201000	Eingang zu Parquinas Nest (leicht)
3201001	Honiglager
3201002	Gemach der Königin
3201003	Injektionsraum
5051101	Elenea
5051201	Unbekannter Raum
5051202	Unbekannter Raum
5051501	Zerklüfteter Kamm
5051701	Unbekannter Raum
5052501	Unbekannter Raum
8000001	Außenposten der Reliquienjäger
8000002	Velika - Hauptquartier der Valkyon-Föderation
8000003	Sitz der Suchenden
8000004	Feuerstellung der Tapferkeit
8000005	Feuerstellung der Verwegenheit
8000006	Lager der Vergeltung
8000007	Sanctum Mysterium
8000008	Die Grube
8000009	Verteidigerlager
8000010	Sietch Bidaum
8000011	Außenposten des Verdorbenen Schlundes
8000012	Verteidigerbasislager
8000013	Die Brutstätte
8000014	Lager an der Zerstörten Brücke
8000015	Exetron
8000016	Raga Kabash: Turm der Harmonie
8000017	Westliches Holzfällerlager - Feenteich
8000018	Professorenwall
8000019	Tiefen des Verderbens
8000020	Blutige Tiefen
8000021	Eingang zum Goldenen Labyrinth
8000022	Thulsas Vereitelung
8000023	Tal der Bestien
8000024	Dienstboteneingang des Anwesens
8000025	Düstere Kathedrale
8000026	Tiefen von Azarels Labyrinth
8000027	Vorbastion
8000028	Rast der Bändiger
8000029	Kathedralenwall
8000030	Verteidigerwall
8000031	Große Kapelle
8000032	Katakomben der Hungrigen Höhlen
8000033	Tiefen der Hungrigen Höhlen
8000034	Düsterwinkelwachposten
8000035	Zuflucht der Eindringlinge
8000036	Raubeinaußenposten
8000037	Zuflucht
8000038	Akashas Versteck
8000039	Eingang zu Akashas Versteck
8000040	Gewölbe der Hungrigen Höhlen
8000041	Lager der Erlösung
8000042	Hallen des Schattens
8000043	Hallen von Immerschwarz
8000044	Hallen der Finsternis
8000045	Katakomben der Hexenkönigin
8000046	Hallen des Wissens
8000047	Kreischende Katakomben
8000048	Katakomben des Elends
8000049	Vorzimmer
8000050	Rabenaltar
8000051	Heiligtum der Wiederbelebung
8000052	Villa des Narren
8000053	Schmelzkammer
8000054	Umbralager
8000055	Lager an der Zerstörten Brücke
8000056	Ebenholzkontrollpunkt
8000057	Grabwacht der Verbannten
8000058	Zugang zu Kelsaiks Nest
8000059	Kaiator-Zentrale
8000060	Kaiator-Konsulat
8000061	Eingang zum Kaiator-Hauptquartier
8000062	Salerons Forschungslager
8000063	Korpusforschungslager
8000064	Unterirdisches Kontrolllager
8000065	Forschungsstation der Phalanx
8000066	Korpusforschungslager
8000067	Unterirdisches Kontrolllager
8000068	Forschungsstation der Phalanx
8000069	Salerons Forschungslager
8000070	Unterirdisches Kontrolllager
8000071	Forschungsstation der Phalanx
8000072	Salerons Forschungslager
8000073	Korpusforschungslager
8000074	Krypta des Untergangs - Ebenholzsteg
8000075	Eingang zum Kaiator-Konsulat
8000076	Villa des Narren
8000077	Ebenholzturm (schwierig)
8000078	Labyrinth des Schreckens (schwierig)
8000079	Akashas Versteck (schwierig)
8000080	Kelsaiks Nest (schwierig)
8000081	Eingang zum Ebenholzturm
8000082	Kaiator-Hauptquartier
8000083	Eingang zum Labyrinth des Schreckens
8000084	Eingang zum Altar des Todes
8000085	Arachnes Fluch
8000086	Eingang zum Aufstieg von Saravash
8000087	Portal zum Siegel von Adstringo
8000088	Schmiedeherz
8000089	Zuflucht von Dratheel
8000090	Knochenacker von Acarum
8000091	Eingang zum Fronttunnel
8000092	Eingang zum Leuchtturm der Sonne
8000093	Velika
8000094	Murica-Angelstelle
8000095	Angelstelle im Halsabschneiderhafen
8000096	Angelstelle am See der Tränen
8000097	Angelstelle im Vexatussumpf
8000098	Angelstelle am Celsiansee
8000099	Angelstelle an Serens See
8104000	Eingang zu Lakans Gefängnis
8104002	Eingang zu Lakans Gefängnis (schwierig)
8999001	Veliks Zuflucht
9001001	Samaels Sitz
9002001	Brunnen von Shara
9003001	Fyrkuppenabgrund
9006001	Labyrinth des Schreckens
9007001	Verborgener Schrein
9008001	Malachais Labor
9009001	Malachais Labor
9011001	Muhraks Werkstätte
9012001	Turmspitzen der drei Türme
9013001	Cyasmaspitze
9014001	Khanovarposten
9015001	Küste der Insel der Dämmerung
9016001	Klippen der Insel der Dämmerung
9017001	Leuchtturm der Sonne
9018001	Argonenkatakomben
9019001	Vorhof des Sanctum Mysterium
9020001	Waffenkammer der Bastion Loks
9021001	Verborgener Tunnel
9022001	Gewölbe des Ruhms
9023001	Kutmaschuks Versteck
9024001	Tempel von Kaprima
9024002	Zerstörte Kathedrale
9024003	Halle des Vorboten
9024004	Kaprimas Beschwörungskammer
9025001	Balders Tempel
9025090	Tempeleingang
9025091	Tempellabyrinth
9025092	Tempelteich
9025093	Tempelgarten
9025094	Tempelgewölbe
9025095	Tempelzentrum
9025096	Tempelheiligtum
9025097	Reliquienkammer
9025098	Tempelbrücke
9026001	Argonenkorpus
9026002	Zelle der Faust
9026003	Kammer des Aufzugwächters
9026004	Halle des Richters
9026005	Zuflucht des Sehers
9027001	Manayas Herz (schwierig)
9027002	Der Plexus (schwierig)
9028001	Malachais Labor
9029001	Kaprimas Gruft
9029002	Übungskammer
9029003	Halle des Vorboten
9029004	Halle der Wiederbelebung
9029005	Eingang zu Kaprimas Gruft
9031001	Akashas Versteck (Dungeon der Prüfungen)
9032001	Goldenes Labyrinth (Dungeon der Prüfungen)
9033001	Krakatox-Höhle (schwierig, Dungeon der Prüfungen)
9034001	Eingang zur Spitze der Furcht (schwierig)
9034002	Spitze der Furcht (schwierig): 2. Herausforderung
9034003	Spitze der Furcht (schwierig): 3. Herausforderung
9034004	Spitze der Furcht (schwierig): 4. Herausforderung
9034005	Spitze der Furcht (schwierig): 5. Herausforderung
9034006	Spitze der Furcht (schwierig): 6. Herausforderung
9034007	Spitze der Furcht (schwierig): 7. Herausforderung
9034008	Spitze der Furcht (schwierig): 8. Herausforderung
9034009	Spitze der Furcht (schwierig): 9. Herausforderung
9034010	Spitze der Furcht (schwierig): 10. Herausforderung
9034011	Spitze der Furcht (schwierig): 1. Herausforderung
9036001	Karaschas Unterschlupf
9037001	Brücke über den Verdorbenen Schlund
9038001	Geheimnisvoller Dschungel
9039001	Ort des Karawanenüberfalls
9040001	Platz von Velika
9041001	Osttor von Velika
9042001	Velika-Hauptquartier
9043000	Eingang nach Wunderholm
9043001	Wunderholm (schwierig)
9043002	Spottkammer (schwierig)
9043003	Eingang nach Wunderholm
9043004	Kammer ohne Ausweg
9043005	Spottkammer
9043006	Wunderholm
9043011	Große Halle (schwierig)
9043021	Wolkenbrücke (schwierig)
9043031	Zwillingszirkus (schwierig)
9043041	Brücke der Torheit (schwierig)
9043051	Bruchfurchiger Korridor (schwierig)
9043061	Herrliches Plateau (schwierig)
9043071	Frohlockiger Korridor (schwierig)
9043081	Spielzimmer (schwierig)
9043091	Labor von Aliss (schwierig)
9043101	Käfig der Einsamkeit (schwierig)
9043111	Unwürdiger Abtritt (schwierig)
9043121	Freiliche Treppe  (schwierig)
9044000	Eingang zu Bahaars Tempel
9044001	Bahaars Tempel
9044002	Bahaars Tempel - Versiegeltes Tor
9044003	Bahaars Tempel - Inkarnationshalle
9044004	Bahaars Tempel - Inkarnationshalle
9045001	Blauspitze
9045002	Lilipart
9046001	Verfluchte Oase
9046002	Riesenprüfungsgelände
9047001	Erntedankfestsaal
9048001	Würfeldungeoninstanz (temp. Bezeichnung)
9048002	Würfel-Dungeoninstanz (Temp Title)
9050000	Eingang zum Rand des Abgrunds
9050001	Guwangidorf
9050002	Anlegestelle des Guwangidorfs
9050003	Yativios Garten
9050004	Vesporaxhöhle
9050005	Koleoggs Nest
9050006	Rand des Abgrunds
9050007	Rand des Abgrunds (schwierig)
9050008	Luftschiffplattform auf den Klippen
9051001	Verwahrloster Tempel
9051002	Tempelgewölbe
9051003	Tempelgarten
9051004	Tempelzentrum
9051005	Leiter
9051006	Tempelgewölbe
9051007	Tempelgarten
9051008	Tempelzentrum
9052001	Bankett des Blutes
9052002	Zeremonienraum
9052003	Banketthalle
9052004	Banketthalle
9052005	Zeremonienraum
9053001	Kezzels Rachen
9054001	Untiefen von Bathysmal (schwierig)
9054002	Höhle der Runen
9054003	Giftiger Wintergarten
9054004	Tiefentunnel
9054005	Teich der Angst
9054006	Elementarhalle
9054007	Farideikrypta
9054008	Farideikrypta
9054009	Untiefen von Bathysmal
9055002	Gefräßiger Schlund
9055003	Die Vielfraßgrotte
9055004	Versteck des Verschlingers
9055005	Nimistrix' Nest
9055008	Eingang zum Gefräßigen Schlund
9055009	Nimistrix' Nest
9056001	Eingang zu Valonas Raumzeit
9056002	Donnergericht
9056003	Basaltwiege
9056004	Zeitkern
9056005	Zeitkern
9057001	Archerons Inferno (schwierig)
9057002	Eingang zu Archerons Inferno (schwierig)
9060001	Wachschiff
9060002	Kalivans Kriegsgaleere (schwierig)
9060003	Schiffsrampe
9060004	Kalivans Kriegsgaleere (schwierig)
9060005	Laderaum
9060006	Deck des Wachschiffes
9061001	Riesenruine
9065001	Zwielichttal
9066001	Palasthof
9066002	Demoroths Roulette
9066003	Eingang zu Demoroths Roulette
9068001	Durions Bluttempel (schwierig)
9068002	Plattform des Torwächters
9068003	Düstergrotten-Abyss
9068004	Durions Halle
9068005	Düstergrotte
9070001	Eingang zum Mogelplateau
9071001	Nekromantenkrypta
9071003	Nekromantiezelle
9071004	Zimmer der Oberwache
9071005	Quartier der Bruderschaft
9071006	Nekromantielabor
9071007	Kapelle der Schmerzen
9071008	Thulsas Kammer
9071009	Geheimpassage
9072001	Goldenes Labyrinth
9072002	Kammer der Wildnis
9072003	Vorratsraum
9072004	Opferkammer
9072005	Kammer des Prozesses
9072006	Kammer des Torwächters
9073001	Ebenholzturm
9073002	Ebenholzturm - Primus
9073003	Ebenholzturm - Secundus
9073004	Ebenholzturm - Tertius
9073005	Ebenholzturm - Quartus
9073006	Ebenholzturm - Quintus
9073007	Halle der Schatten
9073008	Kammer der Pein
9073009	Altar des Todes
9073010	Foltergruft
9074001	Heiligtum der Wiederbelebung
9075001	Kelsaiks Nest
9075002	Kammer des Wächters
9075003	Kelsaiks Halle
9076001	Labyrinth des Schreckens
9077001	Wüste Batu
9077002	Arena von Mejdanar
9077003	Mags Thulanax
9077004	Mags Kormas
9078001	Suryatis Gipfel
9078002	Suryatis Kontrollzone
9078003	Kommandoposten der Sihranar
9078004	Forschungsstätte der Sihranar
9079001	Aufstieg von Saravash
9079002	Saravashs Versteck
9079003	Feldrenenwald
9079004	Söldnerlager
9080001	Siegel von Adstringo
9080002	Zuflucht von Dratheel
9080003	Aetrialzuflucht
9080004	Unendlicher Wald
9081001	Ausbildungsgelände
9082001	Tempel der Verwegenheit
9083001	Gelände des Durchbruchs
9087001	Bastion Loks
9087002	Bastion Loks
9087003	Feste von Atel Akaad
9088001	Anwesen der Arglist
9088002	Keller des Anwesens
9088003	Anwesen der Arglist
9088004	Magiesteinmaschine
9089001	Zuflucht der Kultisten
9089002	Kammer der Wunder
9089003	Kammer der Unsterblichkeit
9089004	Kammer des Hasses
9090001	Waldlandpfad
9091001	Altar von Vadoma
9092001	Dagons Kantorei
9093001	Akashas Versteck
9093002	Flur der Pestilenz
9093003	Sanguinarium
9093004	Karaschas Menagerie
9093005	Kammer der Elektrizität
9093006	Kammer der Ehrfurcht
9093007	Akashas Kammer
9094001	Salerons Himmelsgarten
9094002	Erster Prüfungsbereich
9094003	Zweiter Prüfungsbereich
9094004	Dritter Prüfungsbereich
9094005	Finaler Prüfungsbereich
9095001	Flammentiegel
9095002	Tiegelbasis
9095003	Tiegelestrade
9095004	Südlicher Feuerkessel
9095005	Westlicher Feuerkessel
9095006	Nördlicher Feuerkessel
9095007	Tiegelnabe
9095008	Östlicher Feuerkessel
9096001	Terrassen von Sirjuka
9124002	Velika - Veliks Treppe
9126001	Petre-Brutstätte
9126002	Wächter-Trainingslager
9126101	Allemantheia - Tore der Ehre
9128101	Kaiator - Triumphplatz
9503001	Kommandanten Residenz
9611001	Der Abszess (schwierig)
9618001	Event-Arena (Velika)
9643001	Wunderholm
9643002	Spottkammer
9643011	Wunderholm
9643021	Wunderholm
9643031	Wunderholm
9643041	Wunderholm
9643051	Wunderholm
9643061	Wunderholm
9643071	Wunderholm
9643081	Wunderholm
9643091	Wunderholm
9643101	Wunderholm
9643111	Wunderholm
9643121	Wunderholm
9681001	Veliks Traum
9681002	Veliks Traum
9681003	Göttin Veliks Traum (schwierig)
9681004	Veliks Traum
9681005	Veliks Traum
9681006	Velika-Untergrundtor
9681007	Veliks Traum
9710001	Lakans Gefängnis (schwierig)
9710002	Finsterer Sammelplatz
9710003	Zerrfeld
9710004	Zerstörtes Gefängnis
9711001	Der Abszess (schwierig)
9711002	Eingang zum Abszess (schwierig)
9713001	Eingang zur Tarnlichtung
9713002	Eingang zur Tarnlichtung
9713003	Grotte des Torwächters
9713004	Platz des Wächters
9713005	Banyakas' Heiligtum
9714001	Premiumgebiet
9716001	Himmelskreuzer Sturmflotte
9716002	Himmelskreuzer-Plattform
9716003	Kontrollraum
9716004	Maschinenraum
9716005	Deck des Himmelskreuzers
9720000	Antaros-Abgrund - Ausgangspunkt
9720001	Antaros-Abgrund - Sperrgebiet
9720002	Antaros-Abgrund - Exekutionsplatz
9720003	Antaros-Abgrund - Raum der Prüfung
9720004	Umland von Velika
9720005	Umland von Velika
9724001	Tempel von Kaprima (schwierig)
9724002	Zerstörte Kathedrale
9724003	Halle des Vorboten
9724004	Kaprimas Beschwörungskammer
9725001	Balders Tempel (schwierig)
9725090	Tempeleingang (schwierig)
9725091	Tempellabyrinth (schwierig)
9725092	Tempelteich (schwierig)
9725093	Tempelgarten (schwierig)
9725094	Tempelgewölbe (schwierig)
9725095	Tempelzentrum (schwierig)
9725096	Tempelheiligtum (schwierig)
9725097	Reliquienkammer (schwierig)
9725098	Tempelbrücke (schwierig)
9726001	Argonenkorpus (schwierig)
9726002	Zelle der Faust (schwierig)
9726003	Kammer des Aufzugwächters (schwierig)
9726004	Halle des Richters (schwierig)
9726005	Zuflucht des Sehers (schwierig)
9727001	Manayas Herz
9727002	Der Plexus
9735001	Energie-Forschungseinrichtung
9735002	Hangar-Belüftungseinrichtung
9735003	Magnetfeld-Forschungseinrichtung
9735004	Waren-Bearbeitungseinrichtung
9735005	Sperrzone: D
9735006	Sperrzone: E
9735007	Sperrzone: RK-9 Hangar
9739000	Eingang zum Revolutionärslager
9739001	Schmiede des Revolutionärslagers
9739002	Waffenkammer des Revolutionärslagers
9739003	Ruinen außerhalb des Dorfes
9739004	Infiltrationsroute
9743001	Wunderholm
9743002	Spottkammer
9743011	Große Halle
9743021	Wolkenbrücke
9743031	Zwillingszirkus
9743041	Brücke der Torheit
9743051	Bruchfurchiger Korridor
9743061	Herrliches Plateau
9743071	Frohlockiger Korridor
9743081	Spielzimmer
9743091	Labor von Aliss
9743101	Käfig der Einsamkeit
9743111	Unwürdiger Abtritt
9743121	Freiliche Treppe
9756001	Eingang zu Valonas Raumzeit
9756002	Donnergericht
9756003	Basaltwiege
9756004	Zeitkern
9756005	Zeitkern
9757001	Eingang zu Archerons Inferno
9757002	Eingang zu Archerons Inferno
9757003	Archerons Hand
9757004	Archerons Reich
9757005	Schauplatz des Schreckens
9760001	Wachschiff
9760002	Deck der Kriegsgaleere
9760003	Schiffsrampe
9760004	Deck der Kriegsgaleere
9760005	Laderaum
9760006	Deck des Wachschiffes
9766001	Zerschlagene Flotte
9766002	Eingang zur Zerschlagenen Flotte
9766003	Eingang zur Zerschlagenen Flotte
9768001	Durions Bluttempel
9768002	Plattform des Torwächters
9768003	Düstergrotten-Abyss
9768004	Durions Halle
9768005	Düstergrotte
9770001	Zerstörter Platz
9770002	Zerstörte Festung
9770003	Lachelitas' Bereich
9770004	Eingang zur Lachelitas-Ruine
9773001	Ebenholzturm (schwierig)
9773002	Ebenholzturm (schwierig) - Primus
9773003	Ebenholzturm (schwierig) - Secundus
9773004	Ebenholzturm (schwierig) - Tertius
9773005	Ebenholzturm (schwierig) - Quartus
9773006	Ebenholzturm (schwierig) - Quintus
9773007	Hallen der Schatten (schwierig)
9773008	Kammer der Pein (schwierig)
9773009	Altar des Todes (schwierig)
9773010	Foltergruft (schwierig)
9775001	Kelsaiks Nest (schwierig)
9775002	Kammer des Wächters (schwierig)
9775003	Kelsaiks Halle (schwierig)
9776001	Labyrinth des Schreckens (schwierig)
9776002	Shriekaalhalle (schwierig)
9776003	Tragieronhalle (schwierig)
9776004	Agonalhalle (schwierig)
9776005	Halle der Albträume (schwierig)
9776006	Halle der Schreie (schwierig)
9776007	Kriegarhalle (schwierig)
9776008	Anarxishalle (schwierig)
9777001	Die Kanäle
9777002	Die Kanäle - Kanalabfluss
9777003	Die Kanäle - Immersehendes Auge
9777004	Die Kanäle - Kammer der Beschwörung
9777005	Die Kanäle - Große Zisterne
9777006	Die Kanäle - Zisternenzugang
9781001	Veliks Tempelgarten
9781002	Veliks Audienzzimmer
9781003	Veliks Residenz
9781004	Veliks Weite
9781005	Veliks Umweg
9781006	Velika-Untergrundtor
9781007	Eingang zu Veliks Zuflucht
9782000	Eingang zu Lians Untergrundhalle
9782001	Nedras Zuflucht
9782002	Hinrichtungsplatz
9782003	Verzerrter Raum
9782004	Eingang zum Verzerrten Raum
9783000	Eingang zur Tenebrisfestung
9783001	Hauptplatz
9783002	Hauptbibliothek
9783003	Festungsdach
9793001	Akashas Versteck (schwierig)
9793002	Flur der Pestilenz (schwierig)
9793003	Sanguinarium (schwierig)
9793004	Karaschas Menagerie (schwierig)
9793005	Kammer der Verschrobenheit (schwierig)
9793006	Kammer der Ehrfurcht (schwierig)
9793007	Akashas Kammer (schwierig)
9794001	Versteckter Höhleneingang
9794002	Düstermine
9794003	Syruks Forschungslabor
9794004	Eingang zu Syruks Forschungsstation
9801001	Nexustraverse
9801002	Velika
9801003	Allemantheia
9801004	Kaiator
9802001	Nexustraverse
9803001	Nexustraverse
9804001	Kelsaiks Nest
9808001	Sabexwaffenkammer
9808002	Spieße und Spitzen
9808003	Schmiede
9808004	Lagerung B
9808005	Sabexverlies
9808006	Kraftquelle
9808007	Kraftquelle
9808008	Kraftquelle
9808009	Kraftquelle
9809001	Fleischerkatakomben
9809002	Fleischerkatakomben
9809003	Fleischerkatakomben
9809004	Fleischerkatakomben
9809005	Fleischerkatakomben
9809010	Eingang zu den Fleischerkatakomben
9810001	Lakans Gefängnis
9810002	Lakans Gefängnis
9810003	Lakans Gefängnis (Eingangstreppe)
9810004	Lakans Gefängnis (Pfad des Lakan)
9810005	Lakans Gefängnis (Kammer der Verehrung)
9811001	Der Abszess
9811002	Eingang zum Abszess
9813001	Tarnlichtung (Einzelspieler)
9813002	Eingang zur Tarnlichtung
9813003	Grotte des Torwächters
9813004	Platz des Wächters
9813005	Banyakas' Heiligtum
9814001	Das Gewölbe von Oriyn
9821001	2. Ebene der Raqnanfestung
9822001	Lauschposten der Erzdevaner
9823001	Himmelskreuzer Kühnheit
9823002	Himmelskreuzer Kühnheit
9823003	Wetterdeck
9825001	Balders Tempel (Einzelspieler)
9825090	Tempeleingang
9825091	Tempellabyrinth
9825092	Tempelteich
9825093	Tempelgarten
9825094	Tempelgewölbe
9825095	Tempelzentrum
9825096	Tempelheiligtum
9825097	Reliquienkammer
9825098	Tempelbrücke
9830001	Thron des Himmels (Einzelspieler)
9830002	Höhenwacht - Halle der Waffen
9833003	Zugang von Croskurn
9833004	Croskurnminen
9833005	Feuergrataußenposten
9833006	Schrein von Zaeltarazad
9833007	Zerklüfteter Kamm
9860001	Wachschiff
9860002	Deck der Kriegsgaleere
9860003	Schiffsrampe
9860004	Deck der Kriegsgaleere
9860005	Laderaum
9860006	Deck des Wachschiffes
9871001	Nekromantenkrypta (Einzelspieler)
9871003	Nekromantenzelle (Einzelspieler)
9871004	Zimmer der Oberwache (Einzelspieler)
9871005	Quartier der Bruderschaft (Einzelspieler)
9871006	Nekromantielabor (Einzelspieler)
9871007	Kapelle der Schmerzen (Einzelspieler)
9871008	Thulsas Kammer (Einzelspieler)
9871009	Geheimpassage (Einzelspieler)
9872001	Goldenes Labyrinth (Einzelspieler)
9872002	Kammer der Wildnis (Einzelspieler)
9872003	Vorratsraum (Einzelspieler)
9872004	Opferkammer (Einzelspieler)
9872005	Kammer des Prozesses (Einzelspieler)
9872006	Kammer des Torwächters (Einzelspieler)
9873001	Ebenholzturm (Einzelspieler)
9873002	Ebenholzturm - Primus (Einzelspieler)
9873003	Ebenholzturm - Secundus (Einzelspieler)
9873004	Ebenholzturm - Tertius (Einzelspieler)
9873005	Ebenholzturm - Quartus (Einzelspieler)
9873006	Kammer der Pein (Einzelspieler)
9873007	Halle der Schatten (Einzelspieler)
9873008	Kammer der Pein (Einzelspieler)
9873009	Altar des Todes (Einzelspieler)
9873010	Foltergruft (Einzelspieler)
9885001	Spitze der Furcht
9885002	Herausforderung
9885003	Eingang zur Spitze der Furcht
9885004	Spitze der Furcht - Obere Etagen
9887001	Bastion Loks (Einzelspieler)
9887002	Bastion Loks (Einzelspieler)
9887003	Feste von Atel Akaad (Einzelspieler)
9888001	Anwesen der Arglist (Einzelspieler)
9888002	Keller des Anwesens (Einzelspieler)
9888003	Anwesen der Arglist (Einzelspieler)
9888004	Produktionsstätte für Hinkelsteine (Einzelspieler)
9889001	Zuflucht der Kultisten (Einzelspieler)
9889002	Kammer der Wunder (Einzelspieler)
9889003	Kammer der Unsterblichkeit (Einzelspieler)
9889004	Kammer des Hasses (Einzelspieler)
9900001	Ausgangsposition
9911001	Kelsaiks Froststurm (10 Spieler)
9911002	Kammer des Wächters (10 Spieler)
9911003	Kelsaiks Halle (10 Spieler)
9916001	Himmelskreuzer Sturmflotte (schwierig)
9916002	Südtor von Trellum Consurgo
9916003	Kontrollraum (schwierig)
9916004	Maschinenraum (schwierig)
9916005	Deck des Himmelskreuzers (schwierig)
9920000	Antaros-Abgrund (schwierig) - Ausgangspunkt
9920001	Antaros-Abgrund (schwierig) - Sperrgebiet
9920002	Antaros-Abgrund (schwierig) - Exekutionsplatz
9920003	Antaros-Abgrund (schwierig) - Raum der Prüfung
9920004	Umland von Velika
9920005	Umland von Velika
9935001	Energie-Forschungseinrichtung
9935002	Hangar-Belüftungseinrichtung
9935003	Magnetfeld-Forschungseinrichtung
9935004	Waren-Bearbeitungseinrichtung
9935005	Sperrzone: D
9935006	Sperrzone: E
9935007	Sperrzone: RK-9 Hangar
9939000	Eingang zum furchteinflößenden Revolutionärslager
9939001	Schmiede des furchteinflößenden Revolutionärslagers
9939002	Waffenkammer des furchteinflößenden Revolutionärslagers
9939003	Ruinen außerhalb des Dorfes
9939004	Infiltrationsroute
9950001	Zerstörter Zugang zum Himmelreich der Götter
9950002	Zerstörter Zugang zum Himmelreich der Götter - Mittleres Kampfgebiet
9950003	Zerstörter Zugang zum Himmelreich der Götter - Abgrund-Kampfgebiet
9970001	Zerstörter Platz
9970002	Zerstörte Festung
9970003	Lachelitas' Bereich
9970004	Eingang zur Lachelitas-Ruine
9975001	Kelsaiks Feuersturm (20 Spieler)
9975002	Kammer des Wächters (20 Spieler)
9975003	Kelsaiks Halle (20 Spieler)
9979001	Aufstieg von Saravash
9979002	Saravashs Versteck
9979003	Feldrenenwald
9979004	Drohungslager
9981001	Eingestürzter Tempelgarten
9981002	Eingestürztes Audienzzimmer
9981003	Eingestürzte Residenz
9981004	Eingestürzte Weite
9981005	Eingestürzter Umweg
9981006	Velika-Untergrundtor
9981007	Eingang zur Eingestürzten Zuflucht
9982000	Eingang zu Lians Untergrundhalle
9982001	Nedras Zuflucht
9982002	Hinrichtungsplatz
9982003	Verzerrter Raum
9982004	Eingang zum Verzerrten Raum
9983000	Eingang zur Tenebrisfestung (schwierig)
9983001	Hauptplatz
9983002	Hauptbibliothek
9983003	Festungsdach
9990001	Angriff!
9990002	Verteidigung!
9990003	Gefahr!
9990004	Vereinen!
9994001	Versteckter Höhleneingang
9994002	Düstermine
9994003	Syruks Forschungslabor
9999998	Für dieses Gebiet wird derzeit eine Karte entwickelt.
9999999	Die Karte für dieses Gebiet kann nicht angezeigt werden.
10230001	Arkarp-Brutstätte (Einzelspieler)
10230002	Arkarp-Brutstätte
30231000	Geheimzone der Berakfestung
30231001	Geheimlager der Berakfestung
30231002	Geheimlabor der Berakfestung
30232000	Föderationsbasis
96431504	Abkürzung
302700001	Eingang zur Wutarena
