1	Le Monde
2	Monde extérieur
101	Arun
102	Sud de Shara
103	Nord de Shara
104	Nord d'Arun
105	Exodor
106	Osnium Agaia
107	Battle Arena
110	Champ de bataille souterrain
111	Vallée du tonnerre
112	Gorge de Venteguerre
113	Cercle céleste des Champions (Ancien)
114	Base d'Acrada (Ancien)
115	Cercle céleste des Champions
116	Fort des Corsaires
117	Refuge de Kumas
118	Berceau des Kumas
152	Velika : Siècle du chaos guerrier
156	Course aux pièces d'or
162	Champ de bataille côtier
200	Île de l'Aube
201	Velika
202	Île de l'Aube
203	Arcadia
204	Poporia
205	Val Aureum
206	Ostgarath
207	Baldera
208	Étendues de Velika
209	TBD
210	Allemantheia
211	Val Elenium
212	Westonia
213	Essenia
214	Val Palrada
215	District de Veritas
216	TBD
217	TBD
218	Kaiator
219	Lorcada
220	Sylvanoth
221	Val Tirkai
222	Val Kaeli
223	District d'Helkan
224	TBD
225	TBD
226	Val d'Oriyn
227	Île Marchepierre
260	Champ de bataille
265	Territoire côtier
291	Champ de bataille Ouest
500	Passage de Melricas
505	Salle de banquet de Velika (difficile)
506	Salle de banquet de Velika
507	Sentier de Mystel
508	Monde intérieur
510	Quête annexe : Le cauchemar commence
612	Groupe de recherche d'Exodor
613	Cantonnement d'Exceptio de cristal
614	Conseiller civil de Valkyon
615	Unité spéciale d'Exodor
616	Riveran
620	Évènement de Lilli
622	Évènement de Lilli
628	Évènement de Lilli
833	Gorge du Wyrm
1001	Région des Ruines
1002	Balderon
1003	Camp ouest de Baldera
1004	Source d'Arun
1005	Camp central de Baldera
1006	Base shuriane
1007	Porte nord shuriane
1008	Refuge des cultistes
1009	Bois des âmes
1010	Base shuriane
1011	Jardin des renégats
1012	Carrefour de l'agonie
1023	Terrain de chasse pour compétences/évènements
1832	[Combattant immortel] Arène du courroux
2001	Forêt féérique
2002	Palissade du Bûcheron
2003	Étang des Fées
2004	Bois des Stigmates
2005	Domaine abandonné
2007	Chemin boisé
2008	Forêt Eldrun
2009	Bois de sombres racines
2010	Camp de la Vallée Faevine
2011	Croisement
2012	Départ du sentier du marécage
2013	Village de verdure
2015	Cabane de Maon
2016	Camp d'Aron
2017	Refuge des Esprits
2018	Forêt effritée
2050	Zone centrale
2105	Résidence des commandants (solo)
2106	Rêve paralytique de Rukmia (solo)
2500	Osnium Agaia
2501	Site de scellage
2502	Bois renégat
2503	Forteresse de Raqnan
2504	Salle des machines d'Exodor
2530	Camp d'entraînement pour héros
3001	Bois de l'Oubli
3002	Cimetière de Berzerad
3003	Piste sanglante
3004	Deva Silva
3005	Vallée de la Bête
3006	Camp de la Digue
3007	Poste de l'Avant-garde
3008	Sépulture du Chevalier ressuscité
3009	Caverne des Echos lugubres
3010	Vallée de la Bête
3011	Poste de l'Avant-garde
3012	Camp d'entraînement de gardiens
3017	Abîme d'Antaros (difficile, 7 personnes)
3018	Forteresse de Ténébris (difficile, 7 personnes)
3019	Hall souterrain de Lian (difficile, 7 personnes)
3020	Écaille dorée
3023	Zone secrète de la Forteresse de Berak
3024	Couveuse d'Arkarp
3025	Couveuse d'Arkarp
3026	Repaire de Kelsaik
3027	Arène du courroux
3028	[Entraînement] Hall souterrain de Lian (difficile)
3029	[Entraînement] Abîme d'Antaros (difficile)
3030	Résidence du légat
3031	Zone nucléique
3032	[Entraînement] Zone secrète de la Forteresse de Berak
3033	[Entraînement] Nid de Parquina (difficile)
3034	Hangar du RK-9 (difficile)
3036	Croiseur céleste (difficile)
3037	[Entraînement] Temple de Bahaar
3040	Rêve paralytique de Rukmia (Donjon des épreuves)
3041	Sommet de la Forteresse maudite de Ténébris
3042	Site d'exécution (donjon des épreuves)
3043	Sommet de la Forteresse de Ténébris
3044	Dernier étage de la Forteresse de Ténébris assaillie
3045	Dépôt de Dkurion
3046	Laboratoire de fusion (donjon des épreuves)
3047	Hall de Shandra Manaya (difficile)
3048	Camp d'entraînement secret
3049	Sanctuaire de Velik
3050	Jardin céleste perdu
3051	Île de l'aube radieuse
3052	Dépôt de Dkurion
3053	Autel de Velik
3054	Rêve de Velik
3055	Hall de Shandra Manaya (difficile, solo)
3056	Trône glacial (solo)
3101	Nid de Parquina (facile)
3102	Résidence des commandants
3103	Arène du courroux
3104	Rêve paralytique de Rukmia (facile)
3105	Laboratoire de fusion
3106	Site d'exécution
3107	Site de test de Desolarus
3108	Abîme d'Antaros maudit
3109	Trône glacial
3126	Repaire de Kelsaik (difficile)
3201	Nid de Parquina (difficile)
3202	Résidence des commandants (difficile)
3203	Arène du courroux
3204	Rêve paralytique de Rukmia (difficile)
3205	Laboratoire de fusion enchanté
3206	Site d'exécution sanglant
3209	Trône glacial du chaos
4001	Montagne Fyr
4002	Hautes terres sulfureuses
4003	Val embrasé
4004	Plaine en fusion
4005	Mâchoire de Bahaar
4006	Forge de la Fureur
4007	Avant-poste du Chaudron
4008	Base de feu de l'Intrépidité
4009	Base de feu de la Bravoure
4010	Mine de Delthin
4011	Mine de Tansin
4012	Entrée du Repaire d'Akasha
4013	Dents des chaînes de montagnes
4014	Entrée du temple de Baharr
5001	Marais Tuwangi
5002	Garnison Tuwangi
5003	Vallée de Babok
5004	Marécages
5005	Hameau Tuwangi
5006	Bassin de Grandereinette
5008	Val moussu
5009	Autel de la Grenouille embrasée
5010	Étang de conjuration sacré
5011	Camp tuwangi
6001	Vallée des Titans
6002	Zone de paix
6003	Mags Strix
6004	Terres du Silence
6005	Colchester
6006	Mags Kulkar
6007	Village fouaille-tripes
6008	Route sauvage
6009	Sanctuaire de Valselok
6010	Autel de l'Angoisse
6011	Ferme des Deux Chênes
6012	Ferme de l'Echo
6013	Camp des Défenseurs
6017	Porte de Crescentia
6464	Ville proche
6465	Se rendre au Château céleste
6466	Château céleste
6467	Place supérieure de Velika
6468	Symposium des Anciens à Allemantheia
7001	Collines célestes
7002	Plaines d'Omphalos
7003	Ruines de Muricai
7004	Лаборатория Мистериума
7005	Poste de Casidhe
7006	Vestiges de Cardovek
7007	Ferme de Godric
7008	Bivouac orkan
7009	Pierre consacrée
7010	Croisée de la Pythie
7777	Zone de mission de gardien
8001	Cavernes affamées
8002	Chambres des Cavernes affamées
8003	Catacombes des Cavernes affamées
8004	Profondeurs des Cavernes affamées
8005	Avant-poste du Vengeur
8006	Caverne des Entraves
8007	Caverne de la Faim
8008	Caverne du Massacre
8009	Caverne de la Douleur
8010	Caverne des Larmes
8011	Entrée des Cavernes affamées
8012	Poste alpha de l'avant-garde
8013	Poste bêta de l'avant-garde
8014	Entrée du Labyrinthe d'or
8888	Champ de bataille de TERA
9001	Vallée de l'Ascension
9002	Labyrinthe d'Azarel
9003	Profondeurs du Labyrinthe d'Azarel
9004	Galerie du Chaos
9005	Galerie de la Luxure
9006	Galerie de l'Imposture
9008	Base avancée détruite
9009	Galerie du Destin
9010	Forêt du Bastion
9011	Avant-poste des Chasseurs de Reliques
9012	Marais Vexatus
9013	Entrée de l'Ascension de Saravash
9034	Pic de l'effroi (difficile)
9044	Temple de Baharr
9054	Entrée de l'Ascension bathyssale
9056	Espace-temps de Valona (difficile)
9057	Fournaise d'Archeron (difficile)
9059	L'Île délaissée
9060	Cuirassé de Kalivan (difficile)
9066	Roulette de Demoroth
9067	Laboratoire de Verno (difficile)
9068	Temple sanglant de Dkurion (difficile)
9069	Forteresse de Raqnan
9070	Plateau trompeur
9503	Résidence des commandants
9505	Salle de banquet de Velika (difficile)
9506	Salle de banquet de Velika
9507	Salle inconnue
9508	Monde intérieur
9509	Salle de banquet paisible de Velika
9618	Arène d'évènement (Velika)
9681	Rêve de Velik
9710	Prison de Lakan (difficile)
9720	Abîme d'Antaros
9735	Hangar du RK-9
9739	Camp des révolutionnaires
9756	Espace-temps de Valona
9759	L'Île délaissée (difficile)
9760	Cuirassé de Kalivan
9767	Laboratoire de Verno
9768	Temple sanglant de Dkurion
9769	Forteresse de Lilitas (facile)
9770	Ruines de Lachelitas (facile)
9780	Porte souterraine de Velika
9781	Sanctuaire de Velik
9782	Hall souterrain de Lian
9783	Forteresse de Ténébris
9794	Station de recherche de Syruk
9810	Entrée de la Prison de Lakan
9830	Trône céleste
9833	Gorge du Wyrm
9860	Cuirassé de Kalivan (facile)
9920	Abîme d'Antaros (difficile)
9935	Hangar du RK-9 (difficile)
9939	Camp des révolutionnaires terrifiant
9950	Passage détruit du royaume des dieux
9969	Forteresse de Lilitas (difficile)
9970	Ruines de Lachelitas (difficile)
9980	Porte souterraine effondrée de Velika
9981	Sanctuaire effondré
9982	Hall souterrain de Lian (difficile)
9983	Forteresse de Ténébris (difficile)
9994	Station de recherche de Syruk (difficile)
9998	Salle de test des combats
9999	Zone instanciée de TERA
10001	Île Serpentis
10002	Rivage du Boa
10003	Plage de la Tortue dragon
10004	Ile Kerozen
10005	Jungle Adderkin
10006	Tombe de Dagon
10007	La Tête de pont
10008	Poste de guet côtier
10009	Camp de la Vipère
10010	Taverne à l'Ouest de la Plage
10011	Potager à pastèques de Wahmel
10012	Batterie de canons pulvérisants de Chelton
10013	Batterie de canons pulvérisants de Zaith
10014	Atelier de Corne de Dolme
10015	Taverne au Sud de la Plage
10016	Soirée plage
10017	Tour de Nakatam
10018	Repaire de Gruber
11001	Côte déchiquetée
11002	Route de la jungle
11003	Camp des patrouilleurs de la jungle
11004	Parcelles englouties
11005	Grotte des pirates
11006	Limite de la Jetée
11007	Ancrage sombre
11008	Cabine du capitaine des pirates
11009	Bastion de l'avant-garde
11010	Enclos de chèvres
11011	Perchoir du maître
11012	Perchoir des pirates
11013	Camp de subjugation
11014	Les planches
11015	Avant-poste marin
11016	Le Bastion
11017	Repositorium
11018	Zone de pêche
12001	Ile des brumes
12002	Plage des gorges tranchées
12003	Prisons de la pluie
12004	Forêt des brumes
12005	Côte abandonnée
12006	Côte sinistre
12007	Route ténébreuse
12008	Plage des bancs de sable
12009	Entrée du {@Rgn:9024001}
12012	Camp de base des Défenseurs
12013	Avant-poste des Défenseurs
13001	Île de l'aube
13002	Plateforme du pégase
13003	Ruines mystérieuses
13004	Vallée maudite
13005	Point de contrôle nord
13006	Autel du Dieu démoniaque
13007	Aiguille mathar
13008	Bivouac orkan
13009	Pont de la Vallée maudite
13010	Poste de guet est
13011	Repaire de Karascha
13012	Temple mystérieux
13013	Piste d'atterrissage de l'aéronef
13014	Pont de la Vallée maudite
13015	Campement abandonné
13016	Pont de l'aube
13017	Campement de Dulari
13018	Poste de guet du Nord
13019	Île de l'Aube Ouest
13020	Point de contrôle Sud
13021	Île de l'Aube Est
13022	Garnison de la Vallée maudite
13023	Île de l'Aube Sud
13024	Autel de Yurian
13025	Roche teintée
13026	Vallée maudite Nord
13027	Avant-poste de la Vallée maudite
13028	Hauteurs d'Arun
13029	Gueule de la Vallée maudite
13030	Bois intemporels
13031	Dock nord
13032	Poste de guet du Nord
13033	Poste de guet central
13034	Poste de guet sud
13035	Place du temple sinistrée
14001	Noobaria
15001	Falaises de la Folie
15002	Terre de la Furie
15003	Butte aux Hurlements
15004	Ferme du Sud
15005	Ordnarath
15006	Camp de la Vigilance
15007	Camp de la Vengeance
15008	Pierre magique rageuse
15009	Camp de la Rédemption
15201	Embarcadère
15202	Porte est
15203	Porte ouest
15204	Ruine
15205	Montagnes de Gidd
15206	Ferme
15601	Mine
15602	Bastion
15603	Ferme
15604	Marché
15605	Port
16001	Val du Croc
16002	Plaine biscornue
16003	Champs abandonnés
16006	Manoir sinistre
16007	Dernier espoir d'Alethea
16008	Site de recherche de Runicar
16009	Chemin de primevères
16010	Entrée de service du Manoir sinistre
17001	Ravin de Paraanon
17002	Plaines de Paraanon
17003	Paradis des Fanatiques
17004	Autel de la foi
17006	Avant-poste assiégé
17007	Avant-poste lugubre
18001	Ruines colossales
18002	Mags Kuchanaru
18003	Mags Kurata
18004	Temple de Tithus
18005	Place du Tout-puissant
18006	Arène des Inspirés
18007	Camp de Marrakeen
18008	Sietch Bidaum
19001	Terres libres
19002	Champs lugubres
19003	Ferme de Digory
19004	Ferme de Lein
19005	Veillée de Velik
19006	Champ de l'Esclavage
19007	Hameau en ruines
19008	Site de la fin de Lee
19009	La fin de Lee
19010	Ferme laitière de Filton
19011	Campement de la confrérie libre
19012	Champ de foire du festival des Campagnes en fête
19013	Bamarama
19014	Ferme de Lein
19015	Parc public
19016	Enclos à cochons
19017	Ferme ovine
19018	Etang céleste
19019	Chaudron du champ de foire
19020	Poêle à frire et four du champ de foire
19021	Brasero du champ de foire
19022	Buffet de salade du champ de foire
19023	Environnement de Bamarama
19101	Arx Umbra
19102	Approche d'Inferus
19103	Avant-poste de Domare
19104	Val du gel
19105	Zone de combat
19106	Avant-poste parthe alpha
19107	Avant-poste parthe beta
19108	Front Delvias
19109	Forteresse de Raqnan
19110	Falaises de Mingor
19111	Falaises de Mingor
19112	Avant-poste de la tempête
19113	Entrée de la Forteresse de Raqnan
19114	Plateforme de téléportation de la zone de combat : Front Delvias
19115	Plateforme de téléportation de la zone de combat : Entrée de la Forteresse de Raqnan
19116	Plateforme de téléportation de la Forteresse de Raqnan : porte sud
19117	Plate-forme de téléportation ouest
19118	Plate-forme de téléportation nord
19119	1er niveau de la Forteresse de Raqnan
19120	Plate-forme de l'aéronef
19121	Noyau de la forteresse
19122	Avant-poste parthe
19123	Cour intérieure
19124	Porte sud
20001	Mines ténébreuses
20002	Halls de la Mélancolie
20003	Halls des Ombres
20004	Halls des Ténèbres
20005	La Fosse
20006	Guet du contremaître
20007	Station du reliquaire
20008	Avant-poste des Ténèbres
21001	Roc du Basilic
21002	Oasis Ubari
21003	Vallée désolée
21004	Étendues de sable
21005	Piste de la Vieille mine
21006	Vallée des Hurlements
21007	Vallée des Tombes
21008	Poste de guet du désert
21009	Avant-poste des Terres arides
21010	Station de recherche du désert
21011	Restes de piliers de pierre
21012	Mags Tohopka
22001	Académie Eldritch
22002	Académie Eldritch
22003	Halls de la Connaissance
22004	Halls du Pouvoir
22005	Laboratoires maléfiques
22006	Catacombes de la reine des sorcières
22007	Parc de Serena
22008	Bastion eldritch
22009	Fortin des Professeurs
22010	Athenaeum
22011	Galerie
22012	Bibliothèque occulte
22013	Bibliothèque scientifique
22014	Chambre du Thaumaturge
22015	Grand Hall
22016	Sanctuaire des Arcanes
22017	Laboratoire chirurgical
22018	Hall de Vadoma
23001	Lac des Larmes
23002	Plateforme du pégase de Pora Elinu
23004	Bosquet d'Elin
23005	Forêt bénie
23006	Camp de la Serre de sang
23007	Chemin du Bouffon fou
23008	Camp de la Fédération Valkyon
23009	Camp d'urgence
23010	Avant-poste de l'Esprit
23011	Cabane de l'Exil
23012	Camp d'éclaireurs kobolds
24001	Route d'Aurum
24002	Désert de Rapine
24003	Route d'Aurum nord
24004	Route d'Aurum sud
24005	Village du Vent de sable
24006	Fortin de Lok
24007	Ruines de Storst
24008	Poste d'Observation Ouest
24009	Refuge de Marchesable
24010	Avant-poste du Torrent
24011	La Ville Dévastée
24012	Campement des Croisés
24013	Fortin de la Cathédrale
24014	Rivière souterraine
25001	Passage de la cathédrale
25002	Cathédrale sombre
25003	Transepts
25004	Fortin des Défenseurs
25005	Caveau des grimoires
25006	Autel de la Perle sanglante
25007	Cathédrale sombre
25008	Grande chapelle
25009	Stade de la Renaissance
25010	Salle capitulaire
25011	Stade du sacrifice
25012	Le Portail
25013	Salle de la Dévotion
26001	Bassin béni
26002	Piste du Cerf blanc
26003	Repos de Celestus
26004	Forêt éthérée
26005	Fontaine de Shara
26006	Camp du Carrefour
26007	Locus des Scrutateurs
27001	Crête essénianne
27002	Refuge de Shakazen
27003	Vallée de la Sérénité
27004	Forteresse sanglante
27005	Collines du Silence
27006	Castra Mysterium
27007	Station de la Libération
27008	Ferme du Refuge
27009	Poste de défense 1
27010	Poste de défense 2
27011	Poste de défense 3
27012	Poste de défense 4
27016	Place des papillons
28001	Bois malade
28002	Talion de Shakan
28003	Sentier Herath
28004	Vallée sinueuse
28009	Camp de Zakai
28010	Avant-poste de Garbi
29001	Bois intemporels
29002	Bois des Murmures
29003	Cœur de bois
29004	Forêt de l'arbre étoilé
29005	Pointe du Randonneur
29006	Avant-poste de Dorana
30001	Refuge de Balder
30002	Haute Vallée
30003	Hall de Seren
30004	Hall de la forêt
30005	Jardin de Seren
30006	Clairière Vivefeuille
30007	Pavillon de Balder
30008	Niveau inférieur des archives
30009	Ruines du temple
30010	Camp de l'Ensoleillement
30011	Camp de la Clairvoyance
30012	Camp de la Curiosité
30013	Rez-de-chaussée des archives
30014	Lac de Seren
30015	Forteresse des Archives
30016	Camp de la Forteresse
30017	Lance de Lok
30018	Perchoir d'Arkai
30019	Entrée du Temple de Balder
30020	Entrée du Phare du Soleil
30021	Arbre de la Sagesse
30022	Emplacement pour la pierre magique
30561	Entrée du Trône glacial
31000	Prison de Lakan
31001	Plaine des Tempêtes
31002	Étendues de glace
31003	Plaines de la Mort givrée
31004	Lac de Glacecroc
31005	Crique de Glacecroc
31006	Le Maelstrom
31007	Baie glaciale
31008	Station de recherche de la baie glaciale
31009	Garnison de la Pointe du Phare
31010	Epave du Batia
31091	Entrée du Trône glacial
32001	Mont Tyrannas
32002	Passage de l'Intimidation
32003	Campement des Loups de Frimas
32004	Toundra sombre
32005	Campement des Mercenaires Lamesang
32006	Veillée insensible
32007	Poste de guet du tyran
32008	Fortin des Irréductibles
32009	Palissade audacieuse
32010	Ossuaire d'Acarum
32091	Entrée du Trône glacial
33001	Citadelle du Tourment
33002	Chemin du Tourment
33003	Route de ravitaillement est
33004	Antichambres
33005	Hall des Demoiselles
33006	Hall des Maîtres
33007	Quartiers des Bouffons
33008	Plaine du Vertige
33009	Galerie de l'Angoisse
33010	Catacombes hurlantes
33011	Catacombe de la Tourmente
33012	Prison de Distorsion
33013	Profondeurs sanglantes
33014	Poste de sentinelle du Triste repaire
33015	Refuge des Espions
33016	Cachette sanguine
33017	Voie délitée
33018	Profondeurs sanglantes
34001	Plaine gelée
34002	Sentier des glaces
34003	Glacier hurlant
34004	Champ enneigé hurlant
34005	Site de pêche du Lac de Celsian
34006	Autel d'Azurice
34007	Base de Glace du Rôdeur
34008	Camp des Voyageurs
34009	Base junaidar
34010	Entrée du Trône glacial
35001	Gorge du Wyrm
35002	Sanctuaire de Zaeltarazad
35003	Vallée de la Mort
35004	Mines de Croskurn
35005	Approche de Croskurn
35006	Crête déchiquetée
35007	Avant-poste de l'Epine ardente
36001	Tor Exsul
36002	Vallon ardent
36003	Repaire des Hors-la-loi
36004	Oasis des Arbres à pluie
36005	Vallée du Sang
36006	Point de Contrôle d'Ébène
36007	Avant-poste du Feu de Mana
36008	Guet du Coureur
36009	Portail du Sceau d'Adstringo
37001	Crypte de l'abandon
37002	Crypte de l'égarement
37003	Crypte des maudits
37004	Station de recherche de la Phalange
37005	Site de recherche de Corpus
37006	Fortin rebelle
37007	Site de recherche de Saleron
37008	Pont de la Douleur
37009	Travée d'Ébène
37010	Zone d'incursion
37011	Crypte maudite
38001	Gorges de Sienna
38002	Entrée de l'Arène du courroux
38004	Ravin de Feldrin
38005	Champ de feu
38006	Repaire du Tonnerre
38007	Quartier de la falaise aux perchoirs
38008	Avant-poste du Cratère
38009	Guet de la Vouivre
38010	Accès à la Crypte maudite
38011	Coulée de Pointequeue
38012	Station de quarantaine
39001	Arachnaea
39002	Réseau arachnéen
39003	La tanière
39004	Avant-poste du Voyou
39005	Pointe de la Vengeance
39006	La Couveuse
39007	Sanctuaire
39008	Vigie défiante
39009	Autel de la Résurrection
39010	Pointe de la vengeance
39011	Tombes aux cocons
40001	Zone de quarantaine
40002	Village en quarantaine
40003	Village en ruines
40004	Mines perdues
40005	Vallée maculée
40008	Avant-poste de la Quarantaine
40009	Zone de Quarantaine du Centre de recherche
40010	Cavernes d'Arachnaea
40011	Fléau d'Arachné
41001	Vallée sauvage
41002	Pointe de l'Emissaire
41003	Station de la Vallée sauvage
41004	Vallée sauvage nord
41005	Avant-poste d'Experior
41006	Arène sanglante
41007	Vallée sauvage sud
41008	Paxomnia
42001	Temple de Dagon
42002	Couloirs de la corruption
42003	Profondeurs de la corruption
42004	Chambre de l'Avarice
42005	Chambre de la Malveillance
42006	Chambre des Ames perdues
42007	Salle capitulaire du Temple
42008	Le Sanctum
42009	Chambre de l'Exaltation
42010	Chambre de l'Illumination
42011	Atrium d'Ecdysi
42012	Camp du Venin
42013	Transepts spiriformes
42014	Chambre des Ames éminentes
43001	Cathuulrach
44001	Abords de Gueule d'ébène
44002	Gueule d'ébène
44003	Gueule d'ébène - deuxième étage
44004	Gueule d'ébène - troisième étage
44005	Gueule d'ébène - quatrième étage
45001	Forteresse de la Servitude
45002	Abords de la Tour
45003	Val du Faucheur
45004	Pointe du Guet
45005	Champs célestes
45006	Base de la Riposte
45007	Base de la Résistance
45008	Base de la Vaillance
45009	Camp de la Folie
45010	Poste d'observation de Bravoure
45011	Camp du Guet du marais
45012	Entrée de la forteresse argone effondrée
45013	Poste de Khanovar
46001	Trois Tours
46002	Raga Evala
46003	Raga Shadi
46004	Raga Kabash
46005	Profondeurs des Trois Tours
46006	Profondeurs de Raga Shadi
46007	Profondeurs de Raga Evala
46008	Profondeurs de Raga Kabash
46009	Aiguilles des Trois Tours
46010	Aiguille de Raga Evala
46011	Aiguille de Raga Shadi
46012	Aiguille de Raga Kabash
46013	Exetron
46014	Site de recherche des Trois Tours
46015	Chambre Cœur-sort
46016	Chambre de la Couronne de l'Esprit
46017	Chambre de la Lueur d'ombre
46018	Aiguilles des Trois Tours
46019	Chambre Grondebête
46020	Chambre Brilleracine
46021	Chambre Discœur
46022	Chambre Métagraine
46023	Chambre tord-sang
46024	Chambre déferlâme
46025	Bureau de transmission de Raga
47001	Forêt de Tirkai
47002	Forêt de la gelée blanche
47003	Tête de pont
47004	Hurlefléau
47005	Frontière argone
47006	Base de la Folie
47007	Station de recherche de la Destruction
47008	Guet de l'Est
47009	Camp temporaire de la patrouille
47010	Treillis de puissance argon
47011	Zone d'émission des spores
47012	Emetteur du bouclier argon
47013	Ancien camp d'éclaireurs
47014	Epave argone
47015	Champ de champignons pétrifiés
47017	Étang du Fléau
48001	Front de Khanovar
48002	Citadelle de Khanovar
48003	Caverne du Péril
48004	Fonderie de Cyanocanon
48005	Forteresse de Valgurati
48006	Vallée du Carnage
48007	Rempart argon
48008	Cratère de Magthulk
48009	Convertisseur de cyasma
48010	Caverne des Catacombes
49001	Argonea
49002	Extracteur de mana Ilithieri
49003	Machine d'Agnurok
49004	Portail melgatol
49005	Arbre casian
49090	Plateforme de téléportation sud
49091	Plateforme de téléportation nord
49092	Plateforme de téléportation est
50001	Granarkus
50002	Avant-poste du Linceul
50003	Grotte d'Helkir
50004	Nid kargon
50005	Extracteur noyul
50006	Complexe sorgalur
50007	Stalactite kargon
50008	Cavernes de Viridia
50009	Entrée du Repaire de la Reine
50090	Plateforme de téléportation de Granarkus
51001	Vallée des Aiguilles
51002	Tour d'Ebène
51003	Hurlement du Wendigo
51004	Raseri Festning
51005	Crique de Glacecroc
51006	Base de Glace du Défi
52001	Plaine des Damnés
52002	Champ de neige brûlant
52003	Crypte de neige et de cendre
52004	Bûcher du Traître
52005	Fournaise divine
52006	Base de feu de l'Audace
52007	Guet de la Tombe des Exilés
52008	Approche de la Fournaise
52009	Centre de commande central
52010	Pont de la peine
52011	Loge perdue
52012	Entrée de l'Atelier de Muhrak
53001	Labyrinthe de la Terreur
53002	Hall de Shriekaal
53003	Hall de Tragieron
53004	Hall d'Agonal
53006	Hall des Cauchemars
53007	Hall des Hurlements
53008	Hall de Kriegar
53009	Hall d'Anarxis
54001	Taillis de Morteseaux
54002	Bois de Bruitsourd
54003	Le Belvédère
54004	Vallée Faevine
54005	Valfée
54006	Poste d'observation de la Grande porte
54007	Campement verdoyant
54008	Avant-poste d'Arcanum
55001	Bois obscur
55002	Vallée de la Solitude
55003	Jardin des Ombres menaçantes
55004	Place des Déchus
55005	Les Feuilles célestes
55006	Garnison du Bois obscur
55007	Pointe Ceravin
55008	Guérite d'Araste
55009	Place des Déchus
55010	Bâton d'Isren
55011	Avant-poste de Valumnir
55012	Val obscur
56001	Bois Sussurus
56002	Croisement Dakonan
56003	Sorguebois
56004	Autel du Corbeau
56005	Poste de guet Dakonan
56006	Camp de la Source noire
56007	Camp Umbra
57001	Amena Quatla
57002	Cour d'Amena Quatla
57003	La Barbacane
57004	La Couveuse
57005	Camp du Marteau pourpre
57006	Camp du Pont brisé
57007	Avant-poste Epervier
57008	Temple de Sikander
57009	Autel de Résurrection
58001	Balderon
59001	Crescentia
59002	Place de Crescentia
59003	Plateforme du pégase de Crescentia
60001	Boquillon
60002	Place de Boquillon
60003	Jardin de Boquillon
60004	Plateforme du pégase de Boquillon
61001	Castanica
61002	Rue des Plaisirs
61003	Souk
61004	Place du Souvenir
61005	Place des maîtres
61006	Place du Désir
61007	Rue des Plaisirs
61008	Rue du Crépuscule
61009	Rue de la Méfiance
62001	Port Coupe-gorge
62002	Plateforme du pégase du Port Coupe-gorge
62003	Commandement de la sentinelle 
63001	Velika
63002	Bureau de contrôle des voyages de Velika
63003	Atelier de création
63004	Porte nord du marché
63005	Porte Nord de Velika
63006	Académie de magie
63007	Pas de Velik
63008	Place de la Liberté
63009	Quartier général de la Fédération Valkyon
63010	Place de la Chasseresse
63011	Noviciat guerrier
63012	Bureau de l'Exarque de Velika
63013	Porte Ouest de Velika
63014	Commandement stratégique
63015	Allée Notus
63016	Allée Boreas
63017	Consulat de Velika
63023	Environs de Velika
63024	Place circulaire
63025	Téléportail de ville
63026	Plate-forme d'aéronef
63027	Entrée de l'arène d'évènement (Velika)
63028	Arène d'évènement (Velika)
64001	Base de la Tour
64002	Poste de commande de l'explorateur
64003	Avant-poste de Lian
64004	Base de la Tour
64005	Camp principal de l'expédition
64006	Poste de guet est
64007	Quartier des Chercheurs
64008	Temple mystérieux
64009	Pilier des Merveilles
65001	Chebika
65002	Plateforme du pégase de Chebika
66001	Tulufan
66002	Plateforme du pégase de Tulufan
67001	Popolion
67002	Plateforme du pégase de Popolion
68001	Pora Elinu
69001	Tralion
69002	Plateforme du pégase de Tralion
70001	Tria
70002	Plateforme du pégase de Tria
70003	Place de Tria
70004	Résidence du Magistrat de Tria
70101	Festival du Soleil (Arbre de la Sagesse)
70102	Beach Party (Plage de la Tortue dragon)
70103	Campagnes en fête (champ de foire)
70104	Fête de l'étang (Garnison Tuwangi)
71001	Bastion
71002	Plateforme du pégase du bastion
72001	Allemantheia
72002	Environs d'Allemantheia
72003	Allemantheia occidentale
72004	Pilier des âges
72005	Académie de magie
72006	Symposium des Anciens
72007	Agora
72008	Atelier de création
72009	Noviciat guerrier
72010	Commandement stratégique
72011	Commandement de Shara
72012	Portes d'Honneur
72013	Consulat d'Allemantheia
72099	Quartier général d'Allemantheia
72100	Via Westonia
72101	Via Essenia
72102	Via Palrada
72103	Plateforme du pégase d'Allemantheia
72112	Symposium des Anciens
72113	Mysterium
72114	Laboratoire du Domaine unifié
73001	Acarum
73002	Plateforme du pégase d'Acarum
74001	Elenea
74002	Plateforme du pégase d'Elenea
75001	Frontera
75002	Plateforme du pégase de Frontera
75003	Entrée de la Gorge de Kezzel
76001	Kanstria
76002	Plateforme de vol de {@Rgn:76001}
76090	Pierre ailée de Kanstria
76901	Entrée des Ruines de Lachelitas (facile)
77001	Avant-poste du Pionnier
77002	Plateforme de vol de l'Avant-poste du Pionnier
78001	Forteresse de Zulfikar
78002	Plateforme de vol de la {@Rgn:78001}
79001	Habere
79002	Plateforme de vol d'Habere
80001	Chute du Dragon
80002	Plateforme de vol de la Chute du Dragon
81001	Scythera Fae
81002	Plateforme de vol de Scythera Fae
83001	Rocher de la Désolation
83002	Plateforme du pégase du Rocher de la Désolation
84001	Kaiator
84002	Environs de Kaiator
84003	Porte ouest de Kaiator
84004	Pont du Bouclier de Kaia
84005	Pont d'Anicetus
84006	Pont de la Victoire
84007	Place du Triomphe
84008	Chambre de la Vaillance
84009	Atelier de création
84010	Grand-rue
84011	Agora
84012	Emporium
84013	Plateforme de vol de Kaiator
84014	Cœur de la Forge
84015	Entrée du Fortin
84016	Académie de magie
84017	Quartier général de Kaiator
84018	Noviciat guerrier
84019	Emporium
84020	Entrée nord de Kaiator
84021	Porte ouest de Kaiator
84022	Porte nord de Kaiator
84023	Porte sud de Kaiator
84024	Consulat de Kaiator
84025	Rue nord de la Place du Triomphe
84026	Hall de Transport
84027	Kaiator
84101	Camp Kapina
85001	Refuge de Davarn
86001	Allemantheia orientale
87001	Espoir en cendres
87002	Campement du Deuil du pays
87003	Bois perdus
87004	Repaire Orkan
87005	Elinu en ruines
87006	Camp Verselarme
90000	1–11
90001	10–25
90002	23–36
90003	27–38
90004	30–51
90005	38–43
90006	40–45
90007	44–46
90008	50–59
90009	53–58
90010	56–60
90011	De 33 à 57
90012	64 et 65
90013	63 et 64
90014	59–60
90015	60-65
90016	70
90017	71
97201	Entrée de l'Abîme d'Antaros
99000	Tiarania<br>De 1 à 11
99001	Forêt féérique<br>De 10 à 15
99002	Bois de l'oubli<br>De 11 à 20
99003	Vallée des titans<br>De 16 à 20
99004	Marais tuwangi<br>De 19 à 23
99005	Collines célestes<br>De 21 à 25 (66)
99006	Falaises de la folie<br>De 23 à 25
99007	Val du croc<br>De 24 à 29
99008	Ravin de Paraanon<br>De 24 à 29
99009	Roc du basilic<br>De 27 à 30
99010	Terres libres<br>De 28 à 31
99011	Île des brumes<br>De 30 à 33
99012	<br>De 31 à 32
99013	Côte déchiquetée<br>De 32 à 33
99014	Lac des larmes<br>De 33 à 36
99015	Ruines colossales<br>De 35 à 38
99016	Route d'Aurum<br>De 35 à 38
99017	Bois malade<br>De 38 à 41
99018	Bassin béni<br>De 38 à 41
99019	Bois intemporels<br>De 38 à 42 (65)
99020	Crête essénianne<br>De 38 à 43 (66)
99021	Mont Tyrannas<br>De 40 à 45
99022	Plaine des Tempêtes<br>De 41 à 43
99023	Plaine gelée<br>De 41 à 45
99024	Zone de quarantaine<br>De 44 à 46
99025	Vallée sauvage<br>De 45 à 46
99026	De 47 à 51<br><br>Vallée de l'ascension<br><br>De 31 à 32
99027	Île Serpentis<br>De 47 à 51
99028	Montagne Fyr<br>De 47 à 51
99029	Bois obscur<br>De 50 à 53
99030	Bois Sussurus<br>De 50 à 53
99031	Amena Quatla<br>De 50 à 54
99032	Gorges de Sienna<br>De 53 à 56 (67)
99033	Tor Exsul<br>De 53 à 57
99034	Gorge du Wyrm<br>De 53 à 58
99035	Taillis de Morteseaux<br>De 56 à 59
99036	Vallée des aiguilles<br>De 56 à 59
99037	Plaine des damnés<br>De 56 à 60
99038	Forteresse de la servitude<br>De 45 à 48 (58)
99039	Forêt de Tirkai<br>De 33 à 36
99040	Granarkus<br>64 et 65
99041	Argonea<br>64
99042	Front de Khanovar<br>63 et 64
99043	Refuge de Balder<br>59 et 60
99044	Plaine barbare<br>De 60 à 61
99045	Vallée printanière<br>De 61 à 62
99046	Ex Prima<br>62 et 63 (67)
99047	Arx Umbra<br>De 63 à 65
99048	Île de l'aube<br> 70
99049	Domaine de Rogash<br>70
99050	Plantation d'Exodor<br>71
99051	Marécage de Viridian<br>72
99052	Forteresse de Berak<br>73
99053	Zone centrale<br>73
99054	Région nord<br>73
99055	Région sud<br>73
99100	Baldera<br>71
99999	Inexploré
102001	Champ de Neige d'Hivera
103001	Champ de neige d'Hivera
103002	Champ de neige d'Hivera
111001	Vallée du tonnerre
111002	Forteresse de l'Aile bleue
111003	Forteresse du Pavillon rouge
111004	Champ de bataille du Lac d'acier
111005	Base avancée de l'Aile bleue
111006	Camp d'éclaireurs du Pic boisé
111007	Base avancée du Pavillon rouge
111008	Camp d'éclaireurs du Val ancien
112001	Gorge de Venteguerre
112002	Base équipe B
112003	Base équipe A
112004	Bûcher central (1)
112005	Bûcher sud (2)
112006	Bûcher nord (3)
113001	Cercle céleste des Champions
113002	Base équipe A
113003	Base équipe B
113004	Sanctuaire d'entraînement
114001	Base d'Acrada
115001	Cercle céleste des Champions
115002	Base équipe A
115003	Base équipe B
115004	Sanctuaire d'entraînement
116001	Fort des Corsaires
116002	Bastion des Attaquants
116003	Citadelle des Défenseurs
116004	Bûcher central (1)
116005	Bûcher nord (3)
116006	Bûcher sud (2)
116007	Porte extérieure gauche
116008	Porte extérieure droite
116009	Échelle gauche
116010	Échelle droite
117001	Refuge de Kumas
117002	Parc à bébé
117003	Aire de jeu
117004	Embarcadère
117005	Sanctuaire de la restauration
118001	Champ de bataille souterrain
118002	Territoire côtier
119001	Primatodrome
139001	Champ de bataille souterrain
152001	Nid d'Anansha
152002	Nid de Frygaras
152003	Nid de Sabranak
172001	Plaine barbare
172011	Ascension sinistre
172012	Plateau Boscan
172013	Mjusu Kraal
172014	Bassins de Zurusuru
172015	Collines Yaldaru
172016	Etang de la jungle
172017	Avant-poste khirien
172019	Caverne de Mendara
172020	Grotte de l'oracle
172021	Bassins de Zurusuru
172022	Lac placide
172023	Collines Yaldaru
172024	Vallon Uchawi
172100	Velika
172101	Plaine barbare
172111	Sanctuaire khirien
172112	Plate-forme de téléportation des Collines Yaldaru
172113	Plate-forme de téléportation de Mjusu Kraal
172114	Plate-forme de téléportation du Sanctuaire khirien
172115	Plate-forme de téléportation de l'Avant-poste khirien
181001	Ex Prima
181002	Ruines de Pierrefuge
181003	Ravin languissant
181004	Arche du Scrutateur
181005	Précipice du Feu verdoyant
181006	Station Queldar
181007	Camp temporaire archidevan
181008	Cave effondrée
181009	Guet hulrain
181010	Canyon du butin
181011	Entrée de l'Energia Celo
181012	Bord de la rivière
181013	Poste Baaldaz
181014	Porte sud de Hautegarde
181015	Plateforme de téléportation du Ravin languissant : Aiguille en fusion
181016	Plateforme de téléportation du Ravin languissant : Carrière de Dirana
181017	Plateforme de téléportation du Précipice du feu verdoyant : Camp temporaire archidevan
181018	Plate-forme de téléportation des Ruines de Pierrefuge
181019	Ruines de Shalek
181020	Carrière de Dirana
181021	Aiguille en fusion
181041	Plate-forme de téléportation de la Station Queldar
181042	Plate-forme de téléportation du Poste Baaldaz
181043	Plate-forme de téléportation du Guet hulrain
182001	Vallée printanière
182002	Poste de commerce Amadjuak
182003	Traversée des nerines
182004	Sources chaudes d'Hina
182005	Guet parthe
182006	Laboratoire d'ombre de sang
182007	Terrain d'entraînement demokron
182008	Point de scrutation
182009	Guet des Scrutateurs
182010	Vue printanière
182011	Eleutheros
182012	Chutes de la quiétude
182013	Tanière noire d'encre
182014	Grotte d'entrepôt
182015	Arête de Kazan
182016	Entrée de l'Armurerie Sabex
182017	Collines d'émeraude
182018	Entrée de l'Armurerie Sabex
182019	Base avancée de Valkyon
182030	Plate-forme de téléportation du poste de commerce d'Amadjuak
182031	Troupe d'assaut d'Exodor
182100	Plate-forme de téléportation des sources de l'ouest
182101	Plate-forme de téléportation des sources de l'est
182102	Plate-forme de téléportation des Marches divines
182103	Plate-forme de téléportation des Collines d'émeraude
182200	Sources chaudes d'Hina
182300	Sources chaudes d'Hina
182400	Arête de Kazan
182500	Collines d'émeraude
183001	Environs de Hautegarde
183002	Hautegarde
183003	Sanctuaire d'illumination
183004	Sentier de la Méditation
183005	Caveau de Veritas
183006	Hall des armes
183007	Hall de l'accord
183008	Commandement d'Erudar
183009	Cour des illuminés
183010	Agora
183011	Halle des artisans
183012	Vigile d'Oriyn
183013	Hall de l'accord
183014	Téléportail
183015	Entrée du Temple sanglant de Dkurion
191001	Trellum Consurgo
200001	Responsable des vols
200002	Téléportail
200003	Intendant de guilde
200004	Marchand de teintures
200005	Courtier
200006	Marchand itinérant
200007	Marchand de réputation
200008	Récompenses d'insignes
210601	Périmètre de sécurité de la Forteresse de Berak
221501	Entrée du Plateau trompeur
248001	Front de Khanovar
249001	Argonea
250001	Granarkus
250101	Site de scellage
250201	Sigil
250202	Centre de Sigil
250203	Point d'activation du cercle de bannissement
250301	Forteresse de Raqnan
250401	Salle des machines (RdC)
250402	Salle des machines (1er étage)
250403	Salle des machines (2e étage)
302301	Passage secret de la Forteresse de Berak
302701	Salle d'attente de l'Arène du courroux
302702	Chemin vers l'Arène du courroux
303201	[Entraînement] Passage secret de la Forteresse de Berak
304501	Dépôt de Dkurion
304502	Région des Ruines
304701	Hall de Shandra Manaya (difficile)
305101	Île de l'aube radieuse
305501	Hall de Shandra Manaya (difficile, solo)
310301	Salle d'attente de l'Arène du courroux
310302	Chemin vers l'Arène du courroux
320301	Salle d'attente de l'Arène du courroux
320302	Chemin vers l'Arène du courroux
320501	Entrée du Laboratoire de fusion
320901	Trône glacial du chaos
320902	Trône glacial
320903	Trône glacial (solo)
469001	Arx Umbra : il y a environ 50 ans
505111	Élénea
505112	Avant-poste de l'Épine ardente
506001	Salle de banquet de Velika
506002	Portail inconnu
506003	Portail inconnu
506004	Salle de banquet de Velika (difficile)
506005	Muraille des mondes
506006	Salle de banquet réconciliée de Velika
506015	Salle inconnue
506016	Muraille des mondes
507001	Salle inconnue
508001	Salle inconnue
569001	Souvenirs de la Forteresse de Raqnan (solo)
599001	Les Pierres de gué
599002	Écheveau
599003	Entrée de l'Arbre des ombrages
599004	Arbre des ombrages
599005	Temple de l'Arbre
599006	Poste de la Fédération Valkyon
599007	Mont du Moulin
599008	Pont enraciné
599009	Grandes arches de racine
599010	Entrepôt
599011	Plateforme du Pégase de Marchepierre
599012	Grotte des racines séveuses
599013	Pépinière
780781	Porte souterraine de Velika
818001	Laboratoire secret
818002	Corridor d'accès au laboratoire
818003	Cages expérimentales
818004	Couloir du laboratoire principal
818005	Laboratoire principal
826001	Laboratoire souterrain de la Forteresse de Raqnan
827001	Les Pierres de gué
827002	L'Écheveau
827003	Arbre des ombrages
827004	Entrée de l'Arbre des ombrages
827005	Entrepôt
828001	Arbre des ombrages
828002	Entrepôt
828003	Instructeur de tactiques et de magie
828004	Maître de vol
829001	Tiaran l'Arbre du Chagrin
829002	Cœur du Chagrin
905601	Espace-temps de Valona (difficile)
905602	Voie écarlate
905603	Au-delà de l'Épreuve du Tonnerre
905604	Jugement dernier
905901	Les Brumes
905902	Cité maudite
905903	Parvis d'exécution
906701	Entrée du Laboratoire de Verno (difficile)
906702	Chambre d'Odon (difficile)
906703	Chambre de Verno (difficile)
906900	Cour de la Forteresse de Raqnan
906901	Caves voûtées de la Forteresse de Raqnan
906902	Camp d'entraînement de la Bête
906903	Usine de traitement sale
906904	Campement souterrain
906905	Usine de traitement boueuse
906906	Chambre sans retour
906907	Passage secret
906908	Résistance
906909	Atelier de recherche en armement
906910	Salle d'audience
906911	Quartiers de Myula
906912	Autel secret
906913	Avenue du Palais de Myula
907001	Entrée du Plateau trompeur
907002	Aire de jeu
950001	Passage détruit du royaume des dieux
950002	Entrée détruite du royaume des dieux
973501	Hangar du RK-9
973502	Entrée du Hangar du RK-9
975601	Espace-temps de Valona
975602	Voie écarlate
975603	Au-delà de l'Épreuve du Tonnerre
975604	Jugement dernier
976701	Entrée du Laboratoire de Verno
976702	Chambre d'Odon
976703	Chambre de Verno
976901	Entrée des Ruines de Lachelitas (facile)
976902	Jardin ardent
976903	Hall de la gloire
976904	Domaine de Lilitas
976905	Chemin des épreuves
976906	Entrée de la Forteresse de Lilitas (facile)
978000	Porte souterraine de Velika
978001	Entrée du passage souterrain de Velika
978002	Passage mystérieux
978003	Commune annexée
978004	Souterrain de Velika
978005	Passage souterrain dérobé
978010	Sentier des vertiges
978011	Sanctuaire de Kabador
978020	Entrée du Cabinet en pierres de la magie bleue
978021	Cabinet en pierres de la magie bleue
978030	Lieu dénaturé
978031	Porte souterraine de Velika
996901	Entrée des Ruines de Lachelitas (facile)
996902	Jardin ardent
996903	Hall de la gloire
996904	Domaine de Lilitas
996905	Chemin des épreuves
996906	Entrée de la Forteresse de Lilitas (facile)
998000	Porte souterraine effondrée de Velika
998001	Entrée du passage souterrain de Velika
998002	Passage mystérieux
998003	Commune annexée
998004	Souterrain effondré de Velika
998005	Passage souterrain dérobé
998010	Sentier des vertiges
998011	Sanctuaire de Kabador
998020	Entrée du Cabinet en pierres de la magie bleue
998021	Cabinet en pierres de la magie bleue
998030	Lieu dénaturé
998031	Porte souterraine effondrée de Velika
999801	Salle de test des combats
1810041	Entrée de l'Ascension batyhssale
2000000	Domaine de Rogash
2000001	Plantation d'Exodor
2000002	Marécage de Viridian
2000003	Forteresse de Berak
2000004	Zone centrale
2000005	Quartier nord
2000006	Quartier sud
2000010	Domaine de Konzi
2000011	Sanctuaire de Rogash
2000012	Couveuse des larves
2000013	Entrée de la Couveuse des larves
2000014	Sortie de la Couveuse des larves
2000015	Plateforme du domaine
2000016	Arrière-cour de Rogash
2000017	Manoir de Rogash
2000018	Vallée des cristaux
2000019	Bivouac de l'expédition d'Exodor
2000020	Saillie de la Couveuse
2000021	Zone dérobée
2000100	Arbre primus
2000101	Arbre secundus
2000102	Arbre tertius
2000103	Entrepôt de sécrétion
2000104	Base de la Fédération
2000150	Casque des papillons
2001010	Plateforme de la plantation
2001011	Camp naga
2001012	Entrée de la base des Riverans
2001013	Base des Riverans
2001014	Sortie de la Base des Riverans
2001015	Mine de cristal
2001016	Bivouac de la Fédération Valkyon
2001017	Bivouac des Riverans
2001018	Site de collecte des cristaux
2001019	Enclos à larves
2001020	Camp de défense de la plantation
2001021	Plateforme d'orientation du marécage
2001022	Cachette secrète
2001023	Ferme d'Azra
2001024	Enclos à bête
2001025	Lac mimétique
2001026	Zone dérobée
2001050	Dépôt de cristal
2001051	Zone de chasse des parfs monarques
2001052	Refuge des parfs monarques
2002001	Plateforme du marécage
2002002	Entrée du Marécage de Viridian
2002003	Marécage de Viridian
2002004	Poste désaffecté
2002005	Territoire des fauves
2002006	Vallée de la brèche
2002007	Enclos à monstre
2002008	Cachot disciplinaire
2002009	Jardin de fantaisie
2002010	Pont du cachot
2002011	Plateforme d'orientation de la forteresse
2002012	Bivouac des survivants
2002013	Faille isolée
2002014	Zone dérobée
2002050	Vallée sinistre
2003001	Plateforme de la Forteresse de Berak
2003002	Poste de contrôle
2003003	Entrée du Passage des frissons
2003004	Porte des frissons
2003005	Jardin des frissons (côté nord)
2003006	Jardin des frissons (côté sud)
2003007	Forteresse de Berak
2003008	Entrée de la Forteresse de Berak
2003009	Sous-sol de la Forteresse de Berak
2003010	Parvis de la Salle des machines
2003011	Passage des frissons
2003012	Fort des Riverans
2003013	Zone de défense
2003014	Couloir de la Zone interdite
2003015	Entrée du cœur
2003016	Couloir du cœur
2003017	Périmètre de sécurité
2003018	Étage supérieur de la Forteresse de Berak
2003019	Cave de la Forteresse de Berak
2003020	Couloir de la Salle des machines
2003021	Couloir du périmètre de sécurité
2003022	Sous-sol de la Forteresse de Berak
2003023	Cœur de la Forteresse de Berak
2003024	Toit du poste de contrôle
2003025	Entrée de la Résidence des commandants
2003026	Zone de capture de dragon
2003050	Quartiers des troupes d'Arkarp
2003051	Siège de Rosema
2003052	Île Kerozen
2010001	Ferme d'Arkarp
2011001	Îlot de pêche du Jardin céleste
2012001	Îlot de pêche de l'Étang féérique
2013001	Îlot de la Mer nuageuse
2014001	Îlot de pêche de Viridian
2015001	Îlot de pêche de Berak
2020001	Périphérie d'Exodor
2052001	Zone de conquête d'Arkarp (noyau)
2054001	Zone de conquête d'Arkarp (bordure sud)
2100001	Cœur du sanctuaire de Rogash
2100002	Vous vous téléportez dans la Couveuse des larves.
2101001	Couveuse des larves
2102001	Centre d'interrogatoire
2103001	Salle des machines du noyau sombre (RdC)
2103002	Salle des machines du noyau sombre (1er étage)
2103003	Salle des machines du noyau sombre (2e étage)
2105001	Résidence des commandants (solo)
2106001	Rêve paralytique de Rukmia (solo)
2500001	Osnium Agaia
2500002	Centre
2500003	Jeune Arbre des mondes
2500004	Tour de Shara
3001001	Base secrète (solo)
3002001	Manoir sinistre (solo)
3003001	Refuge des cultistes (solo)
3004001	Tombe des nécromanciens (solo)
3005001	Labyrinthe d'or (solo)
3006001	Repaire d'Akasha (solo)
3007001	Jardin céleste de Saleron (solo)
3008001	Labyrinthe de la terreur (solo)
3009001	Tour d'ébène (solo)
3010001	Nid de Kelsaik (solo)
3011001	Noyau de Manaya (solo)
3017000	Abîme d'Antaros (difficile, 7 personnes) : point de départ
3017001	Abîme d'Antaros (difficile, 7 personnes) : zone interdite
3017002	Abîme d'Antaros (difficile, 7 personnes) : place des châtiments
3017003	Abîme d'Antaros (difficile, 7 personnes) : salle de l'épreuve
3017004	Environs de Velika
3017005	Environs de Velika
3018000	Entrée de la Forteresse de Ténébris (difficile)
3018001	Place centrale
3018002	Bibliothèque centrale
3018003	Toit de la forteresse
3019000	Entrée du Hall souterrain de Lian
3019001	Sanctuaire de Nedra
3019002	Place des exécutions
3019003	Salle dénaturée
3019004	Entrée de la salle dénaturée
3020000	Écaille dorée
3024001	Réinitialiser le donjon et revenir
3025001	Réinitialiser le donjon et revenir
3026001	Repaire de Kelsaik
3026002	Hall de Kelsaik
3026003	Île satellite
3026004	Repaire de Kelsaik (difficile)
3026005	Entrée du Repaire de Kelsaik
3026006	Hall de Kelsaik cauchemardesque
3027001	Arène du courroux
3028000	Entrée du Hall souterrain de Lian
3028001	Sanctuaire de Nedra
3028002	Place des exécutions
3028003	Salle dénaturée
3028004	Entrée de la salle dénaturée
3029000	[Entraînement] Abîme d'Antaros (difficile) : Point de départ
3029001	[Entraînement] Abîme d'Antaros (difficile) : Zone interdite
3029002	[Entraînement] Abîme d'Antaros (difficile) : Place des châtiments
3029003	[Entraînement] Abîme d'Antaros (difficile) : Salle de l'épreuve
3029004	Hautegarde : Hall des armes
3029005	Hautegarde : Hall des armes
3030001	Résidence du légat
3030002	Base de la Fédération
3031001	Zone nucléique
3031002	Zone centrale
3033000	[Entraînement] Entrée du Nid de Parquina (facile)
3033001	[Entraînement] Réserve de miel
3033002	[Entraînement] Chambre de la reine
3033003	[Entraînement] Salle d'injection
3034001	Centre de recherche énergétique
3034002	Centrale d'aération du hangar
3034003	Centre de recherche des champs magnétiques
3034004	Centre de traitement de marchandises
3034005	Zone interdite : D
3034006	Zone interdite : E
3034007	Zone interdite : Hangar du RK-9
3035001	Autel de Velik
3036001	Croiseur céleste (difficile)
3036002	Plateforme du Croiseur céleste (difficile)
3036003	Salle des commandes du Croiseur céleste (difficile)
3036004	Salle des machines du Croiseur céleste (difficile)
3036005	Pont du Croiseur céleste (difficile)
3037000	[Entraînement] Entrée du Temple de Bahaar
3037001	[Entraînement] Temple de Bahaar
3037002	[Entraînement] Temple de Bahaar : porte scellée
3037003	[Entraînement] Temple de Bahaar : salle de l'incarnation
3037004	[Entraînement] Temple de Bahaar : salle de l'incarnation
3038001	Point de départ du donjon
3038002	Lieu actuel
3038003	Résurrection à l'entrée du donjon
3039001	Zone à risque
3041000	Entrée de la Forteresse de Ténébris
3041001	Sommet de la Forteresse maudite de Ténébris
3041002	Sommet de la Forteresse maudite de Ténébris
3041003	Sommet de la Forteresse maudite de Ténébris
3042001	Site d'exécution (donjon des épreuves)
3043000	Entrée de la Forteresse de Ténébris
3043001	Sommet de la Forteresse de Ténébris
3043002	Sommet de la Forteresse de Ténébris
3043003	Sommet de la Forteresse de Ténébris
3044000	Entrée de la Forteresse de Ténébris
3044001	Dernier étage de la Forteresse de Ténébris assaillie
3044002	Dernier étage de la Forteresse de Ténébris assaillie
3044003	Dernier étage de la Forteresse de Ténébris assaillie
3047000	Entrée du Hall de Shandra Manaya (difficile)
3048001	Camp d'entraînement secret
3050001	Jardin céleste perdu
3051001	Île de l'aube radieuse
3051002	Embarcadère nord radieux
3051003	Bois intemporels
3051004	Poste d'observation nord
3051005	Temple détruit
3051006	Poste d'observation central
3051007	Piste d'atterrissage de l'aéronef
3051008	Ruines mystérieuses
3051009	Autel de Yurian
3051010	Hauteurs d'Arun
3051011	Autel du dieu démoniaque
3051012	Vallée maudite
3053001	Autel de Velik
3054001	Rêve de Velik
3055000	Entrée du Hall de Shandra Manaya (difficile)
3056001	Entrée du trône
3056002	Couloir du givre
3056003	Porte du givre
3056004	Passage secret du laboratoire
3056005	Laboratoire d'honneur
3056006	Sentier dérobé
3056007	Trône du givre
3101001	Réserve de miel
3101002	Chambre de la reine
3101003	Salle d'injection
3102001	Résidence des commandants
3102002	Entrée de la Résidence des commandants
3103001	Arène du courroux
3106001	Site d'exécution
3106002	Site d'exécution
3106004	Entrée du Site d'exécution
3107001	Entrée du Site de test de Desolarus
3108001	Abîme d'Antaros maudit
3108002	Abîme d'Antaros maudit
3108004	Entrée de l'abîme d'Antaros maudit
3109001	Entrée du trône
3109002	Couloir du givre
3109003	Porte du givre
3109004	Passage secret du laboratoire
3109005	Laboratoire d'honneur
3109006	Sentier dérobé
3109007	Trône du givre
3201000	Entrée du Nid de Parquina (facile)
3201001	Réserve de miel
3201002	Chambre de la reine
3201003	Salle d'injection
3202001	Résidence des commandants (difficile)
3202002	Entrée de la Résidence des commandants
3203001	Arène du courroux
3205000	Entrée du Laboratoire de fusion
3206001	Site d'exécution sanglant
3206002	Site d'exécution sanglant
3206004	Entrée du Site d'exécution
3209001	Entrée du trône
3209002	Couloir du givre
3209003	Porte du givre
3209004	Passage secret du laboratoire
3209005	Laboratoire d'honneur
3209006	Sentier dérobé
3209007	Trône du givre
5051101	Élénea
5051201	Salle inconnue
5051202	Salle inconnue
5051501	Crête déchiquetée
5051701	Salle inconnue
5052501	Salle inconnue
5801001	Balderon
5801002	Camp ouest de Baldera
5801003	Camp central de Baldera
5801004	Plateforme du pégase
5801005	Donjon de résonance
5801007	Téléportail
5801008	Intendance des vols
5801009	Magasin de pêche
5801010	Camp nord
5801011	Camp central
5801012	Intendance de guilde
5801013	Hall des armes
5801014	Halls des chefs-d'œuvre
5801015	Porte principale de Balderon
8000001	Avant-poste des Chasseurs de Reliques
8000002	Velika : Quartier général de la Fédération Valkyon
8000003	Locus des Chercheurs
8000004	Base de feu de la Bravoure
8000005	Base de feu de l'Audace
8000006	Pointe de la Vengeance
8000007	Небесные холмы – Лаборатория Мистериума
8000008	La Fosse
8000009	Camp des Défenseurs
8000010	Sietch Bidaum
8000011	Avant-poste de la Vallée maudite
8000012	Camp de base des Défenseurs
8000013	La Couveuse
8000014	Camp du Pont brisé
8000015	Exetron
8000016	Raga Kabash : Tour de l'Harmonie
8000017	Forêt féérique : Étang des fées
8000018	Fortin des Professeurs
8000019	Profondeurs de la Corruption
8000020	Profondeurs sanglantes
8000021	Entrée du Labyrinthe d'or
8000022	Repoussoir de Thulsa
8000023	Vallée de la Bête
8000024	Entrée de service du Manoir sinistre
8000025	Cathédrale sombre
8000026	Profondeurs du Labyrinthe d'Azarel
8000027	Bastion de l'Avant-garde
8000028	Camp de subjugation
8000029	Fortin de la Cathédrale
8000030	Fortin des Défenseurs
8000031	Grande chapelle
8000032	Catacombes des Cavernes affamées
8000033	Profondeurs des Cavernes affamées
8000034	Poste de sentinelle du Triste repaire
8000035	Refuge des Espions
8000036	Avant-poste du Voyou
8000037	Sanctuaire
8000038	Repaire d'Akasha
8000039	Entrée du Repaire d'Akasha
8000040	Chambres des Cavernes affamées
8000041	Camp de la Rédemption
8000042	Halls des Ombres
8000043	Halls des Ténèbres
8000044	Halls de la Mélancolie
8000045	Catacombes de la Reine des Sorcières
8000046	Halls de la Connaissance
8000047	Catacombes hurlantes
8000048	Catacombe de la Tourmente
8000049	Antichambres
8000050	Autel du corbeau
8000051	Sanctuaire de la Résurrection
8000052	Villa du bouffon
8000053	Chambre en fusion
8000054	Camp Umbra
8000055	Camp du Pont brisé
8000056	Point de Contrôle d'Ébène
8000057	Guet de la Tombe des Exilés
8000058	Entrée du Nid de Kelsaik
8000059	Siège central de Kaiator
8000060	Consulat de Kaiator
8000061	Entrée du Quartier général de Kaiator
8000062	Site de recherche de Saleron
8000063	Site de recherche de Corpus
8000064	Fortin rebelle
8000065	Station de recherche de la Phalange
8000066	Site de recherche de Corpus
8000067	Fortin rebelle
8000068	Station de recherche de la Phalange
8000069	Site de recherche de Saleron
8000070	Fortin rebelle
8000071	Station de recherche de la Phalange
8000072	Site de recherche de Saleron
8000073	Site de recherche de Corpus
8000074	Crypte maudite : Travée d'ébène
8000075	Entrée du Consulat de Kaiator
8000076	Villa du Bouffon
8000077	Tour d'Ébène (difficile)
8000078	Labyrinthe de la Terreur (difficile)
8000079	Repaire d'Akasha (difficile)
8000080	Nid de Kelsaik (difficile)
8000081	Entrée de la Tour d'Ébène
8000082	Quartier général de Kaiator
8000083	Entrée du Labyrinthe de la Terreur
8000084	Entrée de l'Autel de la Mort
8000085	Fléau d'Arachné
8000086	Entrée de l'Ascension de Saravash
8000087	Portail du Sceau d'Adstringo
8000088	Cœur de la Forge
8000089	Refuge de Dratheel
8000090	Ossuaire d'Acarum
8000091	Entrée du tunnel souterrain du front
8000092	Entrée du Phare du Soleil
8000093	Velika
8000094	Site de pêche de Murica
8000095	Site de pêche du Port Coupe-gorge
8000096	Site de pêche du Lac des larmes
8000097	Site de pêche du Marais Vexatus
8000098	Site de pêche du Lac de Celsian
8000099	Site de pêche du Lac de Seren
8104000	Entrée de la Prison de Lakan
8104002	Entrée de la Prison de Lakan (difficile)
8999001	Sanctuaire de Velik
9001001	Résidence de Samael
9002001	Fontaine de Shara
9003001	Abysses de la Montagne Fyr
9006001	Labyrinthe de la Terreur
9007001	Autel caché
9008001	Laboratoire de Malachai
9009001	Laboratoire de Malachai
9011001	Atelier de Muhrak
9012001	Aiguilles des Trois Tours
9013001	Aiguille de cyasma
9014001	Poste de Khanovar
9015001	Côte de l'Île de l'Aube
9016001	Falaises de l'Île de l'Aube
9017001	Phare du Soleil
9018001	Catacombes argones
9019001	Атриум лаборатории Мистериума
9020001	Bastion de l'armurerie de Lok
9021001	Tunnel caché
9022001	Chambre de la Gloire
9023001	Repaire de Kutmaschuk
9024001	Temple de Kaprima
9024002	Cathédrale détruite
9024003	Hall des apôtres
9024004	Chambre d'invocation de Kaprima
9025001	Temple de Balder
9025090	Entrée du Temple
9025091	Labyrinthe du Temple
9025092	Bassin du Temple
9025093	Jardin du Temple
9025094	Cave du Temple
9025095	Centre du Temple
9025096	Sanctum du Temple
9025097	Chambre des Reliques
9025098	Pont du Temple
9026001	Corpus argon (normal)
9026002	Cellule du Poing
9026003	Chambre du Gardien de l'ascension
9026004	Hall de l'Arbitre
9026005	Sanctuaire du Devin
9027001	Noyau de Manaya (difficile)
9027002	Le Plexus (difficile)
9028001	Laboratoire de Malachai
9029001	Caveau de Kaprima
9029002	Chambre de forage
9029003	Hall des apôtres
9029004	Hall de la résurrection
9029005	Entrée du Caveau de Kaprima
9031001	Repaire d'Akasha (donjon des épreuves)
9032001	Labyrinthe d'or (donjon des épreuves)
9033001	Caverne de Krakatox (difficile, donjon des épreuves)
9034001	Entrée du Pic de l'effroi (difficile)
9034002	Pic de l'effroi (difficile) : 2e défi
9034003	Pic de l'effroi (difficile) : 3e défi
9034004	Pic de l'effroi (difficile) : 4e défi
9034005	Pic de l'effroi (difficile) : 5e défi
9034006	Pic de l'effroi (difficile) : 6e défi
9034007	Pic de l'effroi (difficile) : 7e défi
9034008	Pic de l'effroi (difficile) : 8e défi
9034009	Pic de l'effroi (difficile) : 9e défi
9034010	Pic de l'effroi (difficile) : 10e défi
9034011	Pic de l'effroi (difficile) : 1er défi
9036001	Repaire de Karascha
9037001	Pont de la Vallée maudite
9038001	Jungle mystérieuse
9039001	Site d'embuscade de la caravane
9040001	Place de Velika
9041001	Porte est de Velika
9042001	Quartier général de Velika
9043000	Entrée de Wonderholme
9043001	Wonderholme (difficile)
9043002	Chambre de la Raillerie (difficile)
9043003	Entrée de Wonderholme
9043004	Chambre sans Échappatoire
9043005	Chambre de la Raillerie
9043006	Wonderholme
9043011	Grand hall (difficile)
9043021	Pont nuageux (difficile)
9043031	Cirque à deux pistes (difficile)
9043041	Pont de la folie (difficile)
9043051	Couloir brisaillé (difficile)
9043061	Plateau resplendissant (difficile)
9043071	Couloir batifoleur (difficile)
9043081	Salle des jeux (difficile)
9043091	Laboratoire d'Aliss (difficile)
9043101	Cage de la solitude (difficile)
9043111	Palier désinvolte (difficile)
9043121	Escalier vacant (difficile)
9044000	Entrée du temple de Baharr
9044001	Temple de Baharr
9044002	Temple de Baharr : porte scellée
9044003	Temple de Baharr : salle de l'incarnation
9044004	Temple de Baharr : salle de l'incarnation
9045001	Montagne Prèmebleu
9045002	Village de Lilipart
9046001	Oasis maudite
9046002	Terrain d'épreuve de la Croissance géante
9047001	Salle des Fêtes de la Moisson
9048001	Donjon instancié du dé (titre temporaire)
9048002	Donjon instancié aux dés (titre temp)
9050000	Entrée du Bord du précipice
9050001	Village Guwangi
9050002	Débarcadère du village Guwangi
9050003	Jardin de Yativio
9050004	Cave de Vesporax
9050005	Nid de Koleogg
9050006	Bord du précipice
9050007	Bord du précipice (difficile)
9050008	Plate-forme en corniche de l'Aéronef
9051001	Temple sordide
9051002	Cave du Temple
9051003	Jardin du Temple
9051004	Centre du Temple
9051005	Échelle
9051006	Cave du Temple
9051007	Jardin du Temple
9051008	Centre du Temple
9052001	Carnaval du Sang
9052002	Salle de Cérémonie
9052003	Salle de Banquet
9052004	Salle de Banquet
9052005	Salle de Cérémonie
9053001	Gorge de Kezzel
9054001	Ascension bathyssale (difficile)
9054002	Caverne des runes
9054003	Serre toxique
9054004	Couloir profond
9054005	Fosse de peur
9054006	Hall élémental
9054007	Caveau de Faridei
9054008	Caveau de Faridei
9054009	Ascension bathyssale
9055002	Gorge vorace
9055003	Grotte du Glouton
9055004	Tanière du dévoreur
9055005	Nid de Nimistrix
9055008	Entrée de la Gorge vorace
9055009	Nid de Nimistrix
9056001	Entrée de l'Espace-temps de Valona
9056002	Épreuve du Tonnerre
9056003	Le Berceau de Basalte
9056004	Noyau temporel
9056005	Noyau temporel
9057001	Fournaise d'Archeron (difficile)
9057002	Entrée de la Fournaise d'Archeron (difficile)
9060001	Navire sentinelle
9060002	Cuirassé de Kalivan (difficile)
9060003	Passerelle d'embarquement
9060004	Cuirassé de Kalivan (difficile)
9060005	Cale
9060006	Pont du Navire sentinelle
9061001	Ruines des Géants
9065001	Vallée du Crépuscule
9066001	Cour du palais
9066002	Roulette de Demoroth
9066003	Entrée de la Roulette de Demoroth
9068001	Temple sanglant de Dkurion (difficile)
9068002	Plateforme du portier
9068003	Abysses de la Grotte lugubre
9068004	Hall de Dkurion
9068005	Grotte lugubre
9070001	Entrée du Plateau trompeur
9071001	Tombe des Nécromanciens
9071003	Cellule des Nécromanciens
9071004	Quartiers du Gardien-chef
9071005	Quartiers de la Fraternité
9071006	Laboratoire des Nécromanciens
9071007	Chapelle de la Douleur
9071008	Chambre de Thulsa
9071009	Passage secret
9072001	Labyrinthe d'or
9072002	Chambre de la Sauvagerie
9072003	Salle de ravitaillement
9072004	Chambre des Sacrifices
9072005	Chambre de Justice
9072006	Chambre du Gardien de la porte
9073001	Tour d'Ébène
9073002	Tour d'Ébène - Primus
9073003	Tour d'Ébène - Secundus
9073004	Tour d'Ébène - Tertius
9073005	Tour d'Ébène - Quartus
9073006	Tour d'Ébène - Quintus
9073007	Hall des Ombres
9073008	Chambre de l'Angoisse
9073009	Autel de la Mort
9073010	Tombeau du Tourment
9074001	Sanctuaire de la résurrection
9075001	Nid de Kelsaik
9075002	Chambre du Gardien
9075003	Hall de Kelsaik
9076001	Labyrinthe de la Terreur
9077001	Désert de Batu
9077002	Arène de Mejdanar
9077003	Mags Thulanax
9077004	Mags Kormas
9078001	Pic de Suryati
9078002	Zone de contrôle de Suryati
9078003	Poste de commande de Sihranar
9078004	Site de recherche de Sihranar
9079001	Ascension de Saravash
9079002	Repaire de Saravash
9079003	Forêt de Feldrenen
9079004	Campement des Mercenaires
9080001	Sceau d'Adstringo
9080002	Refuge de Dratheel
9080003	Sanctuaire d'Aetrial
9080004	Bois de l'Infinité
9081001	Terrain d'Entraînement
9082001	Temple de la Témérité
9083001	Terres de Faille
9087001	Bastion de Lok
9087002	Bastion de Lok
9087003	Forteresse d'Atel Akaad
9088001	Manoir sinistre
9088002	Cave du Manoir
9088003	Manoir
9088004	Machine à pierres magiques
9089001	Refuge des Cultistes
9089002	Chambre des Merveilles
9089003	Chambre d'immoralité
9089004	Chambre de la Haine
9090001	Chemin boisé
9091001	Autel de Vadoma
9092001	Donation de Dagon
9093001	Repaire d'Akasha
9093002	Corridor de la Peste
9093003	Sanguinarium
9093004	Ménagerie de Karascha
9093005	Chambre de l'Electricité
9093006	Chambre de la Stupéfaction
9093007	Chambre d'Akasha
9094001	Jardin céleste de Saleron
9094002	Plateau de la première épreuve
9094003	Plateau de la deuxième épreuve
9094004	Plateau de la troisième épreuve
9094005	Dernier plateau
9094006	Jardin céleste perdu
9095001	Epreuve de la Flamme
9095002	Cœur de l'Epreuve
9095003	Place de l'Epreuve
9095004	Brasier sud
9095005	Brasier ouest
9095006	Brasier nord
9095007	Moyeu de l'Epreuve
9095008	Brasier est
9096001	Galerie de Sirjuka
9124002	Velika - Pas de Velik
9126001	Couveuse de Petre
9126002	Camp d'entraînement de gardiens
9126003	[Entraînement] Hall souterrain de Lian (difficile)
9126101	Allemantheia - Portes d'honneur
9128101	Kaiator - Place du Triomphe
9503001	Résidence des commandants
9611001	L'Abcès (difficile)
9618001	Arène d'évènement (Velika)
9643001	Wonderholme
9643002	Chambre de la Raillerie
9643011	Wonderholme
9643021	Wonderholme
9643031	Wonderholme
9643041	Wonderholme
9643051	Wonderholme
9643061	Wonderholme
9643071	Wonderholme
9643081	Wonderholme
9643091	Wonderholme
9643101	Wonderholme
9643111	Wonderholme
9643121	Wonderholme
9681001	Rêve de Velik
9681002	Rêve de Velik
9681003	Rêve de la déesse Velik (difficile)
9681004	Rêve de Velik
9681005	Rêve de Velik
9681006	Porte souterraine de Velika
9681007	Rêve de Velik
9710001	Prison de Lakan (difficile)
9710002	Point de ralliement macabre
9710003	Champ distordant
9710004	Prison détruite
9711001	L'Abcès (difficile)
9711002	Entrée de l'Abcès (difficile)
9713001	Entrée de la Clairière dérobée
9713002	Entrée de la Clairière dérobée
9713003	Grotte du Portier
9713004	Place du Gardien
9713005	Sanctuaire de Banyakas
9714001	Sanctuaire de Velik
9716001	Croiseur céleste l'Opiniâtre
9716002	Plateforme du croiseur céleste
9716003	Salle des commandes
9716004	Salle des machines
9716005	Pont du croiseur céleste
9716006	Entrée du Croiseur céleste (difficile)
9720000	Abîme d'Antaros : Point de départ
9720001	Abîme d'Antaros : Zone interdite
9720002	Abîme d'Antaros : Place des châtiments
9720003	Abîme d'Antaros : Salle de l'épreuve
9720004	Environs de Velika
9720005	Environs de Velika
9724001	Temple de Kaprima (difficile)
9724002	Cathédrale détruite
9724003	Hall des apôtres
9724004	Chambre d'invocation de Kaprima
9725001	Temple de Balder (difficile)
9725090	Entrée du Temple (difficile)
9725091	Labyrinthe du Temple (difficile)
9725092	Bassin du Temple (difficile)
9725093	Jardin du Temple (difficile)
9725094	Cave du temple (difficile)
9725095	Centre du Temple (difficile)
9725096	Sanctum du Temple (difficile)
9725097	Chambre des Reliques (difficile)
9725098	Pont du Temple (difficile)
9726001	Corpus argon (difficile)
9726002	Cellule du Poing (difficile)
9726003	Chambre du Gardien de l'ascension (difficile)
9726004	Hall de l'Arbitre (difficile)
9726005	Sanctuaire du Devin (difficile)
9727001	Noyau de Manaya
9727002	Le Plexus
9735001	Centre de recherche énergétique
9735002	Centrale d'aération du hangar
9735003	Centre de recherche des champs magnétiques
9735004	Centre de traitement de marchandises
9735005	Zone interdite : D
9735006	Zone interdite : E
9735007	Zone interdite : Hangar du RK-9
9739000	Entrée du Camp des révolutionnaires
9739001	Forge du Camp des révolutionnaires
9739002	Armurerie du Camp des révolutionnaires
9739003	Ruines en périphérie du village
9739004	Route d'infiltration
9743001	Wonderholme
9743002	Chambre de la Raillerie
9743011	Grand hall (normal)
9743021	Pont nuageux
9743031	Cirque à deux pistes
9743041	Pont de la folie
9743051	Couloir brisaillé
9743061	Plateau resplendissant
9743071	Couloir batifoleur
9743081	Salle des jeux
9743091	Laboratoire d'Aliss
9743101	Cage de la solitude
9743111	Palier désinvolte
9743121	Escalier vacant
9756001	Entrée de l'Espace-temps de Valona
9756002	Épreuve du Tonnerre
9756003	Le Berceau de Basalte
9756004	Noyau temporel
9756005	Noyau temporel
9757001	Entrée de la Fournaise d'Archeron
9757002	Entrée de la Fournaise d'Archeron
9757003	La Main d'Archeron
9757004	Téléportail du Royaume d'Archeron
9757005	Téléportail du Théâtre de l'horreur
9760001	Navire sentinelle
9760002	Pont du Cuirassé
9760003	Passerelle d'embarquement
9760004	Pont du Cuirassé
9760005	Cale
9760006	Pont du Navire sentinelle
9766001	Flotte en Morceaux
9766002	Entrée de la Flotte en morceaux
9766003	Entrée vers la Flotte en Morceaux
9768001	Temple sanglant de Dkurion
9768002	Plateforme du portier
9768003	Abysses de la Grotte lugubre
9768004	Hall de Dkurion
9768005	Grotte lugubre
9770001	Place détruite
9770002	Forteresse détruite
9770003	Domaine de Lachelitas
9770004	Entrée des Ruines de Lachelitas
9773001	Tour d'Ébène (difficile)
9773002	Tour d'Ébène (difficile) - Primus
9773003	Tour d'Ébène (difficile) - Secundus
9773004	Tour d'Ébène (difficile) - Tertius
9773005	Tour d'Ébène (difficile) - Quartus
9773006	Tour d'Ébène (difficile) - Quintus
9773007	Hall des Ombres (difficile)
9773008	Chambre de l'Angoisse (difficile)
9773009	Autel de la Mort (difficile)
9773010	Tombeau du Tourment (difficile)
9775001	Nid de Kelsaik (difficile)
9775002	Chambre du Gardien (difficile)
9775003	Hall de Kelsaik (difficile)
9776001	Labyrinthe de la Terreur (difficile)
9776002	Hall de Shriekaal (difficile)
9776003	Hall de Tragieron (difficile)
9776004	Hall d'Agonal (difficile)
9776005	Hall des Cauchemars (difficile)
9776006	Hall des Hurlements (difficile)
9776007	Hall de Kriegar (difficile)
9776008	Hall d'Anarxis (difficile)
9777001	Les Canaux
9777002	Les Canaux - Voie d'évacuation
9777003	Les Canaux - Œil omniscient
9777004	Les Canaux - Chambre de la Conjuration
9777005	Les Canaux - Grande Citerne
9777006	Les Canaux - Entrée de la Citerne
9781001	Jardin du temple de Velik
9781002	Salle d'audience de Velik
9781003	Résidence de Velik !
9781004	Étendue de Velik
9781005	Détour de Velik
9781006	Porte souterraine de Velika
9781007	Entrée du Sanctuaire de Velik
9782000	Entrée du Hall souterrain de Lian
9782001	Sanctuaire de Nedra
9782002	Place des exécutions
9782003	Salle dénaturée
9782004	Entrée de la salle dénaturée
9783000	Entrée de la Forteresse de Ténébris
9783001	Place centrale
9783002	Bibliothèque centrale
9783003	Toit de la Forteresse
9793001	Repaire d'Akasha (difficile)
9793002	Corridor de la Peste (difficile)
9793003	Sanguinarium (difficile)
9793004	Ménagerie de Karascha (difficile)
9793005	Chambre de la Bizarrerie (difficile)
9793006	Chambre de la Stupéfaction (difficile)
9793007	Chambre d'Akasha (difficile)
9794001	Entrée dérobée de la caverne
9794002	Mine lugubre
9794003	Laboratoire de recherche de Syruk
9794004	Entrée de la Station de recherche de Syruk
9801001	Traverse du Nexus
9801002	Velika
9801003	Allemantheia
9801004	Kaiator
9802001	Traverse du Nexus
9803001	Traverse du Nexus
9804001	Nid de Kelsaik
9808001	Armurerie Sabex
9808002	Piques et pointes
9808003	Forge
9808004	Entrepôt B
9808005	Caveau Sabex
9808006	Source d'énergie
9808007	Source d'énergie
9808008	Source d'énergie
9808009	Source d'énergie
9809001	Catacombes de Macellarius
9809002	Catacombes de Macellarius
9809003	Catacombes de Macellarius
9809004	Catacombes de Macellarius
9809005	Catacombes de Macellarius
9809010	Entrée des Catacombes de Macellarius
9810001	Prison de Lakan
9810002	Prison de Lakan
9810003	Prison de Lakan (escaliers d'entrée)
9810004	Prison de Lakan (sentier de Lakan)
9810005	Prison de Lakan (Chambre de l'adoration)
9811001	L'Abcès
9811002	Entrée de l'Abcès
9813001	Clairière dérobée (1 personne)
9813002	Entrée de la Clairière dérobée
9813003	Grotte du Portier
9813004	Place du gardien
9813005	Sanctuaire de Banyakas
9814001	Le Caveau d'Oriyn
9821001	2e niveau de la Forteresse de Raqnan
9822001	Poste d'écoute archidevan
9823001	Croiseur céleste l'Intrépide
9823002	Croiseur céleste l'Intrépide
9823003	Pont météorologique
9825001	Temple de Balder (Solo)
9825090	Entrée du Temple
9825091	Labyrinthe du Temple
9825092	Bassin du Temple
9825093	Jardin du Temple
9825094	Cave du Temple
9825095	Centre du Temple
9825096	Sanctum du Temple
9825097	Chambre des Reliques
9825098	Pont du Temple
9830001	Trône céleste (solo)
9830002	Revenir
9833003	Approche de Croskurn
9833004	Mines de Croskurn
9833005	Avant-poste de l'Épine ardente
9833006	Sanctuaire de Zaeltarazad
9833007	Crête déchiquetée
9860001	Navire sentinelle
9860002	Pont du Cuirassé
9860003	Passerelle d'embarquement
9860004	Pont du Cuirassé
9860005	Cale
9860006	Pont du Navire sentinelle
9871001	Tombe des Nécromanciens (Solo)
9871003	Cellule des Nécromanciens (Solo)
9871004	Quartiers du Gardien-Chef (1 personne)
9871005	Quartiers de la Fraternité (1 personne)
9871006	Laboratoire des Nécromanciens (1 personne)
9871007	Chapelle de la Douleur (1 personne)
9871008	Chambre de Thulsa (1 personne)
9871009	Passage secret (1 personne)
9872001	Labyrinthe d'Or (Solo)
9872002	Chambre de la Sauvagerie (1 personne)
9872003	Salle de ravitaillement (1 personne)
9872004	Chambre des Sacrifices (1 personne)
9872005	Chambre de Justice (1 personne)
9872006	Chambre du Gardien de la Porte (1 personne)
9873001	Tour d'Ébène (Solo)
9873002	Tour d'Ebène - Primus (1 personne)
9873003	Tour d'Ebène - Secundus (1 personne)
9873004	Tour d'Ebène - Tertius (1 personne)
9873005	Tour d'Ebène - Quartus (1 personne)
9873006	Chambre de l'Angoisse (1 personne)
9873007	Hall des Ombres (1 personne)
9873008	Chambre de l'Angoisse (1 personne)
9873009	Autel de la mort (1 personne)
9873010	Tombeau du Tourment (1 personne)
9885001	Pic de l'effroi
9885002	Défi
9885003	Entrée du Pic de l'effroi
9885004	Pic de l'effroi - Etages supérieurs
9887001	Bastion de Lok (Solo)
9887002	Bastion de Lok (Solo)
9887003	Forteresse d'Atel Akaad (1 personne)
9888001	Manoir sinistre (Solo)
9888002	Cave du Manoir (1 personne)
9888003	Manoir (1 personne)
9888004	Étage de production de menhir (1 personne)
9889001	Refuge des Cultistes (Solo)
9889002	Chambre des Merveilles (1 personne)
9889003	Chambre d'immoralité (1 personne)
9889004	Chambre de la Haine (1 personne)
9900001	Position d'origine
9911001	Tempête de froid de Kelsaik (10 personnes)
9911002	Chambre du Gardien (10 personnes)
9911003	Hall de Kelsaik (10 personnes)
9916001	Croiseur céleste l'Opiniâtre (difficile)
9916002	Porte sud du Trellum Consurgo
9916003	Salle des commandes (difficile)
9916004	Salle des machines (difficile)
9916005	Pont du croiseur céleste (difficile)
9920000	Abîme d'Antaros (difficile) : Point de départ
9920001	Abîme d'Antaros (difficile) : Zone interdite
9920002	Abîme d'Antaros (difficile) : Place des châtiments
9920003	Abîme d'Antaros (difficile) : Salle de l'épreuve
9920004	Environs de Velika
9920005	Environs de Velika
9935001	Centre de recherche énergétique
9935002	Centrale d'aération du hangar
9935003	Centre de recherche des champs magnétiques
9935004	Centre de traitement de marchandises
9935005	Zone interdite : D
9935006	Zone interdite : E
9935007	Zone interdite : Hangar du RK-9
9939000	Entrée du Camp des révolutionnaires terrifiant
9939001	Forge du Camp des révolutionnaires terrifiant
9939002	Armurerie du Camp des révolutionnaires terrifiant
9939003	Ruines en périphérie du village
9939004	Route d'infiltration
9950001	Passage détruit du royaume des dieux
9950002	Passage détruit du royaume des dieux : zone de combat moyenne
9950003	Passage détruit du royaume des dieux : zone de combat abyssale
9970001	Place détruite
9970002	Forteresse détruite
9970003	Domaine de Lachelitas
9970004	Entrée des Ruines de Lachelitas
9975001	Tempête de feu de Kelsaik (20 personnes)
9975002	Chambre du Gardien (20 personnes)
9975003	Hall de Kelsaik (20 personnes)
9979001	Ascension de Saravash
9979002	Repaire de Saravash
9979003	Forêt de Feldrenen
9979004	Camp de la menace
9981001	Jardin du temple effondré
9981002	Salle d'audience effondrée
9981003	Résidence effondrée
9981004	Étendue effondrée
9981005	Détour effondré
9981006	Porte souterraine de Velika
9981007	Entrée du sanctuaire effondré
9982000	Entrée du Hall souterrain de Lian (difficile)
9982001	Sanctuaire de Nedra
9982002	Place des exécutions
9982003	Salle dénaturée
9982004	Entrée de la salle dénaturée
9983000	Entrée de la Forteresse de Ténébris (difficile)
9983001	Place centrale
9983002	Bibliothèque centrale
9983003	Toit de la Forteresse
9990001	À l'attaque !
9990002	Défense !
9990003	Danger !
9990004	Joindre !
9994001	Entrée dérobée de la caverne
9994002	Mine lugubre
9994003	Laboratoire de recherche de Syruk
9999998	Une carte est en train d'être créée pour cette zone.
9999999	La carte de cette zone n'est pas disponible.
10230001	Couveuse d'Arkarp (solo)
10230002	Couveuse d'Arkarp
25002501	Site de scellage
25002502	Bois renégat
25002503	Nouveau monde de Paesyn
25002504	Action d'Exodor
25002530	Camp d'entraînement pour héros
25002531	Clerc du répit
25002532	Clerc du répit
30231000	Zone secrète de la Forteresse de Berak
30231001	Entrepôt secret de la Forteresse de Berak
30231002	Laboratoire secret de la Forteresse de Berak
30232000	Base de la Fédération
30270001	[Combattant immortel] Arène du courroux
30321000	[Entraînement] Zone secrète de la Forteresse de Berak
30321001	[Entraînement] Entrepôt secret de la Forteresse de Berak
30321002	[Entraînement] Laboratoire secret de la Forteresse de Berak
30371000	[Entraînement] Temple de Bahaar
31030001	[Aeternia] Arène du courroux
31060001	Site d'exécution
31060002	Entrée du Site d'exécution
31080001	Abîme d'Antaros maudit
31080002	Entrée de l'abîme d'Antaros maudit
32030001	[Immortalis] Arène du courroux
32050011	Laboratoire de fusion
32050012	Laboratoire de fusion enchanté
32050021	Forteresse de Berak
32060001	Site d'exécution sanglant
32060002	Entrée du Site d'exécution
63007007	Bataille classée de guilde : {seasonId}
83070101	Gérant de l'entrée devant le donjon
96431504	Raccourci
200050103	Intérieur du Manoir de Rogash
200050104	À proximité du Manoir de Rogash
200050105	Intérieur de la Forteresse de Berak
200321061	Rêve paralytique de Rukmia (solo)
200321062	Rêve paralytique de Rukmia (facile)
200321063	Rêve paralytique de Rukmia (difficile)
302700001	Entrée de l'Arène du courroux
320400001	Entrée du Rêve paralytique de Rukmia
