1	アルボレア
2	外郭世界
101	アルン大陸
102	シャラ南部大陸
103	シャラ北部大陸
104	アルン北部大陸
105	エクソドール
110	地下の激戦区
111	西部戦線（旧）
112	名誉の戦場
113	闘志の戦場（旧）
114	アクラ団の拠点（旧）
115	闘志の戦場
116	砲火の戦場
117	クーマスキングダム
118	クーマスパラダイス
152	ヴェリカ：戦乱の時代
200	ヴァルキオン保護領
201	ヴェリカ直轄領
202	ヴァルキオン保護領
203	アルカニア領
204	ポポリア領
205	ヴィアアウレウム領
206	東部領
207	バルデラ特別地区
208	ヴェリカ東部関門
209	未開発
210	アルレマンシア直轄領
211	ヴィアエレニウム領
212	ウェストニア領
213	エセニア領
214	パンノニア領
215	ヴェリタス特別地区
216	未開発
217	未開発
218	カイアトール直轄領
219	ロスアカディア領
220	シルヴァニア領
221	ロスティリキア領
222	ロスカイアナ領
223	ヘルカン特別地区
224	未開発
225	未開発
226	バラカニア領
227	機密区域
260	戦場
265	白浜の占領戦
291	戦場
500	一方通行
505	破壊されたヴェリカ宴会場
506	ヴェリカ宴会場
507	ミステルの道
508	内面世界
510	悪夢の始まり サブクエスト
612	エクソドール調査団
613	結晶化対策本部
614	ヴァルキオン人民支援団
615	エクソドール特務隊
616	リベランツ
620	バードイベント
622	バードイベント
628	バードイベント
833	古竜の峡谷
1001	堕獄の森
1023	スキル/イベント用ハンティングゾーン
2001	西部伐採地
2002	伐採者の臨時詰所
2003	妖精の泉
2004	灰の峡谷
2005	廃棄された村
2007	森の細道
2008	高梁の森
2009	暗闇の森
2010	妖精渓谷の野営地
2011	不吉な分岐点
2012	湿地帯への道
2013	廃棄された牧場
2015	番人の野営地
2016	狩人の休息所
2017	精霊の祠
2018	古木の森
3001	忘却の幽林
3002	敗残兵の墓所
3003	血戦の跡地
3004	敗残兵の宿営地
3005	野獣の巣
3006	西部野営地
3007	中央野営地
3008	厄神の住処
3009	木霊の洞窟
3010	秘密基地 入口
3011	忘却の幽林 中央野営地
3017	虚ろなアンタレスの深淵（7人）
3018	暗黒のテネブリス城砦（7人）
3019	誑惑されたリアンの古城（7人）
3020	探宝の金鱗号
3023	ベルアーク城砦秘密地域
3024	アルガフ孵化場
3025	アルガフ孵化場
3026	ケルサイク隠蔽地
3027	狂気のコロシアム
3101	パルクイーンの巣
3126	不滅のケルサイク隠蔽地
3201	極彩のパルクイーンの巣
4001	爆炎連峰
4002	悪霊の高原
4003	紅蓮渓谷
4004	バハールの休息所
4005	バハールの寝床
4006	鋭鋏峰
4007	精霊偵察基地
4008	悪魔討伐基地
4009	シュリアン対抗基地
4010	第一鉱山
4011	第二鉱山
4012	アカシャの潜伏地 入口
4013	連峰の果て
4014	バハールの神殿 入口
5001	フキアン保護区域
5002	フキアン野営地
5003	ババフカの集落
5004	開拓の野営地
5005	ウッドフカの集落
5006	ハンマーフカの集落
5008	湿地帯近辺
5009	フカピカ祭壇
5010	フキアン宴会場
5011	フキアン訓練所
6001	咆哮の戦野
6002	侵略指令地
6003	悲鳴の峡谷
6004	沈黙の草原
6005	廃墟の村
6006	クチャートの駐屯地
6007	クチャートの集落
6008	野蛮の道
6009	ロック追従者の駐屯地
6010	儀式の祭壇
6011	ポールセン牧場
6012	カーソン牧場
6013	討伐隊の宿営地
6017	三日月村 入口
6464	近くの村
6465	天空の城 移動
6466	天空の城
6467	ヴェリカ帰還所
6468	アルレマンシア帰還所
7001	久遠の盆地
7002	巨大碑石地帯
7003	天空の遺跡
7004	ミステリウム研究基地
7005	守備隊の野営地
7006	古代の遺跡
7007	ロドーク農場
7008	オーカンの野営地
7009	統制の魔石
7010	久遠の盆地 北部
7777	守護者の特別任務地域
8001	捕食者の巣窟
8002	捕食者の巣窟 地下1階
8003	捕食者の巣窟 地下2階
8004	捕食者の巣窟 地下3階
8005	捕食者の巣窟 潜入基地
8006	奴隷市場
8007	捕食者の殿堂
8008	屠殺場
8009	拷問の殿堂
8010	監禁の殿堂
8011	捕食者の巣窟 入口
8012	救出隊の臨時野営地
8013	派遣隊の臨時駐屯地
8014	黄金の迷宮 入口
8888	アルボレア戦場
9001	貪欲の渓谷
9002	貪欲の迷宮
9003	貪欲の迷宮
9004	渾沌の回廊
9005	欲望の回廊
9006	欺瞞の回廊
9008	壊滅した前進基地
9009	破壊の回廊
9010	東部森林地帯
9011	迷宮封鎖野営地
9012	捕食者の沼
9013	ジャバルマンドーム 入口
9034	幻影の塔
9044	バハールの神殿
9054	オルカの神殿 入口
9056	歪んだバルロナの時空間
9057	傲慢なアケロンの煉獄
9059	バーンスタインの幽霊島
9060	罪深きケリーヴァンの突撃船
9066	デモロスのルーレット
9067	非道なベルノの実験室
9068	暴君デュリオンの潜伏地 
9069	ラクナン城
9070	嘘つきタルスキの遊び場
9503	ヴァルキオン連合総司令官の官邸
9505	破壊されたヴェリカ宴会場
9506	ヴェリカ宴会場
9507	不可解な空間
9508	内面世界
9509	平和なヴェリカ宴会場
9618	ヴェリカイベント競技場
9681	ヴェリックの夢
9710	崩れたラカンの祭壇
9720	アンタレスの深淵
9735	RK-9格納庫
9739	革命団の隠し砦
9756	バルロナの時空間
9759	呪われたバーンスタインの幽霊島
9760	ケリーヴァンの突撃船（上級）
9767	ベルノの実験室
9768	デュリオンの潜伏地
9769	リリスの城
9770	ラケリスの廃墟
9780	ヴェリカ地下関門
9781	ヴェリックの神殿
9782	リアンの古城
9783	テネブリス城砦
9794	サイラクス研究基地
9795	クチャートの鉱山
9810	ラカンの祭壇 入口
9830	天空の闘技場
9833	古竜の峡谷
9860	ケリーヴァンの突撃船（下級）
9920	虚ろなアンタレスの深淵
9935	Ultimate RK-9格納庫
9939	蛮勇な革命団の隠し砦
9950	破壊された神界の門
9969	妖艶なリリスの城
9970	冥々たるラケリスの廃墟
9980	破られたヴェリカ地下関門
9981	陥落したヴェリックの神殿
9982	誑惑されたリアンの古城
9983	暗黒のテネブリス城砦
9994	アルファサイラクス研究基地
9999	アルボレア特殊空間
10001	蛇印の秘島
10002	蛇血の海岸
10003	蛇血の水路
10004	餓獣の島
10005	毒蛇の密林
10006	ダゴン封印地
10007	砂原の野営地
10008	海岸の野営地
10009	蛇血の野営地
10010	蛇の巣酒場
10011	ウォメルのスイカ割り競技場
10012	チェルトンの水大砲競技場
10013	ケイツの水大砲競技場
10014	キャスの角細工所
10015	毒蛇の涙酒場
10016	毒蛇の牙海水浴場
10017	天空の城
10018	クレグギルドの地
11001	落日の枯岸
11002	東部領 街道
11003	防衛陣地
11004	無常の荒野
11005	海賊の巣窟
11006	埠頭区域
11007	秘密ドック
11008	黒刃の間
11009	秘密ドック野営地
11010	海賊の巣窟 2階
11011	下級船員区域
11012	上級船員区域
11013	冒険者の宿営地
11014	高架橋
11015	地下貯蔵所
11016	遺物の間
11017	宝物庫
11018	釣り可能地域
12001	絶望の島
12002	荒凪古港 砂浜
12003	奴隷市場
12004	絶望の森
12005	寂寞の海岸
12006	絶望の谷
12007	海賊団秘密通路
12008	奴隷船着場
12009	{@Rgn:9024001} 入口
12012	討伐隊の野営地
12013	討伐隊の秘密監視所
13001	黎明の島
13002	ペガサス乗り場
13003	太古の遺跡
13004	黒い裂け目
13005	北部警戒監視所
13006	ロック追従者の基地
13007	神々のテラス
13008	オーカンの野営地
13009	黒い裂け目 入口
13010	守備隊の東部野営地
13011	カラスチャ召喚地
13012	太古の神殿
13013	飛行船墜落地点
13014	黒い裂け目 橋
13015	クベル野営地
13016	黎明の橋
13017	カイモンの野営地
13018	守備隊の北部野営地
13019	黎明の島 西部
13020	南部警戒監視所
13021	黎明の島 東部
13022	黒い裂け目 守備隊の野営地
13023	黎明の島 南部
13024	大地の寺院跡
13025	黒い裂け目 丘陵
13026	黒い裂け目 北部
13027	先発隊の野営地
13028	アルンの丘
13029	黒い裂け目 入口
13030	太古の森
13031	黎明の島 船着場
13032	守備隊の北部野営地
13033	守備隊の中部野営地
13034	守備隊の南部野営地
13035	破壊された神殿
14001	未定初歩ゾーン
15001	狂気の丘
15002	狂乱の地
15003	慟哭の丘
15004	南部耕作地
15005	旧補給倉庫
15006	観察の野営地
15007	鎮圧の野営地
15008	狂気の魔石
15009	北部監視所
15201	船着場
15202	北門
15203	西門
15204	廃墟
15205	ギド山脈
15206	牧場
16001	ヴァンピールの丘
16002	古影の平野
16003	ヴァンピール居住区
16006	ヴァンピールの屋敷
16007	ヴァンピール討伐野営地
16008	ジョニー・ダグの研究野営地
16009	ポポリオン 進入路
16010	ヴァンピールの屋敷 後門
17001	パラノン峡谷
17002	パラノン平野
17003	狂信者の楽園
17004	信念の祭壇
17006	前進基地
17007	補給野営地
18001	巨人の廃都
18002	クチャナール
18003	クチャクラッター
18004	沈黙の神殿
18005	ロック教徒占領地
18006	苦痛の殿堂
18007	防御基地
18008	調査基地
19001	リカノール平野
19002	荒涼の耕作地
19003	タッカー農場
19004	レイナー農場
19005	ヴァルキオン連合守備隊の野営地
19006	傀儡の広野
19007	北部廃墟
19008	共同牧場事務所
19009	リカノール共同牧場
19010	乳牛牧場
19011	自由兄弟団の隠居地
19012	自由食堂
19013	リカノール闘技場
19014	レイナー農場
19015	共同畜舎
19016	ピグリン集めケージ
19017	羊牧場
19018	天空蓮の池
19019	自由食堂－大鍋
19020	自由食堂－フライパン
19021	自由食堂－石窯
19022	自由食堂－サラダテーブル
19023	リカノール闘技場近所
19101	帝国領地
19102	連合軍南部駐屯地
19103	連合軍南部駐屯地
19104	帝国領地 入口
19105	交戦地域
19106	アカノン軍北部基地
19107	アカノン軍南部基地
19108	デモクロン防衛線
19109	ラクナン要塞
19110	吹雪の崖
19111	吹雪の崖
19112	連合軍北部駐屯地
19113	ラクナン要塞 入口
19114	交戦地域の翼石 デモクロン防衛線
19115	交戦地域の翼石 ラクナン要塞
19116	ラクナン要塞の翼石 南門
19117	連合軍南部駐屯地の翼石
19118	連合軍北部駐屯地の翼石
19119	ラクナン要塞 一階
19120	飛行艇乗り場
19121	要塞中心部
19122	アカノン軍基地
19123	広場
19124	南門
20001	亡者の坑道
20002	亡者の坑道 地下1階
20003	亡者の坑道 地下2階
20004	亡者の坑道 地下3階
20005	露天採石場
20006	整備基地
20007	前進基地
20008	中心基地
21001	バシリスクの巣
21002	サボテンの水場
21003	風の峡谷
21004	砂の峡谷
21005	亡者の坑道 進入路
21006	落涙の谷
21007	恐怖の谷
21008	騒霊の野営地
21009	バシリスク偵察野営地
21010	リスカ遺跡探査基地
21011	石柱の遺跡
21012	砂塵の荒地
22001	魔女の城
22002	魔女の城 地上1階
22003	魔女の城 地上2階
22004	魔女の城 地上3階
22005	魔女の城 地下1階
22006	魔女の城 地下2階
22007	セレナの中央庭園
22008	対策本部
22009	緊急拠点
22010	古文書保管室
22011	美術室
22012	第二図書室
22013	第一図書室
22014	魔術実習室
22015	中央ロビー
22016	封印の間
22017	秘薬の実験室
22018	祭壇の間
23001	月の湖
23002	ポラ・エリーヌ ペガサス乗り場
23004	月影の森
23005	月光波の森
23006	幽閉地
23007	暁の森
23008	ヴァルキオン連合の野営地
23009	緊急調査野営地
23010	コボルト防衛基地
23011	亡命者のあばら屋
23012	コボルト偵察基地
24001	黄金の道
24002	略奪の砂漠
24003	黄金の道 北部
24004	黄金の道 南部
24005	砂風の集落
24006	ロキアンの基地
24007	封印の遺跡
24008	西部偵察基地
24009	黄金の道 基地
24010	海岸基地
24011	神殿 廃墟
24012	街道の野営地
24013	邪教徒討伐の野営地
24014	水脈地域
25001	邪教徒の神殿
25002	邪教徒の神殿
25003	破戒僧の間
25004	討伐軍の防衛陣地
25005	移動の間
25006	信徒の間
25007	邪教徒の神殿
25008	大礼拝堂
25009	再臨の回廊
25010	個人礼拝堂
25011	苦難の回廊
25012	次元の門
25013	復活の回廊
26001	命紡の峡谷
26002	ホワイトハート棲息地
26003	神々の寝所
26004	神秘の森
26005	生命の泉
26006	番人の警戒監視所
26007	遺跡調査団の野営地
27001	エセニア丘陵地帯
27002	シャカゼンの隠遁地
27003	悲鳴の戦地
27004	エセニア要塞
27005	沈黙の丘陵
27006	丘陵野営地
27007	奪還の野営地
27008	農民の廃屋
27009	守備隊 第1監視所
27010	守備隊 第2監視所
27011	守備隊 第3監視所
27012	守備隊 第4監視所
27016	パルプ受け渡し場所
28001	禁忌の樹海
28002	ロックの安息地
28003	不浄の高地
28004	悪の巡礼路
28009	汚染測定基地
28010	汚染防止施設
29001	蒼枯の封地
29002	太古の森
29003	空づるの森
29004	朧獣の森
29005	守備隊の補給野営地
29006	守備隊の前進基地
30001	太陽の庭園
30002	蒼跡の錆谷
30003	セレンの殿堂
30004	森の殿堂
30005	セレンの庭園
30006	紫銀燐魄の森
30007	黄昏の廃塔
30008	崇導衆の神殿
30009	砕瓦の万神殿
30010	蒼跡調査野営地
30011	神殿調査野営地
30012	東部渓谷探査野営地
30013	神託の待命地
30014	セレンの湖
30015	断崖の村
30016	友好使節団の野営地
30017	ロックの槍
30018	アルカイの巣
30019	バルダーの神殿 入口
30020	太陽の灯台 入口
30021	知恵の木
30022	魔法石設置場所
31000	ラカンの祭壇
31001	妖氷の岬
31002	氷雪墳墓
31003	魔氷の大地
31004	水難の湖
31005	氷風の峡湾
31006	爆風の核
31007	氷河の入江
31008	妖氷の研究基地
31009	妖氷の監視基地
31010	難破したバティア号
32001	狂帝の高地
32002	暴政の広野
32003	狂気の駐屯地
32004	暗黒凍土
32005	傭兵団の基地
32006	圧制の広野
32007	狂帝の心臓
32008	討伐基地
32009	バトゥク基地
32010	ビビッシュの実験場 入口
33001	悪霊の古城
33002	悪霊の古城 侵入路
33003	東部補給路
33004	悪霊の古城1階 序幕の階層
33005	悪霊の古城2階 淑女の階層
33006	悪霊の古城3階 紳士の階層
33007	悪霊の古城4階 道化の階層
33008	悪霊の古城5階 暁闇の階層
33009	悪霊の古城6階 遊戯の階層
33010	悪霊の古城地下1階 絶叫の実験室
33011	悪霊の古城地下2階 永遠の拷問室
33012	歪んだ監獄
33013	悪霊の古城地下3階 地獄の境界
33014	悪霊警戒監視所
33015	潜入基地
33016	地下基地
33017	悪霊の古城 地下通路
33018	死霊術研究所 入口
34001	氷結原野
34002	襲撃の雪原
34003	咆哮の氷河 南部
34004	咆哮の氷河 北部
34005	凍結の涙湖釣り場
34006	氷紋族異端派の駐屯地
34007	ウェンディゴ監視所
34008	狩人の野営地
34009	氷爪旅団の本拠地
35001	古竜の峡谷
35002	忘却の巣
35003	死の谷間
35004	マナの鉱山
35005	マナの鉱山野営地
35006	エレニウム野営地
35007	峡谷臨時野営地
36001	追放者の渓谷
36002	痛哭の谷間
36003	無法者の巣窟
36004	封印の谷
36005	血の渓谷
36006	道化監視野営地 2
36007	道化監視野営地 1
36008	追放者監視所
36009	グラドゥシの結界 入口
37001	反逆者の岩窟 地下1階
37002	反逆者の岩窟 地下2階
37003	反逆者の岩窟 地下3階
37004	捜査本部の野営地
37005	岩窟防衛野営地
37006	地底制御の野営地
37007	サレロン調査基地
37008	苦痛の橋
37009	神の橋
37010	アルゴン占領地
37011	反逆者の岩窟
38001	古代戦争の遺跡
38002	狂気のコロシアム 入口
38004	フェルドリン峡谷
38005	猛火の原野
38006	破壊された古代都市
38007	発掘本部の野営地
38008	平原調査の野営地
38009	古代都市 探査基地
38010	反逆者の岩窟 進入路
38011	黒閃花の巣
38012	臨時隔離所
39001	蜘蛛の巣窟 下層
39002	蜘蛛の巣窟 下層
39003	巨大蜘蛛の棲息地
39004	蜘蛛の巣窟 作戦基地
39005	蜘蛛の巣窟 上層
39006	巨大蜘蛛の棲息地
39007	蜘蛛の巣窟 監視所
39008	カリーゴ教団の駐屯地
39009	復活の祭壇
39010	カリーゴ教団の討伐野営地
39011	捨てられた実験室
40001	隔離区域
40002	隔離された村
40003	汚染の根源地
40004	廃鉱村
40005	穢れた広野
40008	廃鉱山の野営地
40009	放棄された警戒監視所
40010	蜘蛛の巣窟 入口
40011	補給野営地
41001	蛮斧渓谷
41002	撤退基地
41003	監視基地
41004	蛮斧渓谷 北部
41005	オーカンの支援基地
41006	挑戦の闘技場
41007	蛮斧渓谷 南部
41008	秘密の接触場所
42001	ダゴンの神殿
42002	ダゴンの神殿 地下2階
42003	ダゴンの神殿 地下3階
42004	冷血の殿堂
42005	氷雪の殿堂
42006	死者の殿堂
42007	神殿迎賓室
42008	戦士団長室
42009	第一使徒の間
42010	悟りの間
42011	鱗片のテラス
42012	神殿 補給基地
42013	蛇眼の間
42014	戦士の殿堂
43001	未開発地域
44001	未開発：暗鬱の洞窟
44002	未開発：暗鬱の洞窟 1階
44003	未開発：暗鬱の洞窟 2階
44004	未開発：暗鬱の洞窟 3階
44005	未開発：暗鬱の洞窟 4階
45001	碧天の渓谷
45002	侵攻拠点
45003	無魂湿地
45004	偵察者の丘近辺
45005	暴走陣地
45006	偵察者の丘
45007	無魂湿地野営地
45008	偵察者の野営地
45009	暴走陣地野営地
45010	防塁監視哨
45011	アルゴン生態調査地
45012	アルゴンの廃塞
45013	カノビア戦線移動統制所
46001	封魔三柱
46002	ラーガエバーラ塔 上層
46003	ラーガシャディー塔 上層
46004	ラーガカバッシュ塔 上層
46005	封魔三柱 下層
46006	ラーガシャディー塔 下層
46007	ラーガエバーラ塔 下層
46008	ラーガカバッシュ塔 下層
46009	封魔三柱 深層
46010	ラーガエバーラ塔 深層
46011	ラーガシャディー塔 深層
46012	ラーガカバッシュ塔 深層
46013	中央ホール
46014	封魔三柱研究本部
46015	洗脳研究場
46016	比較精神研究場
46017	生物融合研究場
46018	封魔三柱 上層
46019	秘境動物研究場
46020	秘境植物研究場
46021	運動能力研究場
46022	生体力学研究場
46023	発達変異研究場
46024	秘樹進化研究場
46025	ラーガ転送室
47001	ティルカイの森
47002	侵食の霜森
47003	辺境の荒森
47004	旧アルゴン駐屯地
47005	咆哮の焦森
47006	侵食の霜森 復旧野営地
47007	咆哮の焦森 前進基地
47008	駆除隊の野営地
47009	調査班の臨時野営地
47010	ティルカイ補給路
47011	ペトリニオン撤去地
47012	撤却のアルゴン陣地跡
47013	破壊された巡察者の野営地
47014	廃滅のアルゴン陣地跡
47015	ペトリニオン除去区域
47017	濁水の枯泉
48001	カノビア戦線
48002	カノビア野営地
48003	突撃隊の野営地
48004	兵器製作所
48005	アルゴン指揮所
48006	最前線
48007	アルゴン防衛線
48008	迎撃拠点跡
48009	エネルギー変換所
48010	地下洞窟 入口
49001	アルゴネア
49002	魔石採掘坑
49003	エネルギー貯蔵庫
49004	アルゴン集結地
49005	カシアンの樹
49090	南翼石
49091	北翼石
49092	東翼石
50001	カルゴネア
50002	隠された野営地
50003	岩麓の野営地
50004	カルゴン進化の巣
50005	銀光の雫
50006	縹原の広場
50007	カルゴンの種石
50008	ラティの泉
50009	シャンドラ・マナイアの潜伏地 入口
50090	隅翼石
51001	アカディア峡谷
51002	窮極凍原
51003	ウェンディゴの地
51004	氷河巨人の洞窟
51005	猛獣の峡谷
51006	冷笑の峡谷野営地
52001	悲愴の雪原
52002	沈黙の雪原
52003	異邦人の館
52004	溶岩の祭壇
52005	神々の金床
52006	暗炭橋の野営地
52007	神々の金床 進入野営地
52008	迷宮の監視所
52009	中央制御室
52010	悲痛の橋
52011	孤高人の野営地
52012	匠人の工房 入口
53001	恐怖の迷宮
53002	恐怖の迷宮 地下1階
53003	恐怖の迷宮 地下2階
53004	恐怖の迷宮 地下3階
53006	悪夢の殿堂
53007	悲鳴の殿堂
53008	絶叫の殿堂
53009	絶望の殿堂
54001	妖精の森
54002	夢幻の森
54003	女神の庭園
54004	妖精のゆりかご
54005	黄昏の森
54006	大関門監視所
54007	庭師の野営地
54008	黄昏の森野営地
55001	影守の古樹群
55002	孤独の谷間
55003	暁の庭園
55004	堕落者の広場
55005	排斥の巣
55006	陰影守の野営地
55007	血の魔法団野営地
55008	黒血の野営地
55009	堕落の巣
55010	イスレンの杖
55011	暁の野営地
55012	暁の谷
56001	常闇の森
56002	犠牲者の枝道
56003	供物の森
56004	漆黒の祭壇
56005	ダゴナン三叉路の野営地
56006	暗黒泉の野営地
56007	闇の谷野営地
57001	アメナ・クアトラ
57002	アメナ・クアトラ 入口
57003	奈落の入口
57004	シカンダリの孵化場
57005	紅蓮戦槌の野営地
57006	崩落した橋の野営地
57007	孵化場の警備野営地
57008	シカンダーの神殿
57009	復活の祭壇
58001	バルデロン
59001	三日月村
59002	三日月村 広場
59003	三日月村 ペガサス乗り場
60001	伐採者の村
60002	伐採者の村 広場
60003	材木置場
60004	伐採者の村 ペガサス乗り場
61001	キャスタニカ
61002	歓楽通り
61003	双牙通り
61004	礼式の広場
61005	技術通り
61006	熱望の広場
61007	歓楽通り
61008	暁の道
61009	カイアの道
62001	荒凪古港
62002	荒凪古港 ペガサス乗り場
62003	東海岸調査団派遣地域
63001	ヴェリカ
63002	ヴェリカ移動管理所
63003	創造の工房
63004	北門市場
63005	ヴェリカ 北門
63006	魔法アカデミー
63007	ヴェリックの階段
63008	自由広場
63009	ヴァルキオン連合司令部
63010	女神の広場
63011	戦士修練所
63012	青馬車通り
63013	ヴェリカ 西門
63014	集会所
63015	南通り商店街
63016	北通り商店街
63017	ヴェリカ執政官室
63023	ヴェリカ近郊
63024	帰還所
63025	シティーポータル
63026	天空の船着場
63027	ヴェリカイベント競技場 入口
63028	ヴェリカイベント競技場
64001	遠征隊の補給基地
64002	探検団指揮所前
64003	団長幕舎前
64004	補給基地 広場
64005	遠征隊の野営地
64006	守備隊の東部野営地
64007	研究員の寝所
64008	太古の神殿
64009	驚異の支柱 基壇部
65001	サボテン村
65002	サボテン村 ペガサス乗り場
66001	砂境の休憩地
66002	砂境の休憩地 ペガサス乗り場
67001	ポポリオン
67002	ポポリオン ペガサス乗り場
68001	ポラ・エリーヌ
69001	トラリオン
69002	トラリオン・ペガサス乗り場
70001	トリア
70002	トリア ペガサス乗り場
70003	トリア広場
70004	トリア領主館
70101	［Lv58］太陽の祝祭－知恵の木
70102	［Lv48］ビーチ祭り－毒蛇の牙海水浴場
70103	［Lv28］豊穣の祝祭－自由食堂
70104	［Lv18］フカピカ祭り－フキアン野営地
71001	アジス研究所
71002	アジス研究所 ペガサス乗り場
72001	アルレマンシア
72002	アルレマンシア近郊
72003	アルレマンシア西部
72004	アルレマンシア中央広場
72005	魔法アカデミー
72006	アルレマンシア長老会
72007	商店街
72008	創造の工房
72009	戦士修練所
72010	集会所
72011	移動管理所
72012	アルレマンシア移動管理所
72013	アルレマンシア執政室
72099	アルレマンシア司令部
72100	ウェストニア大通り
72101	エセニア大通り
72102	パンノニア大通り
72103	アルレマンシア・ペガサス乗り場
72112	アルレマンシア長老会
72113	ミステリウム
72114	帰還所
73001	アカルム
73002	アカルム ペガサス乗り場
74001	ニュー・エレノン
74002	ニュー・エレノン ペガサス乗り場
75001	開拓民の村
75002	開拓民の村・ペガサス乗り場
75003	巨人の森 入口
76001	カンストリア
76002	{@Rgn:76001} ペガサス乗り場
76090	カンストリアの翼石
76901	リリスの城、ラケリスの廃墟入口
77001	ティルカイ補給所
77002	ティルカイ補給所 ペガサス乗り場
78001	連合軍指揮所
78002	{@Rgn:78001} ペガサス乗り場
79001	希望の村
79002	希望の村 ペガサス乗り場
80001	ドラゴンフォール
80002	ドラゴンフォール ペガサス乗り場
81001	妖精の安息地
81002	妖精の安息地 ペガサス乗り場
83001	コールドロック
83002	コールドロック ペガサス乗り場
84001	カイアトール
84002	カイアトール直轄領
84003	カイアトール西部関門
84004	カイアの盾 橋梁
84005	カイアの鉄槌 橋梁
84006	勝利の橋
84007	勝利の広場
84008	勇気の殿堂
84009	創造の工房
84010	取引所
84011	商店街
84012	商店通り
84013	南部移動管理所
84014	集会所
84015	アジト 入口
84016	魔法アカデミー
84017	カイアトール司令部
84018	戦士修練所
84019	商店通り
84020	カイアトール 北部関門
84021	カイアトール 西門
84022	カイアトール 北門
84023	カイアトール 南門
84024	カイアトール執政官室
84025	勝利の広場 北大通り
84026	北部移動管理所
84027	カイアトール
84101	カフィナ野営地
85001	ダヴァンの聖地
86001	アルレマンシア東部
87001	炎のポラ・エリーヌ
87002	臨時難民野営地
87003	月光波の森
87004	オーカン占領地
87005	ポラ・エリーヌ
87006	偵察隊臨時野営地
90000	1～11
90001	10～25
90002	23～36
90003	27～38
90004	30～51
90005	38～43
90006	40～45
90007	44～46
90008	50～59
90009	53～58
90010	56～60
90011	33～57
90012	64～65
90013	63～64
90014	59～60
90015	60～65
90016	65
97201	アンタレスの深淵入口
99000	ティアラニア<br> 1~11
99001	西部伐採地<br> 10~15
99002	忘却の幽林<br> 11~20
99003	咆哮の戦野<br> 16~20
99004	フキアン保護区域<br> 19~23
99005	久遠の盆地<br>21~25（68）
99006	狂気の丘<br> 23~25
99007	ヴァンピールの丘<br> 24~29
99008	パラノン峡谷<br> 24~29
99009	バシリスクの巣<br>  27~30
99010	リカノール平野<br> 28~31
99011	絶望の島<br>30~33
99012	<br>31~32
99013	落日の枯岸<br>32~33
99014	月の湖<br>33~36
99015	巨人の廃都<br>  35~38
99016	黄金の道<br> 35~38
99017	禁忌の樹海<br> 38~41
99018	命紡の峡谷<br>38~41（65）
99019	蒼枯の封地<br>38~42（65）
99020	エセニア丘陵地帯<br>38~43（66）
99021	狂帝の高地<br>40~45
99022	妖氷の岬<br>41~43
99023	氷結原野<br> 41~45
99024	隔離区域<br>44~46
99025	蛮斧渓谷<br> 45~46
99026	      47~51<br><br>貪欲の渓谷<br><br>    31~32
99027	蛇印の秘島<br>47~51
99028	爆炎連峰<br>47~51
99029	影守の古樹群<br> 50~53
99030	常闇の森<br> 50~53
99031	アメナ・クアトラ<br>50~54
99032	古代戦争の遺跡<br>53~56（67,69）
99033	追放者の渓谷<br> 53~57
99034	古竜の峡谷<br> 53~58
99035	妖精の森<br> 56~59
99036	アカディア峡谷<br> 56~59
99037	悲愴の雪原<br>  56~60
99038	碧天の渓谷<br>45～48 （58）
99039	ティルカイの森<br>33～36
99040	カルゴネア<br>64～65
99041	アルゴネア<br>64
99042	カノビア戦線<br>63～64
99043	太陽の庭園<br>59~60 （67）
99044	原始の地<br>60~61
99045	バラカニア丘陵<br>61~62
99046	古代バラカ遺跡<br>62~63 （68）
99047	帝国領地<br>63~65
99048	黎明の島<br> 65
99049	ロガッシュの庭園
99050	エクソドール大農場
99051	ビリディアン湿地帯
99052	ベルアーク城砦
99053	コア地区
99054	北部外郭地帯
99055	南部外郭地帯
99999	未探査エリア
102001	雪合戦場
103001	雪合戦戦場
103002	雪合戦戦場
111001	西部戦線（旧）
111002	蒼翼の城塞
111003	紅旗の城塞
111004	伐採者の湖 激戦区
111005	蒼翼の前哨基地
111006	鋭尖樹の偵察基地
111007	紅旗の前哨基地
111008	古霊の渓谷 偵察基地
112001	名誉の戦場
112002	Bチーム要塞
112003	Aチーム要塞
112004	第1拠点
112005	第2拠点
112006	第3拠点
113001	闘志の戦場（旧）
113002	Aチーム要塞
113003	Bチーム要塞
113004	修練の聖域
114001	アクラ団の拠点（旧）
115001	闘志の戦場
115002	Aチーム要塞
115003	Bチーム要塞
115004	修練の聖域
116001	砲火の戦場
116002	攻城チームの要塞
116003	守備チームの要塞
116004	第1拠点
116005	第2拠点
116006	第3拠点
116007	左側外城門
116008	右側外城門
116009	左側はしご
116010	右側はしご
117001	クーマスキングダム
117002	クーマスキングダム内部
117003	クーマスキングダムフィールド
117004	目標地点
117005	浄化の聖域
118001	地下の激戦区
118002	白浜の占領戦
119001	逆転のコロッセウム
152001	アナンシャの巣
152002	カラゴスの巣
152003	サブラニアの巣
172001	原始の地
172011	怒れる野獣の道
172012	マンティスコアの巣
172013	カマイ族居住地
172014	水沫の池
172015	変節したアノンの宿営地
172016	ヴァルキオン偵察隊集結地
172017	アノン抵抗軍の野営地
172019	湿った蜘蛛の洞窟
172020	神託の洞窟
172021	水しぶきの池
172022	バラカニアの道
172023	変節したアノンの宿営地 
172024	誘霧の洞窟
172100	ヴェリカ
172101	原始の地
172111	アノン避難民の野営地
172112	変節したアノンの宿営地の翼石
172113	カマイ族居住地の翼石
172114	アノン避難民の野営地 翼石
172115	アノン抵抗軍の野営地の翼石
181001	古代バラカ遺跡
181002	安息の石
181003	飢渇の渓谷
181004	深淵の城
181005	太古の心臓
181006	考古学研究所
181007	アークデヴァの臨時駐屯地
181008	眠れる者の洞窟
181009	バラカ守備隊の野営地
181010	盗掘屋の野営地
181011	秘密の実験室 入口
181012	未知なる崖
181013	遺跡監視所
181014	イルカ 南門出入口
181015	飢渇の渓谷の翼石 巨大怪鳥棲息地
181016	飢渇の渓谷の翼石 時空石地帯
181017	太古の心臓の翼石 アークデヴァの臨時駐屯地
181018	安息の石の翼石 穢れた遺跡の守衛所
181019	穢れた遺跡の守衛所
181020	時空石地帯
181021	巨大怪鳥棲息地
181041	考古学研究所の翼石
181042	遺跡監視所の翼石
181043	バラカ守備隊の野営地の翼石
182001	バラカニア丘陵
182002	バラカニア経済連合
182003	アノン族の集結地
182004	バラカーレ
182005	アークデヴァの前哨基地
182006	アークデヴァの実験室
182007	アークデヴァの訓練場
182008	バラカ調査団の派遣先 
182009	バラカ調査団の南監視塔 
182010	空の祭壇 
182011	自由の丘
182012	信念の滝
182013	修練の洞窟
182014	倉庫の洞窟
182015	神の階段
182016	バラカニア温泉地区 
182017	知識の道
182018	アークデヴァの武器庫 入口
182019	ヴァルキオン前衛基地
182030	バラカニア経済連合の翼石
182031	エクソドール出発隊
182100	バラカーレ西部の翼石
182101	バラカーレ東部の翼石
182102	神の階段の翼石
182103	知識の道北部の翼石
182200	バラカーレ西部
182300	バラカーレ東部
182400	神の階段
182500	知識の道 北部
183001	イルカ近郊
183002	イルカ
183003	長老の間
183004	冥想の道
183005	知識の聖堂
183006	決闘の広場
183007	緑の間
183008	時空の間
183009	バラカの広場
183010	商店街 
183011	製作所
183012	展望台
183013	イルカ 緑の間
183014	狩り場移動魔法石
183015	デュリオンの潜伏地 入口
191001	帝国領地 要塞内部(臨時)
200001	ペガサス管理人
200002	狩り場移動魔法石
200003	ギルド管理人
200004	染色薬商人
200005	取引仲介人
200006	雑貨商人
200007	信用商人
200008	印章交換担当官
221501	嘘つきタルスキの遊び場　入口
248001	カノビア戦線
249001	アルゴネア
250001	カルゴネア
302301	ベルアーク城砦秘密地域入口
302701	狂気のコロシアム 控室
302702	狂気のコロシアム 通路
469001	帝国の地：約50年前
505111	ニュー・エレノン
505112	渓谷臨時キャンプ
506001	ヴェリカ宴会場
506002	不思議なポータル
506003	不思議なポータル
506004	破壊されたヴェリカ宴会場
506005	世界の壁
506006	再び平和を取り戻したヴェリカ宴会場
506015	不可解な空間
506016	世界の壁
507001	不可解な空間
508001	不可解な空間
569001	ラクナン城の記憶(ソロ)
599001	ティアラニア
599002	巨大な根の海岸
599003	守護者の村 入口
599004	守護者の村
599005	ティアラン神殿
599006	ヴァルキオン別働隊臨時監視所
599007	空茎丘陵
599008	苔岩の橋
599009	影枝峡谷
599010	樹液貯蔵庫
599011	ティアラニア ペガサス乗り場
599012	若根洞窟
780781	ヴェリカ地下関門
818001	秘密の実験室
818002	実験体収容所 通路
818003	実験体収容所 
818004	中央実験室 通路
818005	中央実験室
826001	ラクナン要塞 地下実験室
827001	ティアラニア
827002	巨大な根の海岸
827003	守護者の村
827004	守護者の村入口
827005	樹液貯蔵庫
828001	守護者の村
828002	樹液貯蔵庫
828003	戦闘/魔法技術教官
828004	ペガサス管理人
829001	ティアラン
829002	ティアランの心臓
905601	歪んだバルロナの時空間
905602	真紅に染まりし時
905603	雷の試練を越え
905604	汝らを審判するであろう
905901	霧の村
905902	悪霊の村
905903	バーンスタイン処刑場
906701	非道なベルノの実験室 入口
906702	非道なオードンの部屋周辺
906703	非道なベルノの部屋周辺
906900	ラクナン城地上
906901	ラクナン城地下
906902	魔獣の訓練場
906903	第1下水処理場
906904	地下収容所
906905	第2下水処理場
906906	拷問の部屋
906907	秘密通路
906908	城内
906909	武器研究室
906910	謁見室
906911	ムーラの部屋
906912	秘密祭壇
906913	ムーラの宮殿進入路
907001	遊び場　入口
907002	遊び場
950001	破壊された神界の門
950002	破壊された神界の門入り口
973501	RK-9格納庫
973502	RK-9格納庫入口
975601	バルロナの時空間
975602	真紅に染まりし時
975603	雷の試練を越え
975604	汝らを審判するであろう
976701	ベルノの実験室 入口
976702	オードンの部屋周辺
976703	ベルノの部屋周辺
976901	リリスの城、ラケリスの廃墟入口
976902	燃える庭園
976903	大殿堂
976904	リリスの空間
976905	試練の道
976906	リリスの城入口
978000	ヴェリカ地下関門
978001	ヴェリカ地下通路入口
978002	怪しい通路
978003	占領された空洞
978004	ヴェリカ地下
978005	隠された地下通路
978010	揺れる通路
978011	カバドルの安息所
978020	青い魔力の石室入口
978021	青い魔力の石室
978030	ヴェリカ地下関門入口
978031	ヴェリカ地下関門
979501	クチャートの鉱山
996901	リリスの城、ラケリスの廃墟入口
996902	燃える庭園
996903	大殿堂
996904	リリスの空間
996905	試練の道
996906	リリスの城入口
998000	破られたヴェリカ地下関門
998001	ヴェリカ地下通路入口
998002	怪しい通路
998003	占領された空洞
998004	崩れたヴェリカ地下
998005	隠された地下通路
998010	揺れる通路
998011	カバドルの安息所
998020	青い魔力の石室入口
998021	青い魔力の石室
998030	破られたヴェリカ地下関門入口
998031	破られたヴェリカ地下関門
1810041	オルカの神殿 入口
2000000	ロガッシュの庭園
2000001	エクソドール大農場
2000002	ビリディアン湿地帯
2000003	ベルアーク城砦
2000004	コア地区
2000005	北部外郭地帯
2000006	南部外郭地帯
2000010	小さい庭園
2000011	ロガッシュの安息地
2000012	幼虫孵化場
2000013	幼虫孵化場入口
2000014	幼虫孵化場出口
2000015	庭園昇降機乗り場
2000016	ロガッシュの庭園
2000017	ロガッシュの邸宅
2000018	結晶渓谷
2000019	エクソドール探査野営地
2000020	幼虫孵化場の採光窓
2000021	隠れた地域
2000100	庭園の上流
2000101	庭園の中流
2000102	庭園の下流
2000103	排泄物保存庫
2000104	ヴァルキオン連合前進基地
2000150	蝶の帰還地
2001010	大農場昇降機乗り場
2001011	ナーガキャンプ
2001012	リベランツ基地入口
2001013	リベランツ基地
2001014	リベランツ基地出口
2001015	結晶体鉱山
2001016	ヴァルキオン連合臨時野営地
2001017	リベランツ臨時野営地
2001018	結晶体収去地
2001019	幼虫飼育場
2001020	大農場守備野営地
2001021	湿地方向乗り場
2001022	隠れた場所
2001023	アズラ農園
2001024	野獣の飼育場
2001025	隠れた湖
2001026	隠れた地域
2001050	結晶体収集地
2001051	パルプリンセスの狩場
2001052	パルプリンセスの休息地
2002001	湿地乗り場
2002002	ビリディアンの湿地入口
2002003	ビリディアン湿地
2002004	捨てられた警戒所
2002005	捕食者の領土
2002006	亀裂地帯
2002007	怪物飼育場
2002008	強制収容所
2002009	眩惑の花園
2002010	収容所の橋
2002011	城砦方向昇降機乗り場
2002012	生存者の仮居住区
2002013	亀裂
2002014	隠れた地域
2002050	闇の渓谷
2003001	ベルアーク城砦乗り場
2003002	出入統制所
2003003	黒街道の入口
2003004	黒門
2003005	黒庭園北側
2003006	黒庭園南側
2003007	ベルアーク城砦
2003008	ベルアーク城砦入口
2003009	ベルアーク城砦下層
2003010	機関室前の広場
2003011	黒街道
2003012	リベランツ臨時拠点
2003013	防御区域
2003014	制限区域前の廊下
2003015	深層部・入口
2003016	深層部・廊下
2003017	閉鎖区域
2003018	ベルアーク城砦・上層
2003019	ベルアーク城砦・最下層
2003020	機関室前の廊下
2003021	閉鎖区域前の廊下
2003022	ベルアーク城砦・下層
2003023	ベルアーク城砦・深層部
2003024	出入統制所屋上
2003050	アルガフ軍の駐屯地
2003051	ロゼマ部族居住区
2003052	餓獣の島
2010001	アルガフ養殖場
2011001	空中庭園の釣り島
2012001	妖精池の釣り島
2013001	雲湖水島
2014001	ビリディアンの釣り島
2015001	ベルアーク庭園の釣り島
2020001	アカカラシュ・ケルサイク隠蔽地
2052001	アルガフ侵攻地
2054001	南部外郭アルガフ侵攻地
2100001	ロガッシュの安息地内部
2100002	幼虫孵化場へ移動する。
2101001	幼虫孵化場
2102001	絶壁審問所
2103001	ブラックコア機関室1階
2103002	ブラックコア機関室2階
2103003	ブラックコア機関室3階
3001001	秘密基地（ソロ）
3002001	ヴァンピールの屋敷（ソロ）
3003001	邪教徒の隠れ家（ソロ）
3004001	死霊術研究所（ソロ）
3005001	黄金の迷宮（ソロ）
3006001	アカシャの潜伏地（ソロ）
3007001	サレロンの空中庭園（ソロ）
3008001	恐怖の迷宮（ソロ）
3009001	黒紋塔（ソロ）
3010001	ケルサイクの巣（ソロ）
3011001	シャンドラ・マナイア（ソロ）
3017000	虚ろなアンタレスの深淵（7人）- 入口
3017001	虚ろなアンタレスの深淵（7人）- 収監区域
3017002	虚ろなアンタレスの深淵（7人）- 処刑場
3017003	虚ろなアンタレスの深淵（7人）- 試練の間
3017004	ヴェリカ近郊
3017005	ヴェリカ近郊
3018000	漆黒のテネブリス城砦入口
3018001	大広場
3018002	大図書館
3018003	城砦屋上
3019000	リアンの地下殿堂入口
3019001	ネドラの安息地
3019002	死刑執行場
3019003	歪曲された空間
3019004	歪曲された空間の入口
3020000	探宝の金鱗号
3024001	入場場所
3025001	ダンジョン初期化後、帰還
3026001	ケルサイク隠蔽地
3026002	ケルサイクの殿堂
3026003	衛星島
3026004	不滅のケルサイク隠蔽地
3026005	ケルサイク隠蔽地入口
3026006	不滅のケルサイクの殿堂
3027001	狂気のコロシアム
3101001	蜜保存庫
3101002	女王の寝所
3101003	興奮剤投与室
3201000	パルクイーンの巣入口
3201001	蜜保存庫
3201002	女王の寝所
3201003	興奮剤投与室
5051101	ニュー・エレノン
5051201	不可解な空間
5051202	不可解な空間
5051501	エレニウム野営地
5051701	不可解な空間
5052501	不可解な空間
8000001	貪欲の迷宮 迷宮封鎖野営地
8000002	ヴェリカ ヴァルキオン連合司令部
8000003	命紡の峡谷 遺跡調査団
8000004	爆炎連峰 シュリアン対抗基地
8000005	恐怖の迷宮 潜入基地
8000006	蜘蛛の巣窟 上層
8000007	久遠の盆地 ミステリウム研究基地
8000008	亡者の坑道 露天採石場
8000009	咆哮の戦野 討伐隊の宿営地
8000010	巨人の廃都 調査基地
8000011	黎明の島 先発隊の野営地
8000012	絶望の島 討伐隊の野営地
8000013	アメナ・クアトラ シカンダー封印地
8000014	アメナ・クアトラ 崩落した橋の野営地
8000015	封魔三柱 中央ホール
8000016	封魔三柱 ラーガカバッシュ塔
8000017	西部伐採地 妖精の泉
8000018	魔女の城 緊急拠点
8000019	ダゴンの神殿 地下3階
8000020	死霊術研究所 入口
8000021	黄金の迷宮 入口
8000022	追放者の渓谷 偵察基地
8000023	秘密基地 入口
8000024	ヴァンピールの屋敷 秘密の入口
8000025	邪教徒の隠れ家 入口
8000026	貪欲の迷宮 地下2階
8000027	海賊の巣窟 1階
8000028	海賊の巣窟 2階
8000029	邪教徒の神殿 邪教徒討伐の野営地
8000030	邪教徒の神殿 地下1階
8000031	邪教徒の神殿 地下2階
8000032	捕食者の巣窟 地下2階
8000033	捕食者の巣窟 地下3階
8000034	悪霊の古城 監視所
8000035	悪霊の古城 侵入基地
8000036	蜘蛛の巣窟 下層
8000037	蜘蛛の巣窟 中層
8000038	アカシャの潜伏地
8000039	アカシャの潜伏地 入口
8000040	捕食者の巣窟 地下1階
8000041	狂気の丘 北部監視所
8000042	亡者の坑道 地下2階
8000043	亡者の坑道 地下3階
8000044	亡者の坑道 地下1階
8000045	魔女の城 地下2階
8000046	魔女の城 2階
8000047	悪霊の古城 地下1階
8000048	悪霊の古城 地下2階
8000049	悪霊の古城 1階
8000050	漆黒の祭壇
8000051	復活の聖域
8000052	道化の別荘
8000053	溶岩ホール
8000054	常闇の森 闇の谷野営地
8000055	アメナ・クアトラ 崩落した橋の野営地
8000056	追放者の渓谷 道化監視野営地 2
8000057	悲愴の雪原 神々の金床侵入野営地
8000058	ケルサイクの巣 入口
8000059	カイアトール執務室
8000060	カイアトール執政官室
8000061	カイアトール司令部 入口
8000062	地下2階 サレロン調査基地
8000063	地下2階 岩窟防衛野営地
8000064	地下3階 地底制御の野営地
8000065	地下1階 捜査本部の野営地
8000066	地下2階 岩窟防衛野営地
8000067	地下3階 地底制御の野営地
8000068	地下1階 捜査本部の野営地
8000069	地下2階 サレロン調査基地
8000070	地下3階 地底制御の野営地
8000071	地下1階 捜査本部の野営地
8000072	地下2階 サレロン調査基地
8000073	地下2階 岩窟防衛野営地
8000074	反逆者の岩窟 神の橋
8000075	カイアトール執政官室 入口
8000076	道化の別荘
8000077	黒紋塔（上級）
8000078	恐怖の迷宮（上級）
8000079	アカシャの潜伏地（上級）
8000080	ケルサイクの巣（上級）
8000081	黒紋塔 入口
8000082	カイアトール司令部
8000083	恐怖の迷宮 入口
8000084	死の祭壇 入口
8000085	補給野営地
8000086	ジャバルマンドーム 入口
8000087	グラドゥシの結界 入口
8000088	カイアトール集会所
8000089	不滅なる者の安息所
8000090	アカルム前の共同墓地
8000091	前線地下洞窟 入口
8000092	太陽の灯台 入口
8000093	ヴェリカ極限の修練場 入口
8000094	天空の遺跡釣り場
8000095	荒凪古港釣り場
8000096	月の湖釣り場
8000097	捕食者の沼釣り場
8000098	凍結の涙湖釣り場
8000099	セレンの庭園釣り場
8104000	ラカンの祭壇 入口
8104002	崩れたラカンの祭壇入口
8999001	ヴェリックの神殿
9001001	サマエルの官邸
9002001	生命の泉
9003001	爆炎連峰 深層部
9006001	恐怖の迷宮
9007001	トゥルサの軍団指揮所
9008001	マラキの実験室
9009001	マラキの実験室
9011001	匠人の工房
9012001	封魔三柱 上層部
9013001	アルゴンエネルギー貯蔵庫
9014001	カノビア激戦区
9015001	海辺
9016001	黎明の島
9017001	太陽の灯台
9018001	前線地下洞窟
9019001	ミステリウム研究基地 入口
9020001	秘密基地 後門
9021001	隠された坑道
9022001	苦痛の殿堂
9023001	クトゥマシュクの隠れ家
9024001	封禍神蝕の冥堂
9024002	禁儀崩壁堂
9024003	守護騎士団の間
9024004	カプリコーン召喚の間
9025001	バルダーの神殿
9025090	神殿 入口
9025091	神殿 迷路
9025092	神殿 蓮池
9025093	神殿 庭園
9025094	神殿 地下
9025095	神殿 中央
9025096	神殿 聖域
9025097	遺物の間
9025098	神殿 橋
9026001	アルゴンメルデティア
9026002	シグヌスの検問所
9026003	ガンダルヴァの待機所
9026004	ニルヴァーナの監視所
9026005	メルディタの指揮所
9027001	シャンドラ・マナイア（上級）
9027002	シャンドラ・マナイア本堂（上級）
9028001	マラキの実験室
9029001	再誕の冥堂
9029002	傭兵控室
9029003	守護騎士団の部屋
9029004	復活の殿堂
9029005	再誕の冥堂 入口
9031001	アカシャの潜伏地（課題ダンジョン）
9032001	黄金の迷宮（課題ダンジョン）
9033001	暴悪のキルガルの洞窟（課題ダンジョン）
9034001	幻影の塔 入口
9034002	幻影の塔 2階
9034003	幻影の塔 3階
9034004	幻影の塔 4階
9034005	幻影の塔 5階
9034006	幻影の塔 6階
9034007	幻影の塔 7階
9034008	幻影の塔 8階
9034009	幻影の塔 9階
9034010	幻影の塔 10階
9034011	幻影の塔 1階
9036001	カラスチャ召喚地
9037001	黒い裂け目 入口
9038001	未知の密林
9039001	護送隊襲撃地
9040001	ヴェリカ 広場
9041001	ヴェリカ 東門
9042001	ヴェリカ 司令部
9043000	魔法使いの砦 入口
9043001	魔法使いの砦（上級）
9043002	魔法使いの本拠地（上級）
9043003	魔法使いの砦 入口
9043004	魔法使いの砦 罠の間
9043005	魔法使いの本拠地
9043006	魔法使いの砦
9043011	魔法使いの砦（上級）
9043021	魔法使いの砦（上級）
9043031	魔法使いの砦（上級）
9043041	魔法使いの砦（上級）
9043051	魔法使いの砦（上級）
9043061	魔法使いの砦（上級）
9043071	魔法使いの砦（上級）
9043081	魔法使いの砦（上級）
9043091	魔法使いの砦（上級）
9043101	魔法使いの砦（上級）
9043111	魔法使いの砦（上級）
9043121	魔法使いの砦（上級）
9044000	バハールの神殿 入口
9044001	バハールの神殿
9044002	バハールの神殿 - 封印の門
9044003	バハールの神殿 - 火神の拝殿
9044004	バハールの神殿 - 火神の拝殿
9045001	ドンパドンパの巣
9045002	レオパードリリー村
9046001	呪われたオアシス
9046002	巨大化実験場
9047001	魔女の城パーティー会場
9048001	ダイスダンジョン（仮称）
9048002	ダイスダンジョン（本堂）（仮称）
9050000	カシュバル峡谷 入口
9050001	リザード村
9050002	挑戦者の岐路
9050003	食虫植物庭園
9050004	毒蜂の洞窟
9050005	巨大虫の巣
9050006	カシュバル峡谷
9050007	貪欲のカシュバル峡谷
9050008	絶壁の飛空艇ゲート
9051001	穢れた神殿
9051002	地下
9051003	庭園
9051004	聖域
9051005	はしご
9051006	穢れた神殿 地下
9051007	穢れた神殿 庭園
9051008	穢れた神殿 聖域
9052001	血の祝祭会場
9052002	儀式の間
9052003	宴会場
9052004	血の祝祭 宴会場
9052005	血の祝祭 儀式の間
9053001	巨人の森
9054001	邪悪なオルカの神殿
9054002	隠された洞窟
9054003	神殿 入口
9054004	海底トンネル
9054005	渦の部屋
9054006	支援者の部屋
9054007	神殿本堂
9054008	オルカの部屋
9054009	オルカの神殿
9055002	ハルキアの安息地
9055003	巨大猿の巣
9055004	暗殺者の隠れ家
9055005	ハルキアの巣
9055008	ハルキアの安息地 入口
9055009	ハルキアの巣
9056001	バルロナの時空間 入口
9056002	雷の試練
9056003	黒の魔人
9056004	時空のコア
9056005	時空のコア
9057001	傲慢なアケロンの煉獄
9057002	傲慢なアケロンの煉獄 入口
9060001	連合調査団派遣船
9060002	罪深きケリーヴァンの突撃船
9060003	船上架橋
9060004	罪深きケリーヴァンの突撃船
9060005	貨物室
9060006	調査団派遣船甲板
9061001	巨人の遺跡
9065001	女神の花園
9066001	宮殿前の庭
9066002	デモロスのルーレット
9066003	デモロスのルーレット - 入口
9068001	暴君デュリオンの潜伏地
9068002	門番の部屋
9068003	変形した黒魔石の保管場所
9068004	デュリオンの潜伏地
9068005	変形した黒魔石の洞窟
9070001	嘘つきタルスキの遊び場　入口
9071001	死霊術研究所
9071003	死霊の監獄
9071004	看守長の部屋
9071005	兄弟団の宿所
9071006	死霊術実験室
9071007	苦痛の礼拝堂
9071008	死霊術の本堂
9071009	秘密の通路
9072001	黄金の迷宮
9072002	野獣の間
9072003	補給倉庫
9072004	供物の間
9072005	試練の間
9072006	門番の間
9073001	黒紋塔
9073002	黒紋塔 1階
9073003	黒紋塔 2階
9073004	黒紋塔 3階
9073005	黒紋塔 4階
9073006	黒紋塔 5階
9073007	奈落の中央ホール
9073008	悲痛の監獄
9073009	死の祭壇
9073010	血肉の間
9074001	復活の聖域
9075001	ケルサイクの巣
9075002	守護者の間
9075003	ケルサイクの殿堂
9076001	恐怖の迷宮
9077001	バトの砂漠
9077002	バトの闘技場
9077003	蒼牙クチャートの集落
9077004	蒼牙コボルトの集落
9078001	ビビッシュの実験場
9078002	ビビッシュの統制実験場
9078003	呪縛のカイドゥン軍本陣
9078004	呪縛の本陣調査野営地
9079001	ジャバルマンドーム
9079002	ジャバルマンドーム
9079003	古代獣の森
9079004	デヴァ親衛隊の野営地
9080001	グラドゥシの結界
9080002	不滅なる者の安息所
9080003	永生の神殿
9080004	永生の森
9081001	極限の修練場
9082001	鉄壁の修練場
9083001	突破の修練場
9087001	秘密基地
9087002	敗残兵の秘密基地
9087003	アテルアカッド本拠地
9088001	ヴァンピールの屋敷
9088002	屋敷 地下
9088003	屋敷 地上
9088004	魔石生産装置
9089001	邪教徒の隠れ家
9089002	驚異の間
9089003	背徳の間
9089004	憎悪の間
9090001	森の細道
9091001	次元の結界
9092001	ダゴンの墳墓
9093001	アカシャの潜伏地
9093002	疫病の回廊
9093003	血の殿堂
9093004	カラスチャの殿堂
9093005	奇異の殿堂
9093006	驚異の殿堂
9093007	アカシャの殿堂
9094001	サレロンの空中庭園
9094002	第一関門
9094003	第二関門
9094004	第三関門
9094005	最後の関門
9095001	業火の洞穴
9095002	業火の洞穴入口
9095003	業火の洞穴本堂
9095004	勇気ある挑戦者の試験
9095005	流血の虐殺者の試験
9095006	増殖の執行者の試験
9095007	折れない意志の空間
9095008	執念の虐殺者の試験
9096001	シリュカの回廊
9124002	ヴェリカ ヴェリックの階段
9126001	ペトレ養成所
9126002	守護者の訓練所
9126101	アルレマンシア 移動管理所
9128101	カイアトール 勝利の広場
9503001	ヴァルキオン連合総司令官の官邸
9611001	暴悪のキルガルの洞窟
9618001	ヴェリカイベント競技場
9643001	魔法使いの砦
9643002	魔法使いの本拠地
9643011	魔法使いの砦
9643021	魔法使いの砦
9643031	魔法使いの砦
9643041	魔法使いの砦
9643051	魔法使いの砦
9643061	魔法使いの砦
9643071	魔法使いの砦
9643081	魔法使いの砦
9643091	魔法使いの砦
9643101	魔法使いの砦
9643111	魔法使いの砦
9643121	魔法使いの砦
9681001	ヴェリックの夢
9681002	ヴェリックの夢
9681003	女神ヴェリックの歪んだ夢
9681004	ヴェリックの夢
9681005	ヴェリックの夢
9681006	ヴェリカ地下関門
9681007	ヴェリックの夢
9710001	崩れたラカンの祭壇
9710002	悪の集結地
9710003	崩れた空間
9710004	破壊された祭壇
9711001	暴悪のキルガルの洞窟
9711002	暴悪のキルガルの洞窟 入口
9713001	ギルリアンの森（プレミアム）
9713002	ギルリアンの森 入口
9713003	門番の広場
9713004	守護者の広場
9713005	ギルリアンの聖域
9714001	プレミアムフィールド
9716001	エルカラス号
9716002	エルカラス号 - 乗り場
9716003	エルカラス号 指揮室
9716004	エルカラス号 動力室
9716005	エルカラス号 甲板
9720000	アンタレスの深淵 - 入口
9720001	アンタレスの深淵 - 収監区域
9720002	アンタレスの深淵 - 処刑場
9720003	アンタレスの深淵 - 試練の間
9720004	ヴェリカ近郊
9720005	ヴェリカ近郊
9724001	封禍神蝕の冥堂（上級）
9724002	禁儀崩壁堂
9724003	守護騎士団の間
9724004	カプリコーン召喚の間
9725001	バルダーの神殿（上級）
9725090	神殿 入口（上級）
9725091	神殿 迷路（上級）
9725092	神殿 蓮池（上級）
9725093	神殿 庭園（上級）
9725094	神殿 地下（上級）
9725095	神殿 中央（上級）
9725096	神殿 聖域（上級）
9725097	遺物の間（上級）
9725098	神殿 橋（上級）
9726001	アルゴンメルデティア（上級）
9726002	シグヌスの検問所（上級）
9726003	ガンダルヴァの待機所（上級）
9726004	ニルヴァーナの監視所（上級）
9726005	メルディタの指揮所（上級）
9727001	シャンドラ・マナイア
9727002	シャンドラ・マナイア本堂
9735001	エネルギー増幅実験施設
9735002	格納庫換気施設
9735003	磁場実験施設
9735004	部品再処理施設
9735005	制限区域：D
9735006	制限区域：E
9735007	制限区域：RK-9格納庫
9739000	革命団の隠し砦 入口
9739001	革命団の隠し砦 鍛冶屋
9739002	革命団の隠居地 武器庫
9739003	村の外の遺跡跡
9739004	潜入ルート
9743001	魔法使いの砦
9743002	魔法使いの本拠地
9743011	魔法使いの砦
9743021	魔法使いの砦
9743031	魔法使いの砦
9743041	魔法使いの砦
9743051	魔法使いの砦
9743061	魔法使いの砦
9743071	魔法使いの砦
9743081	魔法使いの砦
9743091	魔法使いの砦
9743101	魔法使いの砦
9743111	魔法使いの砦
9743121	魔法使いの砦
9756001	バルロナの時空間入口
9756002	雷の試練
9756003	黒の魔人
9756004	時空のコア
9756005	時空のコア
9757001	アケロンの煉獄
9757002	アケロンの煉獄 入口
9757003	マグテノンの間
9757004	ドルトゥマの間
9757005	ケトラスの間
9760001	連合調査団派遣船
9760002	ケリーヴァンの突撃船（上級）
9760003	船上架橋
9760004	ケリーヴァンの突撃船（上級）
9760005	貨物室
9760006	調査団派遣船甲板
9766001	朱い海賊団の罠
9766002	落日の枯岸
9766003	朱い海賊団の罠 入口
9768001	デュリオンの潜伏地
9768002	門番の部屋
9768003	変形した黒魔石の保管場所
9768004	デュリオンの潜伏地
9768005	変形した黒魔石の洞窟
9770001	破壊された広場
9770002	破壊された城
9770003	ラケリスの空間
9770004	ラケリスの廃墟入口
9773001	黒紋塔（上級）
9773002	黒紋塔（上級） 1階
9773003	黒紋塔（上級） 2階
9773004	黒紋塔（上級） 3階
9773005	黒紋塔（上級） 4階
9773006	黒紋塔（上級） 5階
9773007	奈落の中央ホール（上級）
9773008	悲痛の監獄（上級）
9773009	死の祭壇（上級）
9773010	血肉の間（上級）
9775001	ケルサイクの巣（上級）
9775002	守護者の間（上級）
9775003	ケルサイクの殿堂（上級）
9776001	恐怖の迷宮（上級）
9776002	恐怖の迷宮（上級） 地下1階
9776003	恐怖の迷宮（上級） 地下2階
9776004	恐怖の迷宮（上級） 地下3階
9776005	悪夢の殿堂（上級）
9776006	悲鳴の殿堂（上級）
9776007	絶叫の殿堂（上級）
9776008	絶望の殿堂（上級）
9777001	古代の地下水路
9777002	古代の地下水路 入口
9777003	地下水路 監視者の間
9777004	地下水路 水路怪物の巣
9777005	地下水路 殿堂
9777006	地下水路 殿堂
9781001	ヴェリックの神殿 - 庭園
9781002	ヴェリックの神殿 - 謁見室
9781003	ヴェリックの神殿 - 女神ヴェリックの居場所
9781004	ヴェリックの神殿 - 大広場
9781005	ヴェリックの神殿 - 迂回路
9781006	ヴェリカ地下関門
9781007	ヴェリックの神殿 - 入口
9782000	リアンの古城入口
9782001	ネドゥラーの安息地
9782002	私刑室
9782003	異空間
9782004	異空間の入口
9783000	テネブリス城砦 入口
9783001	大広場
9783002	書斎
9783003	城砦屋上
9793001	アカシャの潜伏地（上級）
9793002	疫病の回廊（上級）
9793003	血の殿堂（上級）
9793004	カラスチャの殿堂（上級）
9793005	奇異の殿堂（上級）
9793006	驚異の殿堂（上級）
9793007	アカシャの殿堂（上級）
9794001	隠された洞窟 入口
9794002	陰気な採鉱所
9794003	サイラクス研究室
9794004	サイラクス研究基地入口
9801001	暗黒次元の亜空間
9801002	ヴェリカ帰還所
9801003	アルレマンシア帰還所
9801004	カイアトール帰還所
9802001	暗黒次元の亜空間
9803001	暗黒次元の亜空間
9804001	ケルサイクの巣（タイムアタック）
9808001	アークデヴァの武器庫
9808002	武器庫第一守護獣
9808003	武器庫第二守護獣
9808004	武器庫第三守護獣
9808005	アークデヴァの武器庫
9808006	黒魔法 中心部
9808007	黒魔法 中心部
9808008	黒魔法の核
9808009	黒魔法の核
9809001	デモクロン実験室
9809002	デモクロン実験室
9809003	デモクロン実験室
9809004	デモクロン実験室
9809005	デモクロン実験室
9809010	デモクロン実験室 入口
9810001	ラカンの祭壇
9810002	ラカンの祭壇
9810003	ラカンの祭壇（入口階段）
9810004	ラカンの祭壇（ラカンの道）
9810005	ラカンの祭壇（崇拝の間）
9811001	闇の洞窟
9811002	闇の洞窟 入口
9813001	ギルリアンの森
9813002	ギルリアンの森 入口
9813003	門番の広場
9813004	守護者の広場
9813005	ギルリアンの聖域
9814001	アルカナ・グナイア
9821001	ラクナン要塞 2階
9822001	アークデヴァの秘密基地
9823001	エルカイア号
9823002	エルカイア号 内部
9823003	エルカイア号 甲板
9825001	バルダーの神殿（ソロ）
9825090	神殿 入口
9825091	神殿 迷路
9825092	神殿 蓮池
9825093	神殿 庭園
9825094	神殿 地下
9825095	神殿 中央
9825096	神殿 聖域
9825097	遺物の間
9825098	神殿 橋
9830001	天空の闘技場（ソロ）
9830002	イルカ－決闘の広場
9833003	マナの鉱山野営地
9833004	マナの鉱山
9833005	峡谷臨時野営地
9833006	忘却の巣
9833007	エレニウム野営地
9860001	連合調査団派遣船
9860002	ケリーヴァンの突撃船（下級）
9860003	船上架橋
9860004	ケリーヴァンの突撃船（下級）
9860005	貨物室
9860006	調査団派遣船甲板
9871001	死霊術研究所（ソロ）
9871003	死霊の監獄
9871004	看守長の部屋
9871005	兄弟団の宿所
9871006	死霊術実験室
9871007	苦痛の礼拝堂
9871008	死霊術の本堂
9871009	秘密の通路
9872001	黄金の迷宮（ソロ）
9872002	野獣の間
9872003	補給倉庫
9872004	供物の間
9872005	試練の間
9872006	門番の間
9873001	黒紋塔（ソロ）
9873002	黒紋塔（ソロ） 1階
9873003	黒紋塔（ソロ） 2階
9873004	黒紋塔（ソロ） 3階
9873005	黒紋塔（ソロ） 4階
9873006	黒紋塔（ソロ） 5階
9873007	奈落の中央ホール（ソロ）
9873008	悲痛の監獄（ソロ）
9873009	死の祭壇（ソロ）
9873010	血肉の間（ソロ）
9885001	幻影の塔
9885002	戦闘空間
9885003	幻影の塔入口
9885004	幻影の塔－16階
9887001	秘密基地（ソロ）
9887002	敗残兵の秘密基地
9887003	アテルアカッド本拠地
9888001	ヴァンピールの屋敷（ソロ）
9888002	屋敷 地下
9888003	屋敷 地上
9888004	地下寺院
9889001	邪教徒の隠れ家（ソロ）
9889002	驚異の間
9889003	背徳の間
9889004	憎悪の間
9900001	その場
9911001	猛悪のケルサイクの聖域
9911002	守護者の間（レイド）
9911003	ケルサイクの殿堂（レイド）
9916001	暴風のエルカラス号
9916002	暴風のエルカラス号 乗り場
9916003	暴風のエルカラス号 指令室
9916004	暴風のエルカラス号 動力室
9916005	暴風のエルカラス号 甲板
9920000	虚ろなアンタレスの深淵 - 入口
9920001	虚ろなアンタレスの深淵 - 収監区域
9920002	虚ろなアンタレスの深淵 - 処刑場
9920003	虚ろなアンタレスの深淵 - 試練の間
9920004	ヴェリカ近郊
9920005	ヴェリカ近郊
9935001	エネルギー増幅実験施設
9935002	格納庫換気施設
9935003	磁場実験施設
9935004	部品再処理施設
9935005	制限区域：D
9935006	制限区域：E
9935007	制限区域：RK-9格納庫
9939000	蛮勇な革命団の隠し砦 入口
9939001	蛮勇な革命団の隠し砦 鍛冶屋
9939002	蛮勇な革命団の隠し砦 武器庫
9939003	村の外の遺跡跡
9939004	潜入ルート
9950001	破壊された神界の門
9950002	破壊された神界の門-中央戦闘区域
9950003	破壊された神界の門-絶壁戦闘区域
9970001	破壊された広場
9970002	破壊された城
9970003	ラケリスの空間
9970004	ラケリスの廃墟入口
9975001	苛虐のケルサイクの聖域（上級）
9975002	守護者の間（レイド）
9975003	ケルサイクの殿堂（レイド）
9979001	ジャバルマンドーム
9979002	ジャバルマンドーム
9979003	古代野獣の森
9979004	デヴァ親衛隊の野営地
9981001	陥落したヴェリックの神殿 - 庭園
9981002	陥落したヴェリックの神殿 - 謁見室
9981003	陥落したヴェリックの神殿 - 女神ヴェリックの居場所
9981004	陥落したヴェリックの神殿 - 大広場
9981005	陥落したヴェリックの神殿 - 迂回路
9981006	ヴェリカ地下関門
9981007	陥落したヴェリックの神殿 - 入口
9982000	リアンの古城入口
9982001	ネドゥラーの安息地
9982002	私刑室
9982003	異空間
9982004	異空間の入口
9983000	暗黒のテネブリス城砦入口
9983001	大広場
9983002	書斎
9983003	城砦屋上
9990001	攻撃！
9990002	防御！
9990003	危険！
9990004	集合！
9994001	隠された洞窟 入口
9994002	陰気な採鉱所
9994003	サイラクス研究室
9999998	開発中の地域
9999999	地図表示できない地域です。
10230001	アルガフ孵化場（ソロ）
10230002	アルガフ孵化場
30231000	ベルアーク城砦秘密地域
30231001	ベルアーク城砦秘密地域
30231002	ベルアーク城砦秘密地域
30232000	ヴァルキオン連合前進基地
96431504	近道
302700001	狂気のコロシアム 入口
