1	阿勒堡雷亞
2	外圍世界
101	亞倫大陸
102	夏拉南部大陸
103	夏拉北部大陸
104	亞倫北部大陸
105	艾索杜勒
110	地下激戰場
111	鋼鐵戰場
112	名譽戰場
113	鬥志戰場(舊)
114	阿克拉團據點(舊)
115	鬥志戰場
116	砲火戰場
117	庫馬斯世界
118	庫魔斯的遊樂場
152	貝利卡 : 戰亂年代
200	巴其溫保護領
201	貝利卡直轄領
202	巴其溫保護領
203	阿卡尼亞領地
204	波波利亞領地
205	比亞 阿烏雷溫領地
206	東部領地
207	巴德拉特別地區
208	貝利卡東部關口
209	未開發
210	爾雷曼西亞直轄領
211	比亞 艾雷尼溫領地
212	威斯多尼亞領地
213	艾賽尼亞領地
214	潘諾尼亞領地
215	倍里達斯特別地區
216	未開發
217	未開發
218	凱亞多勒直轄領
219	洛斯 阿爾卡笛亞領地
220	希巴尼亞領地
221	洛斯 堤里奇亞領地
222	洛斯 卡伊阿納領地
223	黑坎特別地區
224	未開發
225	未開發
226	巴拉卡尼亞領地
227	機密地區
260	戰場
265	海岸占領地
291	戰場
500	單向通行
505	破壞的貝利卡宴會場
506	貝利卡宴會場
507	謎斯特之路
508	內面世界
510	噩夢的開始 輔助任務
612	艾索杜勒調查團
613	寶石化對策本部
614	巴其溫對民支援團
615	艾索杜勒特務隊
616	利佩蘭斯
833	古龍峽谷
1001	墮落森林
1023	技能/活動用狩獵地帶
2001	西部砍伐區
2002	伐木者臨時宿舍
2003	妖精之泉
2004	廢墟峽谷
2005	遺棄的伐木者宿舍
2007	森林小徑
2008	高大樹木的森林
2009	漆黑森林
2010	妖精溪谷營
2011	岔路
2012	通往濕地之路
2013	遺棄的牧場
2015	森林守護者營地
2016	獵人休憩地
2017	精靈隱身處
2018	老舊森林
3001	遺忘森林
3002	敗殘兵之墓
3003	遺忘的激戰地
3004	敗殘兵隱身處
3005	野獸巢穴
3006	西部營地
3007	中央營地
3008	疫鬼之墓
3009	遺忘回音洞窟
3010	秘密基地入口
3011	遺忘森林中央營地
3017	空洞的安塔洛斯深淵(7人)
3018	漆黑的泰內布利斯城堡(7人)
3019	扭曲的里安地下殿堂(7人)
3020	金麟號
3023	貝爾亞克城堡秘密地區
3024	阿勒卡夫孵化場
3025	阿勒卡夫孵化場
3026	亞剋卡拉索凱爾賽克隱藏地
3101	費爾奎娜巢穴
3201	燦爛的費爾奎娜巢穴
4001	爆炎山脈
4002	惡靈高原
4003	燃燒溪谷
4004	巴哈勒休憩地
4005	巴哈勒之窩
4006	刀刃山峰
4007	精靈偵查基地
4008	惡魔鎮壓基地
4009	修利安對抗基地
4010	第1礦山
4011	第2礦山
4012	阿卡莎隱身處入口
4013	山脈之端
4014	巴哈勒神殿入口
5001	候季安濕地
5002	候季安營地
5003	巴巴扈卡部落
5004	開拓營地
5005	木頭扈卡部落
5006	槌子扈卡部落
5008	濕地附近
5009	扈卡皮卡祭壇
5010	候季安宴會場
5011	候季安訓練所
6001	咆哮侵略地
6002	侵略安全地帶
6003	尖叫峽谷
6004	沉默草原
6005	廢墟村莊
6006	庫札特之地
6007	庫札特部落
6008	野蠻之路
6009	洛克追蹤者兵營
6010	儀式祭壇
6011	波爾森牧場
6012	卡森牧場
6013	鎮壓隊宿營地
6017	新月村莊入口
6464	附近的村莊
6465	前往蒼空要塞
6466	蒼空要塞
6467	貝利卡歸回所
6468	爾雷曼西亞歸回所
7001	永恆盆地
7002	巨人碑石地帶
7003	天空光環遺跡地
7004	神秘地帶研究所
7005	守備隊營地
7006	古代遺跡
7007	羅德克農場
7008	奧坎野營地
7009	統制魔石
7010	永恆盆地北方
7777	守護者任務地區
8001	食人族巢窟
8002	食人族巢窟 地下1樓
8003	食人族巢窟 地下2樓
8004	食人族巢窟 地下3樓
8005	窟拉巢窟浸透基地
8006	奴隸市場
8007	食人殿堂
8008	屠殺場
8009	拷問殿堂
8010	監禁殿堂
8011	食人族巢窟入口
8012	救援隊臨時野營地
8013	派遣隊臨時兵營
8014	黃金迷宮入口
8888	阿勒堡雷亞戰場
9001	貪婪溪谷
9002	貪婪迷宮
9003	貪婪迷宮
9004	混沌迴廊
9005	慾望迴廊
9006	欺瞞迴廊
9008	破壞的前進營地
9009	破壞迴廊
9010	東部山林地帶
9011	迷宮封鎖營地
9012	食人沼澤
9013	札巴勒曼巢窟入口
9034	殘酷幻影之塔
9044	巴哈勒神殿
9054	奧露卡神殿入口
9056	扭曲的法羅納時空間
9057	傲慢的阿凱倫炎獄
9059	伯恩斯坦惡靈島
9060	惡人凱利班突擊船
9066	岱魔魯斯的輪盤
9067	殘暴費勒諾的實驗室
9068	暴君杜利溫的安息地
9069	拉格南城
9070	吹牛王塔勒斯基的遊樂場
9503	巴其溫聯盟總司令官的官邸
9505	破壞的貝利卡宴會場
9506	貝利卡宴會場
9507	不明的空間
9508	內面世界
9509	和平的貝利卡宴會場
9618	貝利卡 活動競技場
9681	貝里克之夢
9710	扭曲的拉坎祭壇
9720	安塔洛斯深淵
9735	RK-9機庫
9739	革命團總部
9756	法羅納時空間
9759	受詛咒的伯恩斯坦惡靈島
9760	凱利班突擊船
9767	費勒諾的實驗室
9768	杜利溫的安息地
9769	莉里斯城
9770	拉坎里斯的廢墟
9780	貝利卡地下關口
9781	貝里克神殿
9782	里安的地下殿堂
9783	泰內布利斯城堡
9794	賽伊洛斯研究基地
9795	庫札特的礦山
9810	拉坎祭壇入口
9830	天空競技場
9833	古龍峽谷
9860	弱化凱利班突擊船
9920	空洞的安塔洛斯深淵
9935	終極RK-9機庫
9939	森嚴的革命團總部
9950	破壞的神界關口
9969	惡女莉里斯城
9970	超越的拉坎里斯的廢墟
9980	倒塌的貝利卡地下關口
9981	塌陷的貝里克神殿
9982	扭曲的里安地下殿堂
9983	漆黑的泰內布利斯城堡
9994	阿爾法賽伊洛斯研究基地
9999	阿勒堡雷亞特殊空間
10001	蛇之島
10002	殺母蛇海岸
10003	殺母蛇水路
10004	野獸之島
10005	毒蛇叢林
10006	達坤封印地
10007	沙洲營地
10008	海岸營地
10009	殺母蛇營地
10010	盤蛇酒店
10011	沃梅爾砸西瓜競技場
10012	傑爾頓水炮競技場
10013	凱伊茲水炮競技場
10014	凱斯之角工匠所
10015	毒蛇之淚酒店
10016	獠牙海水浴場
10017	蒼空要塞
10018	克雷格公會
11001	荒涼海岸
11002	東部領地街道
11003	防禦陣地
11004	荒涼原野
11005	海賊巢窟
11006	碼頭區域
11007	秘密船渠
11008	海賊團長室
11009	秘密船渠營地
11010	海賊巢窟 2樓
11011	低階船員區域
11012	高階船員區域
11013	冒險家宿營地
11014	雲橋
11015	地下儲藏所
11016	遺物館
11017	寶物倉庫
11018	可釣魚地區
12001	絕望之島
12002	荒涼沙灘
12003	奴隸市場
12004	絕望森林
12005	寂靜海岸
12006	絕望山谷
12007	海賊團秘密通路
12008	奴隸碼頭
12009	{@Rgn:9024001} 入口
12012	討伐隊野營地
12013	鎮壓隊秘密哨所
13001	黎明庭園
13002	佩格薩斯乘坐處
13003	太古遺跡地
13004	暗黑裂縫
13005	北方警戒哨所
13006	洛克追蹤者基地
13007	眾神的露臺
13008	奧坎野營地
13009	暗黑裂縫入口
13010	守備隊東部營地
13011	卡若斯帢召喚地
13012	太古神殿
13013	飛行船墜落地
13014	暗黑裂縫橋梁
13015	庫貝爾野營地
13016	黎明之橋
13017	凱曼野營地
13018	守備隊北部營地
13019	黎明庭園西部
13020	南部警戒哨所
13021	黎明庭園東部
13022	暗黑裂縫守備隊營地
13023	黎明庭園南部
13024	大地的寺院處
13025	暗黑裂縫丘陵
13026	暗黑裂縫北部
13027	先遣隊營地
13028	亞倫丘陵
13029	暗黑裂縫入口
13030	太古森林
13031	黎明庭園碼頭
13032	守備隊北部營地
13033	守備隊中部營地
13034	守備隊南部營地
13035	破壞的神殿地
14001	未定新手村
15001	狂氣丘陵
15002	狂亂之地
15003	尖叫丘陵
15004	南部耕耘地
15005	古舊補給倉庫
15006	觀察營地
15007	鎮壓營地
15008	狂氣魔石
15009	北部監視哨所
15201	碼頭
15202	北門
15203	西門
15204	廢墟
15205	基德山脈
15206	牧場
16001	凡貝爾丘陵
16002	暗影曠野
16003	凡貝爾棲息地
16006	凡貝爾宅邸
16007	凡貝爾鎮壓營地
16008	強尼道格的研究營地
16009	波波利溫入口
16010	凡貝爾宅邸後門
17001	帕拉諾峽谷
17002	帕拉諾曠野
17003	狂信樂園
17004	信任祭壇
17006	前進營地
17007	補給營地
18001	遺忘巨人之都
18002	庫剎納勒
18003	庫札克拉達
18004	沉默神殿
18005	侵略地
18006	苦痛殿堂
18007	防禦基地
18008	調查基地
19001	利卡諾勒曠野
19002	荒涼麥田
19003	塔克莊園
19004	萊納農場
19005	巴其溫聯盟守備隊營地
19006	傀儡原野
19007	北部廢墟
19008	自由兄弟團投降地
19009	自由兄弟團抗議地
19010	泥人怪占領地
19011	自由兄弟團總部
19012	自由食堂
19013	利卡諾勒競技場
19014	萊納農場
19015	共用牲畜舍
19016	抓尾巴圈圈
19017	羊牧場
19018	天空池塘
19019	自由食堂 - 鍋子
19020	自由食堂 - 平底鍋和火爐
19021	自由食堂 - 灶台
19022	自由食堂 - 沙拉餐桌
19023	利卡諾勒競技場附近
19101	帝國之地
19102	聯盟軍南部兵營
19103	聯盟軍南部兵營營地
19104	帝國之地入口
19105	交戰地區
19106	亞卡農軍北部基地
19107	亞卡農軍南部基地
19108	戴蒙克隆防禦戰
19109	拉格南要塞
19110	暴風雪懸崖
19111	暴風雪懸崖
19112	聯盟軍北部兵營營地
19113	拉格南要塞入口
19114	交戰地區翅膀石 - 戴蒙克隆防禦戰
19115	交戰地區翅膀石 - 拉格南要塞入口
19116	拉格南要塞翅膀石 - 南門
19117	聯盟軍南部兵營翅膀石 - 聯盟軍南部兵營營地
19118	聯盟軍北部兵營翅膀石 - 聯盟軍北部兵營營地
19119	拉格南要塞 1樓
19120	飛行艇乘坐處
19121	要塞中心部
19122	亞卡農軍基地
19123	內城
19124	南門
20001	亡者地窟
20002	亡者地窟 地下1樓
20003	亡者地窟 地下2樓
20004	亡者地窟 地下3樓
20005	露天發掘地
20006	整修基地
20007	前進基地
20008	中心基地
21001	蜥蜴王巢穴
21002	仙人掌綠洲
21003	暴風峽谷
21004	沙洲峽谷
21005	亡者地窟入口
21006	哭喊山谷
21007	恐怖山谷
21008	沒有尖叫的巢穴營地
21009	蜥蜴王偵查營地
21010	利斯卡遺跡探查基地
21011	石柱遺跡
21012	沙洲荒蕪地
22001	魔女之城
22002	魔女之城 地上1樓
22003	魔女之城 地上2樓
22004	魔女之城 地上3樓
22005	魔女之城 地下1樓
22006	魔女之城 地下2樓
22007	塞雷納的中央庭園
22008	對策本部
22009	緊急本部
22010	古書籍保管室
22011	美術館
22012	第2圖書館
22013	第1圖書館
22014	魔法實習室
22015	中央大廳
22016	封印之房
22017	高級秘藥實驗室
22018	祭壇之房
23001	月之湖
23002	波拉艾利奴 佩格薩斯乘坐處
23004	月影森林
23005	月光水流森林
23006	幽禁地
23007	薄暮巢穴
23008	巴其溫聯盟軍營地
23009	緊急調查營地
23010	地精防禦營地
23011	亡命者小屋
23012	地精偵查基地
24001	黃金之路
24002	掠奪沙漠
24003	黃金之路北部
24004	黃金之路南部
24005	沙暴部落
24006	羅奇安基地
24007	封印遺跡
24008	西部偵查基地
24009	黃金之路基地
24010	海岸基地
24011	神殿廢墟
24012	遺忘街道營地
24013	邪教徒鎮壓營地
24014	水脈地區
25001	邪教徒神殿
25002	公會堂
25003	祭司館
25004	鎮壓軍防禦陣地
25005	移動之房
25006	信徒之房
25007	邪教徒神殿
25008	大禮拜堂
25009	再臨迴廊
25010	個人禮拜堂
25011	苦難迴廊
25012	次元之門
25013	復活迴廊
26001	生命溪谷
26002	白鼻心棲息地
26003	眾神的安息地
26004	神秘森林
26005	生命之泉
26006	森林守護者警戒哨所
26007	遺跡調查團野營地
27001	艾賽尼亞丘陵地帶
27002	夏克陣隱身處
27003	尖叫激戰地
27004	艾賽尼亞要塞
27005	沉默丘陵地
27006	丘陵地營地
27007	奪回營地
27008	遺棄的農區
27009	守備隊第1哨所
27010	守備隊第2哨所
27011	守備隊第3哨所
27012	守備隊第4哨所
27016	蝴蝶引誘場所
28001	汙染森林
28002	洛克安息地
28003	汙染山坡
28004	惡之巡禮路
28009	汙染度測定基地
28010	汙染預防場
29001	古代森林
29002	太古森林
29003	天藤森林
29004	遺忘野獸森林
29005	守備隊補給營地
29006	守備隊前進營地
30001	太陽庭園
30002	青色寧靜山谷
30003	賽蓮殿堂
30004	森林殿堂
30005	賽蓮庭園
30006	白色寧靜森林
30007	遺忘之塔
30008	引導神殿
30009	倒塌的神殿地
30010	青色寧靜調查營地
30011	神殿調查營地
30012	東部溪谷探索營地
30013	等待之地
30014	賽蓮之湖
30015	岩石懸崖部落
30016	謝絕友好團營地
30017	洛克之倉
30018	阿勒凱伊巢穴
30019	博得神殿入口
30020	太陽燈塔入口
30021	智慧樹
30022	設置魔法石場所
31000	拉坎祭壇
31001	冰凍海岸
31002	寒冰墓地
31003	冰凍大地
31004	溺死之湖
31005	寒冰暴風灣
31006	暴風之核
31007	冰河之灣
31008	海岸研究基地
31009	海岸監視基地
31010	遇難的帕提亞號
32001	暴君高原
32002	暴政原野
32003	狂氣兵營
32004	陰暗凍土
32005	傭兵團基地
32006	壓制原野
32007	暴君之心
32008	鎮壓基地
32009	霸徒克基地
32010	費比修實驗室入口
33001	惡靈古堡
33002	惡靈古堡入口
33003	東部補給路
33004	惡靈古堡1樓
33005	惡靈古堡2樓：淑女之房
33006	惡靈古堡3樓：紳士之房
33007	惡靈古堡4樓：小丑之房
33008	惡靈古堡5樓：薄暮之房
33009	惡靈古堡6樓：遊戲之廳
33010	惡靈古堡 地下1樓：悲鳴的實驗室
33011	惡靈古堡 地下2樓：永遠的拷問室
33012	扭曲監獄
33013	惡靈古堡 地下2樓：地獄警戒
33014	惡靈警戒哨所
33015	浸透基地
33016	地下基地
33017	惡靈古堡 地下通道
33018	邪靈術研究所入口
34001	寒冰凍原
34002	襲擊雪原
34003	哭喊冰河南部
34004	哭喊冰河北部
34005	冰凍的眼淚湖釣魚場
34006	暴風雪族激進派兵營
34007	食人精監視所
34008	狩獵者營地
34009	寒冰腳爪團總部
35001	古龍峽谷
35002	忘卻巢穴
35003	死亡溪谷
35004	魔力礦山
35005	魔力礦山營地
35006	艾雷尼溫營地
35007	峽谷臨時營地
36001	驅逐者溪谷
36002	痛哭山谷
36003	反叛者巢穴
36004	隱藏溪谷
36005	血之溪谷
36006	小丑監視2營地
36007	小丑監視1營地
36008	驅逐者監視營地
36009	窟拉德緒結界入口
37001	背叛岩窟 地下1樓
37002	背叛岩窟 地下2樓
37003	背叛岩窟 地下3樓
37004	探查本部營地
37005	岩窟防禦營地
37006	地下抑制營地
37007	煞雷諾調查營地
37008	苦痛之橋
37009	神之橋
37010	阿勒坤占領地
37011	背叛岩窟
38001	古代戰爭廢墟
38004	沛得淋峽谷
38005	火之原野
38006	破壞的古代都市
38007	發掘本部營地
38008	原野調查營地
38009	古代都市營地
38010	背叛岩窟入口
38011	黑色火花巢穴
38012	臨時隔離所
39001	迷亞阿拉克內雅
39002	蜘蛛巢窟下層
39003	蜘蛛巢窟中心部
39004	蜘蛛巢窟作戰哨所
39005	蜘蛛巢窟入口
39006	巨大蜘蛛棲息地
39007	蜘蛛巢窟監視哨所
39008	卡力古教團兵營
39009	復活祭壇
39010	卡力古教團鎮壓營地
39011	遺棄的實驗室
40001	隔離區
40002	隔離村莊
40003	汙染根源地
40004	廢礦村
40005	汙染原野
40008	遺棄的礦山營地
40009	遺棄的警戒哨所
40010	蜘蛛巢窟入口
40011	補給營地
41001	野蠻溪谷
41002	隱居基地
41003	監視基地
41004	野蠻溪谷北部
41005	奧坎支援基地
41006	挑戰競技場
41007	野蠻溪谷南部
41008	秘密接觸場所
42001	達坤神殿
42002	達坤神殿 地下2樓
42003	達坤神殿 地下3樓
42004	冰冷的血之殿堂
42005	冰雪殿堂
42006	寺印殿堂
42007	神殿迎賓室
42008	戰士團長室
42009	第1使徒之房
42010	醒悟之房
42011	鱗魄露臺
42012	神殿補給基地
42013	蛇眼之房
42014	戰士殿堂
43001	未開發地區
44001	未開發：漆黑洞窟
44002	未開發：漆黑洞窟 地上1樓
44003	未開發：漆黑洞窟 地上2樓
44004	未開發：漆黑洞窟 地上3樓
44005	未開發：漆黑洞窟 地上4樓
45001	青空溪谷
45002	侵攻橋頭堡
45003	武魂濕地
45004	偵查丘陵附近
45005	暴走陣地
45006	偵查丘陵
45007	武魂濕地營
45008	偵查支援營地
45009	暴走陣地營
45010	橋頭堡瞭望台
45011	阿勒坤生態研究野營地
45012	倒塌的阿勒坤要塞入口
45013	卡諾比亞前線移動控制所
46001	三個塔
46002	拉格艾法拉上層
46003	拉格莎迪上層
46004	拉格卡巴西上層
46005	三個塔下層
46006	拉格莎迪下層
46007	拉格艾法拉下層
46008	拉格卡巴西下層
46009	三個塔深層
46010	拉格艾法拉深層
46011	拉格莎迪深層
46012	拉格卡巴西深層
46013	中央廳
46014	三個塔研究本部
46015	洗腦研究營地
46016	精神研究營地
46017	融合研究營地
46018	三個塔上層
46019	動物研究宿舍
46020	植物研究宿舍
46021	運動研究宿舍
46022	生長研究宿舍
46023	變異研究宿舍
46024	進化研究宿舍
46025	拉格傳送室
47001	堤勒凱伊森林
47002	浸蝕的結霜森林
47003	遺棄的邊境森林
47004	前阿勒坤兵營
47005	破壞的咆哮森林
47006	結霜森林復原營地
47007	咆哮森林前進營地
47008	伐木班野營地
47009	調查班臨時野營地
47010	堤勒凱伊補給路
47011	石化蘑菇拆除地
47012	遺棄的阿勒坤陣地
47013	破壞的巡查者營地
47014	破壞的阿勒坤陣地
47015	石化蘑菇伐木場
47017	汙染之湖
48001	卡諾比亞前線
48002	卡諾比亞營地
48003	突擊隊營地
48004	兵器製作所
48005	阿勒坤指揮所
48006	最前線
48007	阿勒坤防禦線
48008	破壞的攻城兵器
48009	能量變換所
48010	地下地窟入口
49001	阿勒古內雅
49002	魔石採掘地
49003	能量儲藏庫
49004	阿勒坤集結地
49005	卡錫安樹
49090	南方翅膀石
49091	北方翅膀石
49092	東方翅膀石
50001	卡勒古內雅
50002	隱藏營地
50003	岩石下營地
50004	卡勒坤進化巢穴
50005	銀光鈴鐺
50006	青園廣場
50007	卡勒坤鐘乳石
50008	蘿蒂之泉
50009	珊德拉馬奈伊亞入口
50090	角落翅膀石
51001	阿爾卡笛亞峽谷
51002	極寒雪原
51003	食人精之地
51004	寒冰巨人洞窟
51005	禽獸峽谷
51006	酷寒峽谷營地
52001	遺忘者雪原
52002	沉默雪原
52003	異鄉人之棺
52004	熔岩祭壇
52005	眾神高爐
52006	黑暗橋梁營地
52007	高爐入場營地
52008	迷宮監視營地
52009	中央控制室
52010	悲痛之橋
52011	孤立的獵人營地
52012	鐵匠工房入口
53001	恐怖的迷宮
53002	恐怖迷宮 地下1樓
53003	恐怖迷宮 地下2樓
53004	恐怖迷宮 地下3樓
53006	惡夢殿堂
53007	尖叫殿堂
53008	悲鳴殿堂
53009	絕望殿堂
54001	妖精森林
54002	夢幻森林
54003	女神庭園
54004	妖精搖籃
54005	黃昏森林
54006	大關口監視營地
54007	庭園師營地
54008	黃昏森林營地
55001	暗影森林
55002	寂寞山谷
55003	薄暮庭園
55004	墮落者廣場
55005	排斥巢穴
55006	暗影守備營地
55007	血魔法團營地
55008	黑血野營地
55009	墮落巢穴
55010	伊斯蓮權杖
55011	薄暮營地
55012	薄暮谷
56001	黑暗森林
56002	犧牲者的岔路
56003	祭物森林
56004	漆黑祭壇
56005	達克難三岔路營地
56006	黑色泉水營地
56007	暗谷營地
57001	阿梅納夸特拉
57002	阿梅納夸特拉入口
57003	奈落入口
57004	席崁達里孵化場
57005	赤紅鐵槌營地
57006	破裂橋梁營地
57007	孵化場警備營地
57008	席崁特神殿
57009	復活祭壇
58001	巴德倫
59001	新月村莊
59002	新月村莊廣場
59003	新月村莊 佩格薩斯乘坐處
60001	伐木者村莊
60002	伐木者村莊廣場
60003	木材貯藏地
60004	伐木者村莊 佩格薩斯乘坐處
61001	卡斯塔尼卡
61002	歡樂街道
61003	獠牙街道
61004	典禮廣場
61005	技術街道
61006	慾望廣場
61007	歡樂街道
61008	薄暮之路
61009	凱亞之路
62001	荒涼港口
62002	荒涼港口 佩格薩斯乘坐處
62003	東部海岸調查團派遣地
63001	貝利卡
63002	貝利卡 移動管理所
63003	創造工房
63004	北門市場
63005	貝利卡北門
63006	魔法學院
63007	貝里克之梯
63008	自由廣場
63009	巴其溫聯盟司令部
63010	女神廣場
63011	戰士修練所
63012	青藍馬車街道
63013	貝利卡西門
63014	集會所
63015	南部商店街道
63016	北部商店街道
63017	貝利卡執政官室
63023	貝利卡近郊
63024	歸回所
63025	城市傳點
63026	天空方舟乘坐處
63027	貝利卡活動競技場入口
63028	貝利卡活動競技場
64001	遠征隊補給基地
64002	探險隊指揮所前
64003	團長棚屋前
64004	補給基地廣場
64005	遠征隊主要營地
64006	守備隊東部營地
64007	研究員宿舍
64008	太古神殿
64009	驚奇柱子柱基部
65001	仙人掌村莊
65002	佩格薩斯乘坐處
66001	沙漠休憩地
66002	佩格薩斯乘坐處
67001	波波利溫
67002	佩格薩斯乘坐處
68001	波拉艾利奴
69001	特羅立恩
69002	佩格薩斯乘坐處
70001	特利亞
70002	佩格薩斯乘坐處
70003	特利亞廣場
70004	特利亞領主館
70101	[等級58] 太陽慶典地區
70102	[等級48] 換角慶典地區
70103	[等級28] 豐饒慶典 - 自由食堂
70104	[等級18] 扈卡皮卡慶典 - 候季安營地
71001	阿吉斯研究所
71002	阿吉斯研究所 佩格薩斯乘坐處
72001	爾雷曼西亞
72002	爾雷曼西亞近郊
72003	爾雷曼西亞西部
72004	爾雷曼西亞中央廣場
72005	魔法學院
72006	爾雷曼西亞長老會
72007	商店街
72008	創造工房
72009	戰士修練所
72010	集會所
72011	移動管理所
72012	爾雷曼西亞移動管理所
72013	爾雷曼西亞執政官室
72099	爾雷曼西亞司令部
72100	威斯多尼亞大街
72101	艾賽尼亞大街
72102	潘諾尼亞大街
72103	佩格薩斯乘坐處
72112	爾雷曼西亞長老會
72113	神秘地帶
72114	歸回所
73001	阿卡倫
73002	阿卡倫 佩格薩斯乘坐處
74001	新艾雷諾
74002	新艾雷諾 佩格薩斯乘坐處
75001	拓荒者村莊
75002	拓荒者村莊 佩格薩斯乘坐處
75003	巨人叢林入口
76001	坎斯特利亞
76002	{@Rgn:76001} 佩格薩斯乘坐處
76090	坎斯特利亞翅膀石
76901	莉里斯城, 拉坎里斯的廢墟入口
77001	堤勒凱伊補給所
77002	堤勒凱伊補給所 佩格薩斯乘坐處
78001	聯盟軍指揮所
78002	{@Rgn:78001} 佩格薩斯乘坐處
79001	希望村莊
79002	希望村莊 佩格薩斯乘坐處
80001	魔龍陷落
80002	魔龍陷落 佩格薩斯乘坐處
81001	妖精安息地
81002	妖精安息地 佩格薩斯乘坐處
83001	冰洞鎖鑰
83002	冰洞鎖鑰 佩格薩斯乘坐處
84001	凱亞多勒
84002	凱亞多勒直轄領
84003	凱亞多勒西部關口
84004	凱亞的盾牌之橋
84005	凱亞的鐵槌之橋
84006	勝利之橋
84007	勝利廣場
84008	勇氣殿堂
84009	創造工房
84010	交易所
84011	商店街
84012	商店巷子
84013	南部移動管理所
84014	集會所
84015	秘密基地入口
84016	魔法學院
84017	凱亞多勒司令部
84018	戰士修練所
84019	商店巷子
84020	凱亞多勒北部關口
84021	凱亞多勒西門
84022	凱亞多勒北門
84023	凱亞多勒南門
84024	凱亞多勒執政官室
84025	勝利廣場北部大街
84026	北部移動管理所
84027	凱亞多勒
84101	卡琵納營地
85001	達芬聖地
86001	爾雷曼西亞東部
87001	燃燒的波拉艾利奴
87002	臨時難民營地
87003	月光水流森林
87004	奧坎占領地
87005	波拉艾利奴
87006	偵察隊臨時營地
90000	1~11
90001	10~25
90002	23~36
90003	27~38
90004	30~51
90005	38~43
90006	40~45
90007	44~46
90008	50~59
90009	53~58
90010	56~60
90011	33~57
90012	64~65
90013	63~64
90014	59~60
90015	60~65
90016	65
97201	安塔洛斯深淵入口
99000	提雅拉尼亞<br> 1~11
99001	西部砍伐區<br> 10~15
99002	遺忘森林<br>11~20
99003	咆哮侵略地<br> 16~20
99004	候季安保護區<br>  19~23
99005	永恆盆地<br>21~25 (68)
99006	狂氣丘陵<br> 23~25
99007	凡貝爾丘陵<br> 24~29
99008	帕拉諾峽谷<br> 24~29
99009	蜥蜴王巢穴<br>  27~30
99010	利卡諾勒曠野<br> 28~31
99011	絕望之島<br>30~33
99012	<br>31~32
99013	荒涼海岸<br>32~33
99014	月之湖<br>33~36
99015	遺忘巨人的都市<br>  35~38
99016	黃金之路<br>35~38
99017	汙染森林<br>38~41
99018	生命溪谷<br>38~41 (65)
99019	古代森林<br>38~42 (65)
99020	艾賽尼亞丘陵地<br> 38~43 (66)
99021	暴君高原<br> 40~45
99022	冰凍海岸<br> 41~43
99023	寒冰凍原<br>41~45
99024	隔離區<br>44~46
99025	野蠻溪谷<br> 45~46
99026	      47~51<br><br>貪婪溪谷<br><br>    31~32
99027	蛇之島<br>47~51
99028	爆炎山脈<br> 47~51
99029	暗影森林<br>50~53
99030	黑暗森林<br>50~53
99031	阿梅納夸特拉<br> 50~54
99032	古代戰爭廢墟<br>53~56 (67,69)
99033	驅逐者溪谷<br> 53~57
99034	古龍峽谷<br> 53~58
99035	妖精森林<br>56~59
99036	阿爾卡笛亞峽谷<br> 56~59
99037	遺忘者雪原<br>  56~60
99038	青空溪谷<br>45~48 (58)
99039	堤勒凱伊森林<br>33~36
99040	卡勒古內雅<br>64~65
99041	阿勒古內雅<br>64
99042	卡諾比亞前線<br>63~64
99043	太陽庭園<br>59~60 (67)
99044	原始之地<br>60~61
99045	巴拉卡尼亞丘陵地<br>  61~62
99046	古代巴拉卡遺跡<br>62~63 (68)
99047	帝國之地<br>63~65
99048	黎明庭園<br>  65
99049	洛克許莊園<br>70
99050	艾索杜勒大農場<br>71
99051	毗利氐安濕地<br>72
99052	貝爾亞克城堡<br>73
99053	核心地區<br>73
99054	北部外圍地帶<br>73
99055	南部外圍地帶<br>73
99999	(未探險地區)
102001	雪仗戰場
103001	雪仗戰場
103002	雪仗戰場
111001	鋼鐵戰場
111002	藍翼城堡
111003	紅旗城堡
111004	鋼鐵之湖激戰地
111005	藍翼前哨基地
111006	尖樹偵查基地
111007	紅旗前哨基地
111008	年邁峽谷偵查基地
112001	名譽戰場
112002	B隊要塞
112003	A隊要塞
112004	第1據點
112005	第2據點
112006	第3據點
113001	鬥志戰場(舊)
113002	A隊要塞
113003	B隊要塞
113004	修練聖所
114001	阿克拉團據點(舊)
115001	鬥志戰場
115002	A隊要塞
115003	B隊要塞
115004	修練聖所
116001	砲火戰場
116002	攻城隊要塞
116003	守城隊要塞
116004	第1據點
116005	第2據點
116006	第3據點
116007	左側外城門
116008	右側外城門
116009	左側梯子
116010	右側梯子
117001	庫魔斯世界
117002	庫魔斯世界內部
117003	庫魔斯世界野外
117004	寶物搬運場所
117005	淨化聖所
118001	地下激戰場
118002	海岸占領地
119001	逆轉修練場
152001	阿嵐夏的巢穴
152002	卡魯古斯的巢穴
152003	煞布拉尼惡的巢穴
172001	原始之地
172011	憤怒的野獸之路
172012	叢林變種螳螂巢穴
172013	卡邁依群落地
172014	浪花池塘
172015	變節的亞農宿營地
172016	每日活動組隊配隊
172017	亞農扺抗軍營地
172019	潮濕的蜘蛛窟
172020	神諭洞窟
172021	浪花池塘
172022	巴拉卡尼亞之路
172023	變節的亞農宿營地
172024	迷霧誘惑洞窟
172100	貝利卡
172101	原始之地
172111	亞農族避難營地
172112	變節的亞農宿營地翅膀石
172113	卡邁依群落地翅膀石
172114	亞農避難營地翅膀石
172115	亞農扺抗軍營地翅膀石
181001	古代巴拉卡遺跡
181002	安息之石
181003	飢餓峽谷
181004	深淵之城
181005	太古的心臟
181006	考古學研究所
181007	阿克德法臨時兵營
181008	沉睡者洞窟
181009	巴拉卡守備隊營地
181010	盜墓者營地
181011	秘密實驗室入口
181012	未知懸崖
181013	遺跡監視哨所
181014	伊露卡南門出入口
181015	飢餓峽谷翅膀石 - 巨大怪鳥棲息地
181016	飢餓峽谷翅膀石 - 時空石地帶
181017	太古的心臟翅膀石 - 阿克德法臨時兵營
181018	安息之石翅膀石 - 污染的遺跡守護地
181019	污染的遺跡守護地
181020	時空石地帶
181021	巨大怪鳥棲息地
181041	考古學研究所翅膀石
181042	遺跡監視哨所翅膀石
181043	巴拉卡守備隊營地翅膀石
182001	巴拉卡尼亞丘陵地
182002	巴拉卡尼亞商會
182003	亞農族集結地
182004	巴拉卡爾雷
182005	阿克德法前哨基地
182006	阿克德法實驗室
182007	阿克德法訓練場
182008	巴拉卡調查團派遣地
182009	巴拉卡調查團南部監視塔
182010	天空祭壇
182011	自由丘陵
182012	信念瀑布
182013	修練洞窟
182014	簡易洞窟倉庫
182015	天神之梯
182016	巴拉卡尼亞溫泉地區
182017	知識之路
182018	阿克德法武器庫入口
182019	巴其溫前哨基地
182030	巴拉卡尼亞商會翅膀石
182031	艾索杜勒起點
182100	巴拉卡爾雷西部翅膀石
182101	巴拉卡爾雷東部翅膀石
182102	天神之梯翅膀石
182103	知識之路北部翅膀石
182200	巴拉卡爾雷西部
182300	巴拉卡爾雷東部
182400	天神之梯
182500	知識之路北部
183001	伊露卡近郊
183002	伊露卡
183003	長老館
183004	商人之路
183005	知識教堂
183006	對練所
183007	緣份館
183008	時空館
183009	巴拉卡廣場
183010	商店街
183011	製造所
183012	瞭望台
183013	伊露卡 - 緣份館
183014	狩獵區轉送魔法石
183015	杜利溫的安息地入口
191001	帝國之地要塞內部 (臨時)
200001	佩格薩斯移動管理員
200002	狩獵區轉送魔法石
200003	公會管理員
200004	染色藥商人
200005	交易仲介人
200006	雜貨商人
200007	聲望商人
200008	印章兌換負責官
221501	吹牛王塔勒斯基的遊樂場
248001	卡諾比亞前線
249001	阿勒古內雅
250001	卡勒古內雅
302301	貝爾亞克城堡秘密地區入口
469001	帝國的領地: 約50年前
505111	新艾雷諾
505112	峽谷臨時營地
506001	貝利卡宴會場
506002	不明的傳點
506003	不明的傳點
506004	破壞的貝利卡宴會場
506005	世界之壁
506006	重拾和平的貝利卡宴會場
506015	不明的空間
506016	世界之壁
507001	不明的空間
508001	不明的空間
569001	拉格南城的記憶(1人)
599001	提雅拉尼亞
599002	樹根海岸
599003	守護者村莊入口
599004	守護者村莊
599005	提亞蘭神樹神殿
599006	巴其溫別動隊臨時崗哨
599007	天際丘陵
599008	青苔岩橋
599009	鬱陰峽谷
599010	樹液儲存量
599011	提雅拉尼亞佩格薩斯乘坐處
599012	幼根洞窟
780781	貝利卡地下關口
818001	秘密實驗室
818002	實驗室收容所通道
818003	實驗室收容所
818004	中央實驗室通道
818005	中央控制室
826001	拉格南要塞地下實驗室
827001	提雅拉尼亞
827002	樹根海岸
827003	守護者村莊
827004	守護者村莊入口
827005	樹液儲存量
828001	守護者村莊
828002	樹液儲存量
828003	戰鬥/魔法技能教官
828004	佩格薩斯管理員
829001	提亞蘭神樹
829002	提亞蘭神樹的心臟
905601	扭曲的法羅納時空間
905602	如被染成深紅色
905603	超過雷霆試煉
905604	我們要審判你們
905901	霧繚村莊
905902	惡靈村莊
905903	伯恩斯坦斷頭台
906701	殘暴費勒諾的實驗室入口
906702	兇爆汙頓之房附近
906703	殘暴費勒諾之房附近
906900	拉格南城地下
906901	拉格南城地上
906902	魔獸訓練場
906903	第1下水道處理廠
906904	地下收容所
906905	第2下水道處理廠
906906	引渡之房
906907	秘密通道
906908	內城
906909	武器研究室
906910	會客室
906911	穆拉的房間
906912	秘密祭壇
906913	穆拉宮殿入口處
907001	遊樂場入口
907002	遊樂場
950001	破壞的神界關口
950002	破壞的神界關口入口
973501	RK-9機庫
973502	RK-9機庫入口
975601	法羅納時空間
975602	如被染成深紅色
975603	超過雷霆試煉
975604	我們要審判你們
976701	費勒諾的實驗室入口
976702	汙頓之房附近
976703	費勒諾之房附近
976901	莉里斯城, 拉坎里斯的廢墟入口
976902	燃燒的庭園
976903	大殿堂
976904	莉里斯的空間
976905	試驗之路
976906	莉里斯城入口
978000	貝利卡地下關口
978001	貝利卡地下通道 - 入口
978002	可疑的通道
978003	被佔領的空洞
978004	貝利卡地下
978005	隱藏地下通道
978010	搖晃的通道
978011	卡巴圖爾的安息地
978020	湛藍魔力石室 - 入口
978021	湛藍魔力石室
978030	隱藏的異空間
978031	貝利卡地下關口
979501	庫札特的礦山
996901	莉里斯城, 拉坎里斯的廢墟入口
996902	燃燒的庭園
996903	大殿堂
996904	莉里斯的空間
996905	試驗之路
996906	莉里斯城入口
998000	倒塌的貝利卡地下關口
998001	貝利卡地下通道 - 入口
998002	可疑的通道
998003	被佔領的空洞
998004	倒塌的貝利卡地下
998005	隱藏地下通道
998010	搖晃的通道
998011	卡巴圖爾的安息地
998020	湛藍魔力石室 - 入口
998021	湛藍魔力石室
998030	隱藏的異空間
998031	倒塌的貝利卡地下關口
1810041	奧露卡神殿入口
2000000	洛克許莊園
2000001	艾索杜勒大農場
2000002	毗利氐安濕地
2000003	貝爾亞克城堡
2000004	核心地區
2000005	北部外圍地帶
2000006	南部外圍地帶
2000010	小莊園
2000011	洛克許的安息地
2000012	幼蟲孵化場
2000013	幼蟲孵化場入口
2000014	幼蟲孵化場出口
2000015	莊園乘坐處
2000016	洛克許的後院
2000017	洛克許宅邸
2000018	結晶溪谷
2000019	艾索杜勒探索營地
2000020	幼蟲孵化場天窗
2000021	隱藏的地區
2000100	庭園樹上游
2000101	庭園樹中游
2000102	庭園樹下游
2000103	分泌物儲藏庫
2000104	巴其溫聯盟前進基地
2000150	寶石蝴蝶回歸地
2001010	大農場乘坐處
2001011	那伽營地
2001012	利佩蘭斯基地入口
2001013	利佩蘭斯基地
2001014	利佩蘭斯基地出口
2001015	結晶體礦山
2001016	巴其溫聯盟 臨時營地
2001017	利佩蘭斯臨時營地
2001018	結晶體收集地
2001019	幼蟲飼養場
2001020	大農場守備營地
2001021	濕地方向乘坐處
2001022	隱藏的場所
2001023	阿茲拉農園
2001024	野獸飼育地
2001025	隱藏的湖泊
2001026	隱藏的地區
2001050	寶石結晶體收集地
2001051	蜂皇派勒普的狩獵區
2001052	蜂皇派勒普的休息處
2002001	濕地乘坐處
2002002	毗利氐安濕地入口
2002003	毗利氐安濕地
2002004	遺棄的哨所
2002005	暴食者的領土
2002006	龜裂地帶
2002007	怪物飼育地
2002008	強制收容所
2002009	眩惑花園
2002010	收容所橋梁
2002011	城堡方向乘坐處
2002012	生存者臨時居所
2002013	孤立的裂痕
2002014	隱藏的地區
2002050	黑暗溪谷
2003001	貝爾亞克城堡乘坐處
2003002	限制出入所
2003003	黑暗街道入口
2003004	黑色大門
2003005	黑色庭園北側
2003006	黑色庭園南側
2003007	貝爾亞克城堡
2003008	貝爾亞克城堡入口
2003009	貝爾亞克城堡下層
2003010	機關室前廣場
2003011	黑暗街道
2003012	利佩蘭斯臨時據點
2003013	防禦地區
2003014	限制區前廊
2003015	深層入口
2003016	深層走廊
2003017	封鎖區
2003018	貝爾亞克城堡上層
2003019	貝爾亞克城堡最下層
2003020	機關室前廊
2003021	封鎖區前廊
2003022	貝爾亞克城堡下層
2003023	貝爾亞克城堡深層
2003024	限制出入所天台
2003050	阿勒卡夫軍兵營
2003051	盧地馬部族棲息地
2003052	野獸之島
2010001	阿勒卡夫養殖場
2011001	空中庭園釣魚島
2012001	妖精池塘釣魚島
2013001	雲湖島
2014001	毗利氐安釣魚島
2015001	貝爾亞克後院釣魚島
2020001	亞剋卡拉索凱爾賽克隱藏地
2052001	核心地區阿勒卡夫進攻地
2054001	南部外圍阿勒卡夫進攻地
2100001	洛克許的安息地內部
2100002	移動至幼蟲孵化場。
2101001	幼蟲孵化場
2102001	懸崖審問所
2103001	黑核機關室第1層
2103002	黑核機關室第2層
2103003	黑核機關室第3層
3001001	秘密基地(1人)
3002001	凡貝爾宅邸(1人)
3003001	邪教徒隱身處(1人)
3004001	邪靈術研究所(1人)
3005001	黃金迷宮(1人)
3006001	阿卡莎隱身處(1人)
3007001	煞雷諾空中庭園(1人)
3008001	恐怖迷宮(1人)
3009001	暗黑塔(1人)
3010001	凱爾賽克巢穴(1人)
3011001	珊德拉馬奈伊亞(1人)
3017000	空洞的安塔洛斯深淵(7人) 開始起點
3017001	空洞的安塔洛斯深淵(7人) - 監禁區域
3017002	空洞的安塔洛斯深淵(7人) -斷頭台
3017003	空洞的安塔洛斯深淵(7人) - 試煉之房
3017004	貝利卡近郊
3017005	貝利卡近郊
3018000	漆黑的泰內布利斯城堡入口
3018001	大廣場
3018002	大圖書館
3018003	城堡天台
3019000	里安的地下殿堂入口
3019001	奈德拉的安息地入口
3019002	死刑執行場
3019003	扭曲的空間
3019004	扭曲的空間入口
3020000	金麟號
3024001	副本初始化後歸還
3025001	副本初始化後歸還
3026001	亞剋卡拉索凱爾賽克隱藏地
3026002	亞剋卡拉索凱爾賽克殿堂
3026003	衛星島
3101001	蜂蜜儲藏庫
3101002	女王的住處
3101003	覺醒劑投藥室
3201000	費爾奎娜巢穴入口
3201001	蜂蜜儲藏庫
3201002	女王的住處
3201003	覺醒劑投藥室
5051101	新艾雷諾
5051201	不明的空間
5051202	不明的空間
5051501	艾雷尼溫營地
5051701	不明的空間
5052501	不明的空間
8000001	貪婪迷宮 - 迷宮封鎖營地
8000002	貝利卡 - 巴其溫聯盟司令部
8000003	生命溪谷 - 遺跡地調查團
8000004	爆炎山脈 - 修利安對抗基地
8000005	恐怖迷宮 - 浸透基地
8000006	迷亞阿拉克內雅 - 4樓
8000007	永恆盆地 - 神秘地帶研究所
8000008	亡者地窟 - 露天發掘地
8000009	咆哮侵略地 - 鎮壓隊宿營地
8000010	遺忘巨人之都 - 調查基地
8000011	黎明庭園 - 先遣隊營地
8000012	絕望之島 - 鎮壓隊野營地
8000013	阿梅納夸特拉 - 席崁特封印地
8000014	阿梅納夸特拉 - 破裂橋梁營地
8000015	三個塔 - 中央廳
8000016	三個塔 - 拉格卡巴西
8000017	西部砍伐區 - 妖精之泉
8000018	魔女之城 - 緊急本部
8000019	達坤神殿 - 地下3樓
8000020	邪靈術研究所入口
8000021	黃金迷宮入口
8000022	驅逐者之塔 - 偵查基地
8000023	秘密基地入口
8000024	凡貝爾宅邸秘密入口
8000025	邪教徒隱身處入口
8000026	貪婪迷宮 - 地下2樓
8000027	海賊巢窟 1樓
8000028	海賊巢窟 2樓
8000029	邪教徒神殿 - 邪教徒鎮壓營地
8000030	邪教徒神殿 - 地下1樓
8000031	邪教徒神殿 - 地下2樓
8000032	食人族巢窟 - 地下2樓
8000033	食人族巢窟 - 地下3樓
8000034	惡靈古堡 - 惡靈警戒哨所
8000035	惡靈古堡 - 浸透基地
8000036	迷亞阿拉克內雅 - 2樓
8000037	迷亞阿拉克內雅 - 3樓
8000038	阿卡莎隱身處
8000039	阿卡莎隱身處入口
8000040	食人族巢窟 - 地下1樓
8000041	狂氣丘陵 - 北部監視哨所
8000042	亡者地窟 - 地下2樓
8000043	亡者地窟 - 地下3樓
8000044	亡者地窟 - 地下1樓
8000045	魔女之城 - 地下2樓
8000046	魔女之城 - 2樓
8000047	惡靈古堡 - 地下1樓
8000048	惡靈古堡 - 地下2樓
8000049	惡靈古堡1樓
8000050	漆黑祭壇
8000051	復活聖所
8000052	小丑別墅
8000053	熔岩之廳
8000054	黑暗森林 '暗谷營地'
8000055	阿梅納夸特拉 - 破裂橋梁營地
8000056	驅逐者溪谷 '小丑監視2 營地'
8000057	遺忘者雪原 '高爐入場營地'
8000058	凱爾賽克巢穴/聖所入口
8000059	凱亞多勒執務室
8000060	凱亞多勒執政官室
8000061	凱亞多勒司令部入口
8000062	煞雷諾調查營地(地下2樓)
8000063	岩窟防禦營地(地下2樓)
8000064	地下抑制營地(地下3樓)
8000065	探查本部營地(地下1樓)
8000066	岩窟防禦營地(地下2樓)
8000067	地下抑制營地(地下3樓)
8000068	探查本部營地(地下1樓)
8000069	煞雷諾調查營地(地下2樓)
8000070	地下抑制營地(地下3樓)
8000071	探查本部營地(地下1樓)
8000072	煞雷諾調查營地(地下2樓)
8000073	岩窟防禦營地(地下2樓)
8000074	背叛岩窟 - 神之橋
8000075	凱亞多勒執政官室入口
8000076	小丑別墅
8000077	暗黑塔 (攻擊隊)
8000078	恐怖迷宮 (攻擊隊)
8000079	阿卡莎隱身處 (攻擊隊)
8000080	凱爾賽克巢穴
8000081	暗黑塔入口
8000082	凱亞多勒司令部
8000083	恐怖迷宮入口
8000084	死亡祭壇入口
8000085	補給營地
8000086	札巴勒曼巢窟入口
8000087	窟拉德緒結界入口
8000088	凱亞多勒集會所
8000089	不滅者安息地
8000090	阿卡倫前公墓
8000091	前線地下地窟入口
8000092	太陽燈塔入口
8000093	貝利卡極寒試驗場
8000094	天群釣魚場
8000095	荒涼港口釣魚場
8000096	月之湖釣魚場
8000097	食人沼澤釣魚場
8000098	冰凍的眼淚湖釣魚場
8000099	賽蓮之湖釣魚場
8104000	拉坎祭壇入口
8104002	扭曲的拉坎祭壇入口
8999001	貝里克神殿
9001001	沙魔爾官邸
9002001	生命之泉
9003001	爆炎山脈深層
9006001	恐怖的迷宮
9007001	突沙軍團指揮所
9008001	瑪拉基實驗室
9009001	瑪拉基實驗室
9011001	鐵匠工房
9012001	三個塔上層部
9013001	阿勒坤能量儲藏庫
9014001	卡諾比亞激戰地
9015001	黎明庭園海岸
9016001	黎明庭園
9017001	太陽燈塔
9018001	前線地下地窟
9019001	神秘地帶研究所前院
9020001	秘密基地後門
9021001	隱藏地窟
9022001	苦痛殿堂
9023001	庫特摩修克隱身處
9024001	遺棄的教堂
9024002	破壞的教堂
9024003	守護騎士團之房
9024004	魔羯召喚室
9025001	博得神殿
9025090	神殿 - 入口
9025091	神殿 - 迷路
9025092	神殿 - 池塘
9025093	神殿 - 庭園
9025094	神殿 - 地下
9025095	神殿 - 中央
9025096	神殿 - 聖所
9025097	遺物之房
9025098	神殿之橋
9026001	阿勒坤魅迪提亞
9026002	血光暴食者之房
9026003	干達勒巴安息地
9026004	尼勒巴奈監視塔
9026005	混亂空間
9027001	珊德拉馬奈伊亞(高階)
9027002	珊德拉馬奈伊亞本堂(高階)
9028001	瑪拉基實驗室
9029001	復活教堂
9029002	傭兵等待室
9029003	守護騎士團之房
9029004	復活殿堂
9029005	復活教堂入口
9031001	阿卡莎隱身處(試驗的副本)
9032001	黃金迷宮(試驗的副本)
9033001	兇暴基露卡爾的洞穴(試驗的副本)
9034001	殘酷幻影之塔入口
9034002	殘酷幻影之塔第2層
9034003	殘酷幻影之塔第3層
9034004	殘酷幻影之塔第4層
9034005	殘酷幻影之塔第5層
9034006	殘酷幻影之塔第6層
9034007	殘酷幻影之塔第7層
9034008	殘酷幻影之塔第8層
9034009	殘酷幻影之塔第9層
9034010	殘酷幻影之塔第10層
9034011	殘酷幻影之塔第1層
9036001	卡若斯帢召喚地
9037001	暗黑裂縫入口
9038001	未知叢林
9039001	護送隊襲擊地
9040001	貝利卡廣場
9041001	貝利卡東門
9042001	貝利卡司令部
9043000	魔法師要塞入口
9043001	魔法師要塞(高階)
9043002	魔法師基地(高階)
9043003	魔法師要塞入口
9043004	魔法師要塞陷阱房
9043005	魔法師基地
9043006	魔法師要塞(攻擊隊)
9043011	魔法師要塞(高階)
9043021	魔法師要塞(高階)
9043031	魔法師要塞(高階)
9043041	魔法師要塞(高階)
9043051	魔法師要塞(高階)
9043061	魔法師要塞(高階)
9043071	魔法師要塞(高階)
9043081	魔法師要塞(高階)
9043091	魔法師要塞(高階)
9043101	魔法師要塞(高階)
9043111	魔法師要塞(高階)
9043121	魔法師要塞(高階)
9044000	巴哈勒神殿入口
9044001	巴哈勒神殿
9044002	巴哈勒神殿 - 封印之門
9044003	巴哈勒神殿 - 火神殿堂
9044004	巴哈勒神殿 - 火神殿堂
9045001	頓帕頓帕的巢穴
9045002	雷奧帕特里爾利村莊
9046001	受咒綠洲
9046002	巨大的實驗場所
9047001	萬聖節副本
9048001	骰子副本(暫定)
9048002	骰子副本(正殿)(暫定)
9050000	卡舒帕露峽谷入口
9050001	利札德村莊
9050002	挑戰者的岔路
9050003	巨大食蟲植物庭園
9050004	巨大虎頭蜂洞窟
9050005	巨大金龜子巢穴
9050006	卡舒帕露峽谷
9050007	貪婪的卡舒帕露峽谷
9050008	懸崖路飛行艇大門
9051001	骯髒神殿
9051002	地下
9051003	庭園
9051004	聖所
9051005	階梯
9051006	骯髒神殿 - 地下
9051007	骯髒神殿 - 庭園
9051008	骯髒神殿 - 聖所
9052001	血腥慶典場
9052002	儀式之房
9052003	宴會場
9052004	血腥慶典場 - 宴會場
9052005	血腥慶典場 - 儀式之房
9053001	巨人叢林(七人）
9054001	邪惡的奧露卡神殿
9054002	隱藏地窟
9054003	神殿 - 入口
9054004	海地隧道
9054005	漩渦之房
9054006	配角之房
9054007	神殿正殿
9054008	奧露卡激戰之地
9054009	奧露卡神殿
9055002	哈露奇亞的安息地
9055003	巨猴巢窟
9055004	暗殺者的隱身處
9055005	哈露奇亞的巢穴
9055008	哈露奇亞的安息地入口
9055009	哈露奇亞的巢穴
9056001	法羅納的時空間入口
9056002	雷電考驗
9056003	黑之魔人
9056004	法羅納的時空核
9056005	法羅納的時空核
9057001	傲慢的阿凱倫炎獄
9057002	傲慢的阿凱倫炎獄入口
9060001	聯合調查團派遣箱
9060002	惡人凱利班突擊船
9060003	船上架橋
9060004	惡人凱利班突擊船
9060005	貨物裝載室
9060006	調查團派遣箱甲板
9061001	巨人遺跡地
9065001	女神花園
9066001	宮殿前院
9066002	岱魔魯斯的輪盤
9066003	岱魔魯斯的輪盤 - 入口
9068001	暴君杜利溫的安息地
9068002	看門人之房
9068003	變形黑魔法石的深淵
9068004	杜利溫的個人安息地
9068005	變形的黑魔法石洞穴
9070001	吹牛王塔勒斯基的遊樂場
9071001	邪靈術研究所
9071003	邪靈監獄
9071004	看守長之房
9071005	兄弟團宿舍
9071006	邪靈術實驗室
9071007	苦痛禮拜堂
9071008	邪靈術本堂
9071009	秘密通道
9072001	黃金迷宮
9072002	野獸之棺
9072003	補給倉庫
9072004	祭物之棺
9072005	試驗之棺
9072006	看門人之棺
9073001	暗黑塔
9073002	暗黑塔 1樓
9073003	暗黑塔 2樓
9073004	暗黑塔 3樓
9073005	暗黑塔 4樓
9073006	暗黑塔 5樓
9073007	奈落的中央廳
9073008	悲痛監獄
9073009	死亡祭壇
9073010	骨肉之棺
9074001	復活聖所
9075001	凱爾賽克巢穴
9075002	守護者之房
9075003	凱爾賽克殿堂
9076001	恐怖的迷宮
9077001	巴特沙漠
9077002	巴特競技場
9077003	藍牙庫札特部落
9077004	藍牙地精部落
9078001	費比修實驗室
9078002	費比修統制實驗室
9078003	受咒的卡伊盾軍本營
9078004	受咒的本營調查營地
9079001	札巴勒曼蒼穹
9079002	札巴勒曼隱身處
9079003	古代野獸森林
9079004	德法親衛隊野營地
9080001	窟拉德緒結界
9080002	不滅者安息地
9080003	永生神殿
9080004	永生森林
9081001	極寒修練場
9082001	鐵壁修練場
9083001	突破修練場
9087001	秘密基地
9087002	敗殘兵秘密基地
9087003	阿特爾阿卡德總部
9088001	凡貝爾宅邸
9088002	宅邸地下
9088003	宅邸地上
9088004	魔石生產裝置
9089001	邪教徒隱身處
9089002	驚奇之棺
9089003	墮落之棺
9089004	憎惡之棺
9090001	森林小徑
9091001	次元結界
9092001	達坤之墓
9093001	阿卡莎隱身處
9093002	疫病迴廊
9093003	血之殿堂
9093004	卡若斯帢棲息地
9093005	奇異殿堂
9093006	驚奇殿堂
9093007	阿卡莎殿堂
9094001	煞雷諾空中庭園
9094002	第1關口
9094003	第2關口
9094004	第3關口
9094005	最終關口
9095001	業火之坑
9095002	記錄競爭副本入門
9095003	記錄競爭副本本堂
9095004	有勇氣的挑戰者試驗
9095005	嗜血的虐殺者試驗
9095006	繁殖的執行者試驗
9095007	不敗的意志空間
9095008	執念的虐殺者試驗
9096001	席幽卡迴廊
9124002	貝利卡 - 貝利克之梯
9126001	佩特萊養成所
9126002	守護者訓練所
9126101	爾雷曼西亞 - 移動管理所
9128101	凱亞多勒 - 勝利廣場
9503001	巴其溫聯盟總司令官的官邸
9611001	兇暴基露卡爾的洞穴
9618001	貝利卡 活動競技場
9643001	魔法師要塞
9643002	魔法師基地
9643011	魔法師要塞
9643021	魔法師要塞
9643031	魔法師要塞
9643041	魔法師要塞
9643051	魔法師要塞
9643061	魔法師要塞
9643071	魔法師要塞
9643081	魔法師要塞
9643091	魔法師要塞
9643101	魔法師要塞
9643111	魔法師要塞
9643121	魔法師要塞
9681001	貝里克之夢
9681002	貝里克之夢
9681003	貝里克女神的扭曲之夢
9681004	貝里克之夢
9681005	貝里克之夢
9681006	貝利卡地下關口
9681007	貝里克之夢
9710001	扭曲的拉坎祭壇
9710002	惡之集結地
9710003	扭曲空間
9710004	破壞的祭壇
9711001	兇暴基露卡爾的洞穴
9711002	兇暴基露卡爾的洞穴入口
9713001	奇利安森林 (付費)
9713002	奇利安森林入口
9713003	守門人空地
9713004	守護者空地
9713005	奇利安聖所
9714001	付費專用空間
9716001	艾爾凱拉斯號
9716002	艾爾凱拉斯號 - 搭乘區
9716003	艾爾凱拉斯號 - 指揮室
9716004	艾爾凱拉斯號 - 動力室
9716005	艾爾凱拉斯號 - 艙板
9720000	安塔洛斯深淵開始地點
9720001	安塔洛斯深淵 - 監禁區域
9720002	安塔洛斯深淵 - 斷頭台
9720003	安塔洛斯深淵 - 試煉之房
9720004	貝利卡近郊
9720005	貝利卡近郊
9724001	遺棄的教堂(攻擊隊)
9724002	破壞的教堂
9724003	守護騎士團之房
9724004	魔羯召喚室
9725001	博得神殿(攻擊隊)
9725090	神殿 - 入口(攻擊隊)
9725091	神殿 - 迷路(攻擊隊)
9725092	神殿 - 池塘(攻擊隊)
9725093	神殿 - 庭園(攻擊隊)
9725094	神殿 - 地下(攻擊隊)
9725095	神殿 - 中央(攻擊隊)
9725096	神殿 - 聖所(攻擊隊)
9725097	遺物之房(攻擊隊)
9725098	神殿之橋(攻擊隊)
9726001	阿勒坤魅迪提亞 (攻擊隊)
9726002	血光暴食者之房(攻擊隊)
9726003	干達勒巴安息地(攻擊隊)
9726004	尼勒巴奈監視塔(攻擊隊)
9726005	混亂空間(攻擊隊)
9727001	珊德拉馬奈伊亞
9727002	珊德拉馬奈伊亞本堂
9735001	能量增幅實驗設施
9735002	機庫通風設施
9735003	磁場實驗設施
9735004	零件再處理設施
9735005	限制區域: D
9735006	限制區域: E
9735007	限制區域: RK-9機庫
9739000	革命團總部入口
9739001	革命團總部鐵匠場
9739002	革命團總部兵器倉庫
9739003	村外遺跡
9739004	潛入通道
9743001	魔法師要塞(攻擊隊)
9743002	魔法師基地
9743011	魔法師要塞(攻擊隊)
9743021	魔法師要塞(攻擊隊)
9743031	魔法師要塞(攻擊隊)
9743041	魔法師要塞(攻擊隊)
9743051	魔法師要塞(攻擊隊)
9743061	魔法師要塞(攻擊隊)
9743071	魔法師要塞(攻擊隊)
9743081	魔法師要塞(攻擊隊)
9743091	魔法師要塞(攻擊隊)
9743101	魔法師要塞(攻擊隊)
9743111	魔法師要塞(攻擊隊)
9743121	魔法師要塞(攻擊隊)
9756001	法羅納的時空間入口
9756002	雷電考驗
9756003	黑之魔人
9756004	法羅納的時空核
9756005	法羅納的時空核
9757001	阿凱倫炎獄
9757002	阿凱倫炎獄入口
9757003	瑪葛泰嫩位置
9757004	多勒突瑪位置
9757005	凱勒拉斯位置
9760001	聯合調查團派遣箱
9760002	凱利班突擊船
9760003	船上架橋
9760004	凱利班突擊船
9760005	貨物裝載室
9760006	調查團派遣箱甲板
9766001	赤紅海團的陷阱
9766002	荒涼海岸
9766003	赤紅海賊團的陷阱入口
9768001	杜利溫的安息地
9768002	看門人之房
9768003	變形黑魔法石的深淵
9768004	杜利溫的個人安息地
9768005	變形的黑魔法石洞穴
9770001	被破壞的空地
9770002	被破壞的城
9770003	拉坎里斯的空間
9770004	拉坎里斯的廢墟入口
9773001	暗黑塔 (攻擊隊)
9773002	暗黑塔(攻擊隊) 1樓
9773003	暗黑塔(攻擊隊) 2樓
9773004	暗黑塔(攻擊隊) 3樓
9773005	暗黑塔(攻擊隊) 4樓
9773006	暗黑塔(攻擊隊) 5樓
9773007	奈落的中央廳(攻擊隊)
9773008	悲痛監獄(攻擊隊)
9773009	死亡祭壇(攻擊隊)
9773010	骨肉之棺(攻擊隊)
9775001	凱爾賽克巢穴
9775002	守護者之房
9775003	凱爾賽克殿堂
9776001	恐怖迷宮 (攻擊隊)
9776002	恐怖迷宮(攻擊隊) 地下1樓
9776003	恐怖迷宮(攻擊隊) 地下2樓
9776004	恐怖迷宮(攻擊隊) 地下3樓
9776005	惡夢殿堂(攻擊隊)
9776006	尖叫殿堂(攻擊隊)
9776007	悲鳴殿堂(攻擊隊)
9776008	絕望殿堂(攻擊隊)
9777001	古代的低下暗渠
9777002	古代地下暗渠入口
9777003	地下水道 - 監視者之房
9777004	地下水道 - 水道怪物的洞穴
9777005	地下水道 - 殿堂
9777006	地下水道 - 殿堂
9781001	貝里克神殿 - 庭園
9781002	貝里克神殿 - 會客室
9781003	貝里克神殿 - 貝里克女神的居所
9781004	貝里克神殿 - 大廣場
9781005	貝里克神殿 - 旁路
9781006	貝利卡地下關口
9781007	貝里克神殿 - 入口
9782000	里安的地下殿堂入口
9782001	奈德拉的安息地
9782002	死刑執行場
9782003	扭曲的空間
9782004	扭曲的空間入口
9783000	泰內布利斯城堡入口
9783001	大廣場
9783002	大圖書館
9783003	城堡天台
9793001	阿卡莎隱身處 (攻擊隊)
9793002	疫病迴廊(攻擊隊)
9793003	血之殿堂(攻擊隊)
9793004	卡若斯帢棲息地(攻擊隊)
9793005	奇異殿堂(攻擊隊)
9793006	驚奇殿堂(攻擊隊)
9793007	阿卡莎殿堂(攻擊隊)
9794001	隱藏地窟入口
9794002	陰暗的採礦所
9794003	賽伊洛斯研究室
9794004	賽伊洛斯研究基地入口
9801001	暗黑次元的異空間
9801002	貝利卡歸回所
9801003	爾雷曼西亞歸回所
9801004	凱亞多勒歸回所
9802001	暗黑次元的異空間
9803001	暗黑次元的異空間
9804001	凱爾賽克巢穴
9808001	阿克德法武器庫
9808002	武器庫第 1 防禦怪獸
9808003	武器庫第 2 防禦怪獸
9808004	武器庫第 3防禦怪獸
9808005	阿克德法武器庫
9808006	黑魔法中心地
9808007	黑魔法中心地
9808008	黑魔法之核
9808009	黑魔法之核
9809001	戴蒙克隆實驗室
9809002	戴蒙克隆實驗室
9809003	戴蒙克隆實驗室
9809004	戴蒙克隆實驗室
9809005	戴蒙克隆實驗室
9809010	戴蒙克隆實驗室入口
9810001	拉坎祭壇
9810002	拉坎祭壇
9810003	拉坎祭壇(入口階梯)
9810004	拉坎祭壇(拉坎之路)
9810005	拉坎祭壇(崇拜之房)
9811001	黑暗洞窟
9811002	黑暗洞窟入口
9813001	奇利安森林
9813002	奇利安森林入口
9813003	守門人空地
9813004	守護者空地
9813005	奇利安聖所
9814001	阿魯卡那克那伊亞
9821001	拉格南要塞 2樓
9822001	阿克德法秘密基地
9823001	艾爾凱亞號
9823002	艾爾凱亞號內部
9823003	艾爾凱亞號艙板
9825001	博得神殿(1人)
9825090	神殿 - 入口
9825091	神殿 - 迷路
9825092	神殿 - 池塘
9825093	神殿 - 庭園
9825094	神殿 - 地下
9825095	神殿 - 中央
9825096	神殿 - 聖所
9825097	遺物之房
9825098	神殿之橋
9830001	天空競技場 (單人)
9830002	伊露卡 - 對練所
9833003	魔力礦山營地
9833004	魔力礦山
9833005	峽谷臨時營地
9833006	忘卻巢穴
9833007	艾雷尼溫營地
9860001	聯合調查團派遣箱
9860002	弱化凱利班突擊船
9860003	船上架橋
9860004	弱化凱利班突擊船
9860005	貨物裝載室
9860006	調查團派遣箱甲板
9871001	邪靈術研究所(1人)
9871003	邪靈監獄
9871004	看守長之房
9871005	兄弟團宿舍
9871006	邪靈術實驗室
9871007	苦痛禮拜堂
9871008	邪靈術本堂
9871009	秘密通道
9872001	黃金迷宮(單人)
9872002	野獸之棺
9872003	補給倉庫
9872004	祭物之棺
9872005	試驗之棺
9872006	看門人之棺
9873001	暗黑塔(單人)
9873002	暗黑塔(1人) 1樓
9873003	暗黑塔(2人) 2樓
9873004	暗黑塔(3人) 3樓
9873005	暗黑塔(4人) 4樓
9873006	暗黑塔(5人) 5樓
9873007	奈落的中央廳(1人)
9873008	悲痛監獄(1人)
9873009	死亡祭壇(1人)
9873010	骨肉之棺(1人)
9885001	幻影之塔
9885002	展開戰鬥的空間
9885003	幻影之塔入口
9885004	幻影之塔 第16層
9887001	秘密基地(1人)
9887002	敗殘兵秘密基地
9887003	阿特爾阿卡德總部
9888001	凡貝爾宅邸(1人)
9888002	宅邸地下
9888003	宅邸地上
9888004	地下寺院(1人)
9889001	邪教徒隱身處(1人)
9889002	驚奇之棺
9889003	墮落之棺
9889004	憎惡之棺
9900001	原地
9911001	憤怒的凱爾賽克聖所
9911002	守護者之房(襲擊)
9911003	凱爾賽克殿堂(襲擊)
9916001	暴風的艾爾凱拉斯號
9916002	暴風的艾爾凱拉斯號 - 搭乘區
9916003	暴風的艾爾凱拉斯號 - 指揮室
9916004	暴風的艾爾凱拉斯號 - 動力室
9916005	暴風的艾爾凱拉斯號 - 艙板
9920000	空洞的安塔洛斯深淵開始地點
9920001	空洞的安塔洛斯深淵 - 監禁區域
9920002	空洞的安塔洛斯深淵 - 斷頭台
9920003	空洞的安塔洛斯深淵 - 試煉之房
9920004	貝利卡近郊
9920005	貝利卡近郊
9935001	能量增幅實驗設施
9935002	機庫通風設施
9935003	磁場實驗設施
9935004	零件再處理設施
9935005	限制區域: D
9935006	限制區域: E
9935007	限制區域: RK-9機庫
9939000	森嚴的革命團總部入口
9939001	森嚴的革命團總部鐵匠場
9939002	森嚴的革命團總部兵器倉庫
9939003	村外遺跡
9939004	潛入通道
9950001	破壞的神界關口
9950002	破壞的神界關口 - 中央戰鬥區域
9950003	破壞的神界關口 - 絕壁戰鬥區域
9970001	被破壞的空地
9970002	被破壞的城
9970003	拉坎里斯的空間
9970004	拉坎里斯的廢墟入口
9975001	暴走的凱爾賽克聖所(高階)
9975002	守護者之房(襲擊)
9975003	凱爾賽克殿堂(襲擊)
9979001	札巴勒曼巢窟
9979002	札巴勒曼隱身處
9979003	古代野獸之林
9979004	德法親衛隊野營地
9981001	塌陷的貝里克神殿 - 庭園
9981002	塌陷的貝里克神殿 - 會客室
9981003	塌陷的貝里克神殿 - 貝里克女神的居所
9981004	塌陷的貝里克神殿 - 大廣場
9981005	塌陷的貝里克神殿 - 旁路
9981006	貝利卡地下關口
9981007	塌陷的貝里克神殿 - 入口
9982000	里安的地下殿堂入口
9982001	奈德拉的安息地
9982002	死刑執行場
9982003	扭曲的空間
9982004	扭曲的空間入口
9983000	漆黑的泰內布利斯城堡入口
9983001	大廣場
9983002	大圖書館
9983003	城堡天台
9990001	攻擊！
9990002	防禦！
9990003	危險！
9990004	集合！
9994001	隱藏地窟入口
9994002	陰暗的採礦所
9994003	賽伊洛斯研究室
9999998	正在開發地圖中的地區。
9999999	無法顯示地圖的地區。
10230001	阿勒卡夫孵化場(1人)
10230002	阿勒卡夫孵化場
30231000	貝爾亞克城堡秘密地區
30231001	貝爾亞克城堡秘密地區 - 儲藏庫
30231002	貝爾亞克城堡秘密地區 - 實驗室
30232000	巴其溫聯盟前進基地
96431504	捷徑
