1	Мир
2	Внешний мир
101	Арун
102	Южная Шара
103	Северная Шара
104	Северный Арун
105	Эксодор
106	Осний Агайя
107	Battle Arena
110	Подземная арена
111	Стальная арена
112	Каньон Фрейвинд
113	Небесная Арена (старая)
114	Акраданская база (старая)
115	Небесная Арена
116	Твердыня корсаров
117	Кумасшествие
118	База кумасов
152	Велика: Эпоха смуты
156	Состязание за золотые монеты
162	Прибрежная арена
200	Остров Зари
201	Велика
202	Остров Зари
203	Аркадия
204	Попория
205	Вал-Ауреум
206	Остгарат
207	Балдера
208	Пустоши Велики
209	TBD
210	Аллемантея
211	Вал-Элениум
212	Вестония
213	Эссения
214	Вал-Палрада
215	Район Веритас
216	TBD
217	TBD
218	Кайатор
219	Лоркада
220	Силванот
221	Вал-Тиркай
222	Вал-Кэли
223	Район Хелкан
224	TBD
225	TBD
226	Вал-Орин
227	Тайное место
260	Арена
265	Битва на побережье
291	Западное поле битвы
500	Проход Мелрикас
505	Разрушенный банкетный зал Велики
506	Банкетный зал Велики
507	Путь Мистель
508	Внутренний мир
510	Доп. задание "Начало кошмара"
612	Группа для исследования Эксодора
613	Главный штаб по решению проблемы окаменения
614	Организация поддержки жителей Валькиона
615	Юстициары Эксодора
616	Риверан
620	Событие Птицы Счастья
622	Событие Птицы Счастья
628	Событие Птицы Счастья
833	Вирмово ущелье
1001	Руинвельд
1002	Балдерон
1003	Западный лагерь в Балдере
1004	Источник Аруна
1005	Центральный лагерь в Балдере
1006	Шурская база
1007	Шурские северные ворота
1008	Приют культистов
1009	Призрачный лес
1010	Шурская база
1011	Сад отступников
1012	Перекресток мучений
1023	Зона событий/умений
1832	[Бессмертный воин] Арена безумия
2001	Дивный лес
2002	Лесной форпост
2003	Пруд фей
2004	Скарвуд
2005	Заброшенная ферма
2007	Лесной тракт
2008	Эльдрунский лес
2009	Даркрутский лес
2010	Лагерь в долине Фейвайн
2011	Перекресток
2012	Болотная тропа
2013	Деревня Эвергрин
2015	Хижина Маона
2016	Лагерь Арона
2017	Духовное убежище
2018	Иссохший лес
2050	Область ядра
2105	Командный центр (Одиночный игрок)
2106	Сонный паралич Лукмии (один игрок)
2500	Осний Агайя
2501	Запечатанная местность
2502	Лес отступников
2503	Треллум-Консурго
2504	Машинное отделение Эксодора
2530	Тренировочный лагерь героев
3001	Леса Забвения
3002	Кладбище Берзерад
3003	Кровавая тропа
3004	Дэва-Сильва
3005	Звериный дол
3006	Укрепленный лагерь
3007	Застава Авангарда
3008	Могила Восставшего рыцаря
3009	Пещера гнетущего эха
3010	Звериный дол
3011	Застава авангарда в Лесах Забвения
3012	База хранителей
3017	Омут Бездушного Антароса (7 чел.)
3018	Крепость Темного Тенебриса (7 чел.)
3019	Заброшенная мастерская Леандра (7 чел.)
3020	Судно 'Золотая чешуя'
3023	Секретное подземелье крепости Берарк
3024	Инкубатор Аргафа
3025	Инкубатор Аргафа
3026	Логово Келсаика
3027	Арена безумия
3028	[Тренировка] Мастерская Леандра (сложно)
3029	[Тренировка] Омут Бездушного Антароса
3030	Старая резиденция
3031	Зона ядра
3032	[Тренировка] Секретное подземелье крепости Берарк
3033	[Тренировка] Гнездо Паркин (сложно)
3034	Ангар RK-9 (сложно)
3036	Небесный крейсер (сложно)
3037	[Тренировка] Святилище Бахаара
3040	Сонный паралич Лукмии (Подземелье испытаний)
3041	Вершина Проклятой крепости Тенебриса
3042	Место казни (Подземелье испытаний)
3043	Вершина Крепости Тенебриса
3044	Последний этаж захваченной крепости Тенебриса
3045	Хранилище Дуриона
3046	Лаборатория слияния (Подземелье испытаний)
3047	Обитель Шандры Манайи (сложно)
3048	Тайный тренировочный лагерь
3049	Святилище Велики
3050	Затерянный небесный сад
3051	Величественный Остров Зари
3052	Хранилище Дуриона
3053	Храм Велики
3054	Сон Велики
3055	Обитель Шандры Манайи (сложно, соло)
3056	Ледяной трон (соло)
3101	Гнездо Паркин
3102	Командный центр
3103	Арена безумия
3104	Сонный паралич Лукмии (легко)
3105	Лаборатория слияния
3106	Место казни
3107	Испытательный полигон Бьюрндена
3108	Проклятый Омут Антароса
3109	Ледяной трон
3126	Логово Бессмертного Келсаика
3201	Гнездо сверкающей Паркин
3202	Командный центр (сложно)
3203	Арена безумия
3204	Сонный паралич Лукмии (сложно)
3205	Заколдованная лаборатория слияния
3206	Окровавленное место казни
3209	Ледяной трон Хаоса
4001	Фирмаунт
4002	Серные взгорья
4003	Пылающая долина
4004	Расплавленный предел
4005	Ущелье Бахаара
4006	Кузня Ярости
4007	Застава у Котла
4008	База бесстрашных
4009	База доблестных
4010	Рудник Делтин
4011	Рудник Тансин
4012	Вход в убежище Акаши
4013	Предгорья
4014	Вход в Святилище Бахаара
5001	Трясина Туванги
5002	Гарнизон Туванги
5003	Лощина ветров
5004	Болотище
5005	Селение Туванги
5006	Пруд Великой Лягушки
5008	Моховая лощина
5009	Алтарь Пылающей Лягушки
5010	Священный пруд Порождения
5011	Учебный полигон Туванги
6001	Долина титанов
6002	Зона вторжения
6003	Магс-Стрикс
6004	Безмолвные поля
6005	Колчестер
6006	Магс-Кулкар
6007	Деревня Кулкари
6008	Дикая дорога
6009	Святилище Валселок
6010	Алтарь Мучений
6011	Ранчо "Два дуба"
6012	Ранчо "Эхо"
6013	Лагерь заступников
6017	Врата Кресцентии
6464	Ближайший город
6465	Отправиться в Воздушный замок
6466	Воздушный замок
6467	Верхняя площадь Велики
6468	Симпозиум старейшин в Аллемантее
7001	Небесные холмы
7002	Равнины омфалов
7003	Мурикайские развалины
7004	Лаборатория Мистериума
7005	Стоянка Касиде
7006	Руины Кордовека
7007	Ферма Годрика
7008	Орканский бивак
7009	Освященный камень
7010	Перекресток пифии
7777	Территория с заданиями хранителя
8001	Голодные пещеры
8002	Сокровищница в Голодных пещерах
8003	Катакомбы в Голодных пещерах
8004	Глубины Голодных пещер
8005	Застава мстителей
8006	Пещера Оков
8007	Пещера Голода
8008	Пещера Резни
8009	Пещера Боли
8010	Пещера Слез
8011	Вход в Голодные пещеры
8012	Первый пост Авангарда
8013	Второй пост Авангарда
8014	Вход в Лабиринт
8888	Арена TERA
9001	Долина Вознесения
9002	Лабиринт Азарела
9003	Глубины лабиринта Азарела
9004	Галерея Хаоса
9005	Галерея Вожделения
9006	Галерея Обмана
9008	Разоренный передовой лагерь
9009	Галерея Рока
9010	Лес Бастиона
9011	Застава охотников за реликвиями
9012	Болото Вексатус
9013	Проход к Логову Сараваша
9034	Жуткий шпиль страха
9044	Святилище Бахаара
9054	Вход в Глубинный Храм
9056	Хроноплоскость (сложно)
9057	Акероново пекло (сложно)
9059	Остров Мертвых
9060	Корабль Келивана (сложно)
9066	Рулетка Демороса
9067	Лаборатория Берна (сложно)
9068	Убежище Дуриона (сложно)
9069	Треллум-Консурго
9070	Замок Парадоксов
9503	Резиденция главнокомандующего Валькионской Федерации
9505	Разрушенный банкетный зал Велики
9506	Банкетный зал Велики
9507	Граница мира
9508	Внутренний мир
9509	Обычный банкетный зал Велики
9618	Праздничная арена Велики
9681	Сон Велики
9710	Разрушенный алтарь Лакана
9720	Омут Антароса
9735	Ангар RK-9
9739	Лагерь повстанцев
9756	Хроноплоскость
9759	Остров Мертвых (сложно)
9760	Корабль Келивана
9767	Лаборатория Берна
9768	Убежище Дуриона
9769	Замок Лилит
9770	Руины Абнукты
9780	Вход в катакомбы Велики
9781	Святилище Велики
9782	Мастерская Леандра
9783	Крепость Тенебриса
9794	Лаборатория Сайрекса
9810	Вход в Тюрьму Лакана
9830	Небесный Колизей 
9833	Вирмово ущелье
9860	Корабль Келивана (легко)
9920	Омут Бездушного Антароса
9935	Ангар совершенного RK-9
9939	Секретный лагерь повстанцев
9950	Разрушенные врата в Новый мир
9969	Замок Кошмарной Лилит
9970	Руины Кошмарной Абнукты
9980	Вход в разрушенные катакомбы Велики
9981	Разрушенное Святилище Велики
9982	Заброшенная мастерская Леандра
9983	Крепость Темного Тенебриса
9994	Лаборатория Альфа-сайрекса
9998	Зона боевых испытаний
9999	Подземелье TERA
10001	Остров Серпентис
10002	Побережье Боана
10003	Берег драконовой черепахи
10004	Остров Керозен
10005	Аспидовы джунгли
10006	Гробница Дагона
10007	Побережье
10008	Береговой дозор
10009	Лагерь "Гадюка"
10010	Таверна на западном берегу
10011	Арбузная бахча Уомела
10012	Береговая батарея Челтона
10013	Береговая батарея Зейта
10014	Мастерская рогов Долма
10015	Таверна на восточном берегу
10016	Пляжная вечеринка
10017	Башня Накатам
10018	Убежище Грубера
11001	Изрезанный берег
11002	Дорога в джунглях
11003	Лагерь патруля в джунглях
11004	Затопленные верфи
11005	Грот пиратов
11006	Граница пристани
11007	Темная стоянка
11008	Каюта капитана пиратов
11009	Передовой бастион
11010	Кают-компания
11011	Боцманский мостик
11012	Кубрик флибустьеров
11013	Лагерь работорговцев
11014	Мостки
11015	Морская застава
11016	Трюм
11017	Хранилище
11018	Зона рыбалки
12001	Остров Мистмур
12002	Берег Головорезов
12003	Дождливый лагерь
12004	Мистмурский лес
12005	Безлюдный берег
12006	Мрачный берег
12007	Укрытая тропа
12008	Береговая отмель
12009	Вход: {@Rgn:9024001}
12012	Лагерь "Заступник"
12013	Застава "Заступник"
13001	Остров Зари
13002	Платформа пегасов
13003	Таинственные руины
13004	Ущелье Скверны
13005	Северный пост
13006	Святилище Бога-Демона
13007	Пик Матар
13008	Орканский бивак
13009	Мост через Ущелье Скверны
13010	Восточный дозор
13011	Логово Караши
13012	Таинственный храм
13013	Место крушения
13014	Мост через Ущелье Скверны
13015	Заброшенный лагерь
13016	Мост Зари
13017	Лагерь Дулари
13018	Северный дозор
13019	Западный Остров Зари
13020	Южный пост
13021	Восточный Остров Зари
13022	Гарнизон Ущелья Скверны
13023	Южный Остров Зари
13024	Святилище Юриана
13025	Гниющий холм
13026	Северное Ущелье Скверны
13027	Застава Ущелья Скверны
13028	Арунские высоты
13029	Вход в Ущелье Скверны
13030	Извечный лес
13031	Северная пристань
13032	Северный дозор
13033	Дозор средиземья
13034	Южный дозор
13035	Разрушенный архив
14001	Ньюбария
15001	Утесы Безумия
15002	Земля Ярости
15003	Холм Воплей
15004	Южная ферма
15005	Орднарат
15006	Лагерь "Бдительность"
15007	Лагерь "Воздаяние"
15008	Дементалит
15009	Лагерь "Искупление"
15201	Пристань
15202	Северные ворота
15203	Западные ворота
15204	Руины
15205	Хребты Гидда
15206	Овечий выгон
15601	Рудник
15602	Замок
15603	Ферма
15604	Рынок
15605	Порт
16001	Долина Клыка
16002	Изломанная равнина
16003	Забытые поля
16006	Зловещий Особняк
16007	Последнее прибежище Алетеи
16008	Руникарский лагерь ученых
16009	Тропа Первоцветов
16010	Вход для слуг Зловещего Особняка
17001	Ущелье Параанон
17002	Равнина Параанон
17003	Рай одержимых
17004	Алтарь Веры
17006	Осажденная застава
17007	Мрачная застава
18001	Исполинские развалины
18002	Магс-Кучанару
18003	Магс-Курата
18004	Храм Тита
18005	Площадь Могущества
18006	Арена Возвышенных
18007	Лагерь "Марракин"
18008	Ситч Бидаум
19001	Вольноземье
19002	Унылые поля
19003	Ферма Дигори
19004	Ферма Лейна
19005	Пост Велики
19006	Поле рабов
19007	Развалины домика
19008	Окрестности ранчо Ли
19009	Ранчо Ли
19010	Сыродельня Филтона
19011	Лагерь Свободного Братства
19012	Рутстокская ярмарка
19013	Бамарама
19014	Ферма Лейна
19015	Общественный загон
19016	Загон для свиней
19017	Ранчо для овец
19018	Небесный пруд
19019	Ярмарка - котел
19020	Ярмарка - печь и сковорода
19021	Ярмарка - очаг
19022	Ярмарка - стол для салатов
19023	Окрестности арены Бамарамы
19101	Аркс-Умбра
19102	Путь к Инферусу
19103	Застава Домаре
19104	Морозная долина
19105	Прорыв
19106	Застава парфианцев Альфа
19107	Застава парфианцев Бета
19108	Фронт Делвиас
19109	Треллум-Консурго
19110	Утесы Мингор
19111	Утесы Мингор
19112	Застава Бури
19113	Адский разлом
19114	Платформа-телепорт Фронта Делвиас
19115	Платформа-телепорт Возвышения
19116	Восточная платформа-телепорт
19117	Западная платформа-телепорт
19118	Северная платформа-телепорт
19119	Треллум-Консурго
19120	Платформа дирижаблей
19121	Ядро крепости
19122	Застава парфианцев
19123	Внутренний оплот
19124	Южные ворота
20001	Темные рудники
20002	Залы Мрака
20003	Залы Теней
20004	Залы Вечной Тьмы
20005	Яма
20006	Место бригадира
20007	Усыпальница
20008	Застава Вечной Тьмы
21001	Утес Василисков
21002	Оазис Убари
21003	Разоренная долина
21004	Бескрайние пески
21005	Старая тропа к руднику
21006	Воющий дол
21007	Долина могил
21008	Пустынный дозор
21009	Застава в пустошах
21010	Исследовательская станция в пустыне
21011	Развалины каменного столпа
21012	Магс-Тохорка
22001	Окрестности Жуткой академии
22002	Жуткая академия
22003	Залы Знаний
22004	Залы Могущества
22005	Пагубные лаборатории
22006	Катакомбы королевы ведьм
22007	Парк Серены
22008	Жуткий бастион
22009	Профессорский редут
22010	Атенеум
22011	Галерея
22012	Оккультная библиотека
22013	Научная библиотека
22014	Палата чудотворцев
22015	Большой зал
22016	Потаенное святилище
22017	Хирургическая лаборатория
22018	Зал Вадомы
23001	Озеро слез
23002	Платформа пегасов Пора-Элину
23004	Роща Элины
23005	Благословенный лес
23006	Лагерь "Кровокоготь"
23007	Проход Безумного шута
23008	Лагерь Валькионской Федерации
23009	Временный лагерь
23010	Застава духов
23011	Хижина изгнанника
23012	База кобольдов-разведчиков
24001	Аурумская дорога
24002	Пустыня пропавших караванов
24003	Аурумская дорога - север
24004	Аурумская дорога - юг
24005	Деревня песчаных бурь
24006	Редут Лока
24007	Руины Сторст
24008	Западный наблюдательный пост
24009	Убежище пескоходцев
24010	Застава у потока
24011	Расколотый город
24012	Лагерь крестоносцев
24013	Кафедральный редут
24014	Подземная река
25001	Темный собор
25002	Темный собор
25003	Трансепты
25004	Редут Заступника
25005	Сокровищница фолиантов
25006	Алтарь кровавой жемчужины
25007	Темный собор
25008	Большая часовня
25009	Стадион Перерождения
25010	Дом капитула
25011	Стадион жертвоприношений
25012	Портал
25013	Стадион преданности
26001	Блаженное озеро
26002	Тропа белого оленя
26003	Убежище Целестуса
26004	Вековечный лес
26005	Фонтан Шары
26006	Лагерь у перекрестка
26007	Позиция искателей
27001	Эссенийский хребет
27002	Убежище Шаказена
27003	Долина спокойствия
27004	Цитадель крови
27005	Безмолвные холмы
27006	Кастра Мистериум
27007	Станция освобождения
27008	Ферма "Убежище"
27009	Аванпост гарнизона 1
27010	Аванпост гарнизона 2
27011	Аванпост гарнизона 3
27012	Аванпост гарнизона 4
27016	Приманка для бабочек
28001	Гибельный лес
28002	Месть Шакана
28003	Путь Герата
28004	Искаженная долина
28009	Лагерь "Закай"
28010	Застава Гарби
29001	Извечный лес
29002	Извечный лес
29003	Хартвуд
29004	Лес Звездного древа
29005	Приют скитальца
29006	Застава Дораны
30001	Убежище Балдера
30002	Верхняя долина
30003	Зал Дзерены
30004	Лесной зал
30005	Сад Дзерены
30006	Ярколистная роща
30007	Шатер Балдера
30008	Нижний Архив
30009	Верхний Архив
30010	Лагерь "Солнечный"
30011	Лагерь "Прозорливость"
30012	Лагерь "Любопытство"
30013	Территория Архива
30014	Озеро Дзерены
30015	Твердыня Архива
30016	Лагерь "Твердыня"
30017	Копье Лока
30018	Насест аркаев
30019	Вход в храм Балдера
30020	Вход в Солнечный Маяк
30021	Древо Мудрости
30022	Место для установки телепорта
30561	Вход в Ледяной трон
31000	Тюрьма Лакана
31001	Предел Бурь
31002	Ледяные пустоши
31003	Студеная равнина
31004	Хладное озеро
31005	Фьорд ледяного клыка
31006	Водоворот
31007	Ледяная бухта
31008	Научная станция в Ледяной бухте
31009	Лагерь следопытов
31010	Громила Батии
31091	Вход в Ледяной трон
32001	Гора Тираннас
32002	Кошмарный проход
32003	Лагерь белых волков
32004	Мрачная тундра
32005	Лагерь наемников Кровавого Клинка
32006	Морозная стража
32007	Дозор Тирана
32008	Редут уклонившихся
32009	Частокол бесстрашия
32010	Кладбище Акарума
32091	Вход в Ледяной трон
33001	Цитадель Пыток
33002	Дорога Пыток
33003	Восточный тракт
33004	Холл
33005	Зал Дев
33006	Зал мастеров
33007	Покои шутов
33008	Предел Головокружения
33009	Высоты Страданий
33010	Вопящие катакомбы
33011	Катакомбы Отчаяния
33012	Тюрьма Искажения
33013	Кровавые глубины
33014	Караульный пост у Глумхонта
33015	Убежище диверсантов
33016	Багровое убежище
33017	Расколотый путь
33018	Кровавые глубины
34001	Морозный предел
34002	Ледяная тропа
34003	Завывающий ледник
34004	Вопящие снега
34005	Озеро замерзших слез
34006	Святилище Азуриса
34007	Ледовая база охотников
34008	Лагерь путников
34009	Джунайдарская база
34010	Вход в Ледяной трон
35001	Вирмово ущелье
35002	Святилище Зелтаразада
35003	Ущелье Смерти
35004	Рудники Кроскурн
35005	Путь к Кроскурну
35006	Зазубренный хребет
35007	Застава Огненного хребта
36001	Тор-Эксул
36002	Испепеляющий дол
36003	Логово разбойников
36004	Оазис Рэйнтри
36005	Кровавая долина
36006	Эбеновый пост
36007	Застава огненной маны
36008	Пост быстроногих
36009	Портал в Знак Адстринго
37001	Склеп Забытых
37002	Склеп Потерянных
37003	Склеп Проклятых
37004	Лагерь ученых Фалангела
37005	Лагерь ученых Корпуса
37006	Редут повстанцев
37007	Лагерь ученых Салерона
37008	Мост Боли
37009	Эбеновый край
37010	Зона вторжения
37011	Склеп Рока
38001	Каньон Сиенна
38002	Вход на Арену безумия
38004	Ущелье Фелдрин
38005	Огненное поле
38006	Громовой рубеж
38007	Рустклифский лагерь
38008	Застава у кратера
38009	Виверновый дозор
38010	Безлюдный подъем
38011	Щетинистый овраг
38012	Временный изолятор
39001	Арахнея
39002	Главный зал Арахнеи
39003	Логово
39004	Неприветливая застава
39005	Место воздаяния
39006	Инкубатор
39007	Святилище
39008	Место воздаяния
39009	Алтарь воскрешения
39010	Место воздаяния
39011	Гробницы-коконы
40001	Зона карантина
40002	Карантинная деревня
40003	Чумная деревня
40004	Затерянные рудники
40005	Непокорная долина
40008	Карантинная застава
40009	Исследовательский центр карантинной зоны
40010	Арахнейские пещеры
40011	Гроза Арахны
41001	Свирепая долина
41002	Место посланника
41003	Станция в Свирепой долине
41004	Север Свирепой долины
41005	Застава "Экспериор"
41006	Арена Крови
41007	Юг Свирепой долины
41008	Паксомния
42001	Храм Дагона
42002	Коридоры Порчи
42003	Бездны Порчи
42004	Покои Алчности
42005	Покои Гнева
42006	Покои погибших душ
42007	Дом капитула в храме
42008	Святая святых
42009	Покои Возвышенных
42010	Покои Просветления
42011	Атриум Экдизи
42012	Лагерь "Яд"
42013	Спиральные трансепты
42014	Покои Могучих душ
43001	Катуулрах
44001	Путь к Эбеновой Утробе
44002	Эбеновая Утроба
44003	Эбеновая Утроба: второй этаж
44004	Эбеновая Утроба: третий этаж
44005	Эбеновая Утроба: четвертый этаж
45001	Питомник аргонов
45002	Путь к башне
45003	Долина Жнеца
45004	Наблюдательный пункт
45005	Небесные поля
45006	Полевая база "Содействие"
45007	Полевая база "Упорство"
45008	Полевая база "Отвага"
45009	Лагерь "Безумие"
45010	Наблюдательный пост "Доблесть"
45011	Лагерь Болотной стражи
45012	Вход в разрушенную Аргонскую крепость
45013	Хановарская застава
46001	Три Башни
46002	Рага-Эвала
46003	Рага-Шади
46004	Рага-Кабаш
46005	Подземелья трех башен
46006	Подземелья Рага-Шади
46007	Подземелья Рага-Эвала
46008	Подземелья Рага-Кабаш
46009	Шпили Трех Башен
46010	Шпиль Рага-Эвала
46011	Шпиль Рага-Шади
46012	Шпиль Рага-Кабаш
46013	Экзетрон
46014	Исследовательская база "Три Башни"
46015	Зал Колдовского сердца
46016	Зал Короны Разума
46017	Зал Темной Искры
46018	Шпили Трех Башен
46019	Зал Звериного рыка
46020	Зал Сияющего корня
46021	Зал Раздора
46022	Зал Плодородия
46023	Зал Искаженной Крови
46024	Зал Всплеска Души
46025	Комната передачи Рага
47001	Лес Тиркай
47002	Белоснежный лес
47003	Вход на мост
47004	Гибельный рык
47005	Аргонское пограничье
47006	Полевая база "Безумие"
47007	Научная станция "Гибельный рык"
47008	Восточный патруль
47009	Временный патрульный лагерь
47010	Аргонская энергосеть
47011	Зона распыления спор
47012	Аргонский генератор щита
47013	Старый лагерь разведчиков
47014	Аргонские обломки крушения
47015	Поле окаменевших грибов
47017	Гибельный пруд
48001	Хановарские предместья
48002	Хановарская цитадель
48003	Пещера Бедствий
48004	Литейная цианопушек
48005	Крепость Валгурати
48006	Долина побоищ
48007	Аргонский бастион
48008	Кратер Магтулк
48009	Конвертер циазмов
48010	Пещера в катакомбах
49001	Аргония
49002	Илитьерский извлекатель маны
49003	Агнурокский механизм
49004	Мелгатолский портал
49005	Касианское дерево
49090	Южная платформа-телепорт
49091	Северная платформа-телепорт
49092	Восточная платформа-телепорт
50001	Гранаркус
50002	Скрытый лагерь
50003	Грот Хелкира
50004	Гнездо Формователя
50005	Ноюлский извлекатель
50006	Солгатурский комплекс
50007	Драйулский разливатель циазмов
50008	Виридийские пещеры
50009	Вход в Логово Королевы
50090	Платформа-телепорт Гранаркуса
51001	Долина пиков
51002	Эбеновая Башня
51003	Вой Вендиго
51004	Разерская крепость
51005	Утес Морозного когтя
51006	База "Вызов"
52001	Долина Проклятых
52002	Обугленные снега
52003	Склеп Снегов и Пепла
52004	Погребальный костер Предателя
52005	Горнило богов
52006	База "Храбрость"
52007	Дозор Избранных
52008	Подход к Горну
52009	Вентральный командный центр
52010	Мост Печали
52011	Далекий приют
52012	Вход в Мастерскую Мурака
53001	Лабиринт Ужаса
53002	Зал Визгаал
53003	Зал Трагирон
53004	Зал Агонал
53006	Зал Кошмаров
53007	Зал Воплей
53008	Зал Кригар
53009	Зал Анарксис
54001	Силивуд
54002	Леса Дипсаунд
54003	Сады богини
54004	Фейвайнская Колыбель
54005	Фейглен
54006	Застава у Больших ворот
54007	Лагерь "Цветущий"
54008	Застава Арканума
55001	Дрожащий лес
55002	Дол Одиночества
55003	Сад неясных теней
55004	Площадь Павших
55005	Небесные листья
55006	Гарнизон дрожащих
55007	Позиция Керавин
55008	Стража Арасте
55009	Площадь Павших
55010	Посох Исрен
55011	Застава Валумнира
55012	Даркенвейл
56001	Шепчущие леса
56002	Даконское перепутье
56003	Ночной лес
56004	Алтарь Ворона
56005	Даконская застава
56006	Лагерь у Черного источника
56007	Лагерь "Умбра"
57001	Амена-Кватла
57002	Двор Амена-Кватлы
57003	Барбакан
57004	Инкубатор
57005	Лагерь "Алый молот"
57006	Лагерь "Сломанный Мост"
57007	Наблюдательный пост "Ястреб"
57008	Храм Сикандера
57009	Алтарь воскрешения
58001	Балдерон
59001	Кресцентия
59002	Площадь Кресцентии
59003	Платформа пегасов Кресцентии
60001	Деревня лесорубов
60002	Площадь Деревни лесорубов
60003	Лесопилка
60004	Платформа пегасов Деревни лесорубов
61001	Кастаника
61002	Улица Удовольствий
61003	Рынок Недоумений
61004	Мемориальная площадь
61005	Площадь Мастеров
61006	Площадь Желаний
61007	Улица Удовольствий
61008	Закатная улица
61009	Улица Непокорных
62001	Гавань Головорезов
62002	Платформа пегасов гавани Головорезов
62003	Лагерь исследователей на восточном побережье
63001	Велика
63002	База странников Велики
63003	Мастерская
63004	Рынок у Северных ворот
63005	Северные ворота Велики
63006	Симпозиум магов
63007	Лестница Велики
63008	Площадь Свободы
63009	Штаб Валькионской Федерации
63010	Площадь Охотницы
63011	Школа Легиона
63012	Приемная ванарха Велики
63013	Западные ворота Велики
63014	Склад Федерации
63015	Аллея Нотуса
63016	Аллея Борея
63017	Приемная консула Велики
63023	Окраина Велики
63024	Круглая площадь
63025	Городской телепорт
63026	Платформа дирижаблей
63027	Вход на арену событий
63028	Арена событий
64001	Форпост у башни
64002	Командный пункт разведчиков
64003	Застава Леандра
64004	Форпост у башни
64005	Главный лагерь экспедиции
64006	Восточный дозор
64007	Исследовательские комнаты
64008	Таинственный храм
64009	Столп Чудес
65001	Чебика
65002	Платформа пегасов Чебики
66001	Тулуфан
66002	Платформа пегасов Тулуфана
67001	Пополион
67002	Платформа пегасов Пополиона
68001	Пора-Элину
69001	Тралион
69002	Платформа пегасов Тралиона
70001	Трия
70002	Платформа пегасов Трии
70003	Площадь Трии
70004	Резиденция магистрата Трии
70101	Праздник Солнца (Убежище Балдера)
70102	Пляжная вечеринка (Остров Серпентис)
70103	Рутсток (Вольноземье)
70104	Праздник Пруда (Трясина Туванги)
71001	Бастион
71002	Платформа пегасов Бастиона
72001	Аллемантея
72002	Окраина Аллемантеи
72003	Западная Аллемантея
72004	Столп Эпох
72005	Симпозиум магов
72006	Симпозиум старейшин
72007	Агора
72008	Мастерская
72009	Школа Легиона
72010	Склад Федерации
72011	Командование Шары
72012	Центр у Врат Чести
72013	Зал консула
72099	Штаб Аллемантеи
72100	Виа Вестония
72101	Виа Эссения
72102	Виа Палрада
72103	Платформа пегасов Аллемантеи
72112	Симпозиум старейшин
72113	Мистериум
72114	Единая Полевая лаборатория
73001	Акарум
73002	Платформа пегасов Акарума
74001	Эленея
74002	Платформа пегасов Эленеи
75001	Фронтера
75002	Платформа пегасов Фронтеры
75003	Вход в Ущелье Кеззела
76001	Канстрия
76002	Летная платформа: {@Rgn:76001}
76090	Канстрийский крылатый камень
76901	Вход в Руины Абнукты (легко)
77001	Аванпост следопытов
77002	Летная платформа: Аванпост следопытов
78001	Зульфикарская крепость
78002	Летная платформа: {@Rgn:78001}
79001	Хабере
79002	Летная платформа: Хабере
80001	Дрэгонфолл
80002	Летная платформа: Дрэгонфолл
81001	Скитера-Фэй
81002	Летная платформа: Скитера-Фэй
83001	Блеклый камень
83002	Платформа пегасов на Блеклом камне
84001	Кайатор
84002	Окраина Кайатора
84003	Западные ворота Кайатора
84004	Мост щита Кайи
84005	Мост Аникетус
84006	Мост Победы
84007	Триумфальная площадь
84008	Покои Доблести
84009	Мастерская
84010	Верхняя улица
84011	Связующая улица
84012	Эмпориум
84013	Летная платформа: Кайатор
84014	Сердце Кузни
84015	Вход в редут
84016	Симпозиум магов
84017	Командный центр Кайатора
84018	Зал Силы
84019	Эмпориум
84020	Северный проход в Кайатор
84021	Западные ворота Кайатора
84022	Северные ворота Кайатора
84023	Южные ворота Кайатора
84024	Приемная консула Кайатора
84025	Триумфальная площадь: Северная улица
84026	Зал перемещений
84027	Кайатор
84101	Лагерь "Капина"
85001	Убежище Даварна
86001	Восточная Аллемантея
87001	Пепельная надежда
87002	Лагерь "Дом прощаний"
87003	Затерянный лес
87004	Орканская твердыня
87005	Развалины Элину
87006	Лагерь "Слеза"
90000	1–11
90001	10–25
90002	23–36
90003	27–38
90004	30–51
90005	38–43
90006	40–45
90007	44–46
90008	50–59
90009	53–58
90010	56–60
90011	33-57
90012	64-65
90013	63-64
90014	59–60
90015	60-65
90016	70
90017	71
97201	Вход в Омут Антароса
99000	Тиарания<br>1-11
99001	Дивный лес<br>10-15
99002	Леса Забвения<br>11-20
99003	Долина титанов<br>16-20
99004	Трясина Туванги<br>19-23
99005	Небесные холмы<br>21-25 (66)
99006	Утесы Безумия<br>23-25
99007	Долина Клыка <br>24-29
99008	Ущелье Параанон<br>24-29
99009	Утес Василисков<br>27-30
99010	Вольноземье<br>28-31
99011	Остров Мистмур<br>30-33
99012	<br>31-32
99013	Изрезанный берег<br>32-33
99014	Озеро слез<br>33-36
99015	Исполинские развалины<br>35-38
99016	Аурумская дорога<br>35-38
99017	Гибельный лес<br>38-41
99018	Блаженное озеро<br>38-41
99019	Извечный лес<br>38-42 (65)
99020	Эссенийский хребет<br>38-43 (66)
99021	Гора Тираннас<br>40-45
99022	Предел Бурь<br>41-43
99023	Морозный предел<br>41-45
99024	Зона карантина<br>44-46
99025	Свирепая долина<br>45-46
99026	      47–51<br><br>Долина Вознесения<br><br>31-32
99027	Остров Серпентис<br>47-51
99028	Фирмаунт<br>47-51
99029	Дрожащий лес<br>50-53
99030	Шепчущие леса<br>50-53
99031	Амена-Кватла<br>50-54
99032	Каньон Сиенна<br>53-56 (67)
99033	Тор-Эксул<br>53-57
99034	Вирмово ущелье<br>53-58
99035	Силивуд<br>56-59
99036	Долина пиков<br>56-59
99037	Долина Проклятых<br>56-60
99038	Питомник аргонов<br>45~48 (58)
99039	Лес Тиркай <br>33-36
99040	Гранаркус <br>64~65
99041	Аргония <br>64
99042	Хановарские предместья <br>63~64
99043	Убежище Балдера<br>59-60
99044	Дикарский Предел<br>60-61
99045	Долина Источников<br>61-62
99046	Экс-Прима<br>62-63 (67)
99047	Аркс-Умбра<br>63-65
99048	Остров Зари<br>70
99049	Усадьба Рогаша<br>70
99050	Плантация Эксодора<br>71
99051	Болотистая местность<br>72
99052	Крепость Берарк<br>73
99053	Ядро земли<br>73
99054	Внешняя зона на севере<br>73
99055	Внешняя зона на юге<br>73
99100	Балдера<br>71
99999	Не открыто
102001	Заснеженная равнина
103001	Заснеженная равнина
103002	Заснеженная равнина
111001	Стальная арена
111002	Крепость Синего Крыла
111003	Крепость Красного Вымпела
111004	Битва у Стального озера
111005	Штурмовая база Синего Крыла
111006	База разведчиков Острого Дерева
111007	Штурмовая база Красного Вымпела
111008	База разведчиков Старой долины
112001	Каньон Фрейвинд
112002	База команды B
112003	База команды A
112004	Центральный костер (1)
112005	Южный костер (2)
112006	Северный костер (3)
113001	Небесная Арена
113002	База команды A
113003	База команды B
113004	Учебное святилище
114001	Акраданская база
115001	Небесная Арена
115002	База команды A
115003	База команды B
115004	Учебное святилище
116001	Твердыня корсаров
116002	Цитадель защитников
116003	Цитадель нападающих
116004	Центральный костер (1)
116005	Северный костер (2)
116006	Южный костер (2)
116007	Левые внешние ворота
116008	Правые внешние ворота
116009	Левая лестница
116010	Правая лестница
117001	Кумасшествие
117002	Игровая зона
117003	Игровая площадка
117004	Погрузочный док
117005	Святилище восстановления
118001	Подземная арена
118002	Битва на побережье
119001	Колизей
139001	Подземная арена
152001	Гнездо Ананши
152002	Гнездо Фрайгараса
152003	Гнездо Сабранака
172001	Дикарский Предел
172011	Жуткий подъем
172012	Лесная терраса
172013	Мьюсу-Краал
172014	Пруды Зурусуру
172015	Холмы Ялдару
172016	Пруд в джунглях
172017	Кирийская застава
172019	Пещера Мендара
172020	Пещера оракула
172021	Пруды Зурусуру
172022	Безмятежное озеро
172023	Холмы Ялдару
172024	Лощина Учави
172100	Велика
172101	Дикарский Предел
172111	Кирийское святилище
172112	Платформа-телепорт Холмов Ялдару
172113	Платформа-телепорт Мьюсу-Краала
172114	Платформа-телепорт Кирийского святилища
172115	Платформа-телепорт Кирийской заставы
181001	Экс-Прима
181002	Руины Хэйвенстоуна
181003	Каменоломня Диранас
181004	Арка искателя
181005	Разлом Зеленого Огня
181006	Станция Келдар
181007	Разлом Зеленого Огня
181008	Расколотая пещера
181009	Хулранский дозор
181010	Каньон Грабителей
181011	Вход в Свод Энергии
181012	Речной Край
181013	Пост Баалдаз
181014	Южные ворота Верхнего Дозора
181015	Платформа-телепорт Расплавленного шпиля
181016	Платформа-телепорт Каменоломни Диранас
181017	Платформа-телепорт Древнего Сердца - временный лагерь архидеванцев
181018	Платформа-телепорт Руин Хэйвенстоуна
181019	Руины Шалека
181020	Каменоломня Диранас
181021	Расплавленный шпиль
181041	Платформа-телепорт Станции Келдар
181042	Платформа-телепорт Поста Баалдаз
181043	Платформа-телепорт Хулранского дозора
182001	Долина Источников
182002	Торговый пост Амадюак
182003	Долина Нера
182004	Горячие ключи
182005	Парфианская застава
182006	Лаборатория Кровавой Тени
182007	Тренировочная площадка демокронов
182008	Лагерь Искателей
182009	Дозор Искателей
182010	Спрингвью
182011	Элеутерий
182012	Водопады Спокойствия
182013	Черное логово
182014	Склад в пещере
182015	Хребет Кейзена
182016	Вход в арсенал Сабекс
182017	Изумрудные холмы
182018	Вход в арсенал Сабекс
182019	Осадный лагерь Валькиона
182030	Платформа-телепорт Торгового поста Амадюак
182031	Пусковая платформа Эксодора
182100	Платформа-телепорт западных источников
182101	Платформа-телепорт восточных источников
182102	Платформа-телепорт Лестницы Богов
182103	Платформа-телепорт Изумрудных холмов
182200	Горячие ключи
182300	Горячие ключи
182400	Хребет Кейзена
182500	Изумрудные холмы
183001	Окрестности Верхнего Дозора
183002	Верхний Дозор
183003	Святилище Просветленных
183004	Тропа Медитации
183005	Сокровищница Веритас
183006	Оружейный зал
183007	Зал Гармонии
183008	Штаб Эрудара
183009	Двор Просветления
183010	Базар
183011	Зал ремесленников
183012	Стража Орина
183013	Зал Гармонии
183014	Телепорт
183015	Убежище Дуриона
191001	Треллум-Консурго
200001	Распорядитель полетов
200002	Телепорт
200003	Управляющий гильдиями
200004	Торговец красками
200005	Торговый брокер
200006	Торговец
200007	Торговец репутацией
200008	Награды за жетоны
210601	Запретная зона Крепости Берарк
221501	Вход в Замок Парадоксов
248001	Хановарские предместья
249001	Аргония
250001	Гранаркус
250101	Запечатанная местность
250201	Сигл
250202	Центр Сигла
250203	Место активации заклинаний
250301	Треллум-Консурго
250401	Машинное отделение (первый этаж)
250402	1 ярус машинного отделения
250403	2 ярус машинного отделения
302301	Вход в Секретное подземелье крепости Берарк
302701	Зал ожидания на Арене безумия
302702	Проход на Арену безумия
303201	[Тренировка] Вход в Секретное подземелье крепости Берарк
304501	Хранилище Дуриона
304502	Руинвельд
304701	Обитель Шандры Манайи (сложно)
305101	Величественный Остров Зари
305501	Обитель Шандры Манайи (сложно, соло)
310301	Зал ожидания Арены безумия
310302	Проход на Арену безумия
320301	Зал ожидания Арены безумия
320302	Проход на Арену безумия
320501	Вход в лабораторию слияния
320901	Ледяной трон Хаоса
320902	Ледяной трон
320903	Ледяной трон (соло)
469001	Аркс-Умбра: около 50 лет тому назад
505111	Эленея
505112	Застава Огненного хребта
506001	Банкетный зал Велики
506002	Неизвестный портал
506003	Неизвестный портал
506004	Разрушенный банкетный зал Велики
506005	Граница мира
506006	И снова Банкетный зал Велики
506015	Граница мира
506016	Граница мира
507001	Граница мира
508001	Граница мира
569001	Память о Треллум-Консурго (соло)
599001	Тиарания
599002	Побережье больших корней
599003	Вход в селение хранителей
599004	Селение хранителей
599005	Храм дерева Тиаран
599006	Временный пост отряда Валькиона
599007	Холм небесных стеблей
599008	Мост замшелых камней
599009	Ущелье тенистых деревьев
599010	Хранилище эссенции
599011	Платформа пегасов Тиарании
599012	Пещера молодых корней
599013	Древесный питомник
780781	Вход в катакомбы Велики
818001	Тайная лаборатория
818002	Проход к лаборатории
818003	Клетки с подопытными
818004	Главный лабораторный коридор
818005	Главная лаборатория
826001	Лаборатория в подвале крепости Ракнан
827001	Тиарания
827002	Побережье больших корней
827003	Селение хранителей
827004	Вход в селение хранителей
827005	Хранилище эссенции
828001	Селение хранителей
828002	Хранилище эссенции
828003	Инструктор по умениям
828004	Распорядитель полетов
829001	Дерево Тиаран
829002	Сердце дерева Тиаран
905601	Хроноплоскость
905602	Алый путь
905603	Предел Суда Штормов
905604	Последнее Судилище
905901	Селение в тумане
905902	Селение злых духов
905903	Гильотина Бьюрндена
906701	Вход в Лабораторию Берна (сложно)
906702	Окрестности Зала Кошмарного Одона
906703	Окрестности Зала Кошмарного Берна
906900	Окрестности Треллум-Консурго
906901	Подземелья Треллум-Консурго
906902	Тренировочная площадка хищников
906903	Первая водоочистная башня
906904	Подземное гетто
906905	Вторая водоочистная башня
906906	Пыточная
906907	Секретный проход
906908	Внутренний двор
906909	Оружейная лаборатория
906910	Холл
906911	Покои царицы Маллы
906912	Потайная лестница
906913	Дорога во дворец царицы Маллы
907001	Вход в Замок Парадоксов
907002	Замок Парадоксов
950001	Разрушенные врата в Новый мир
950002	Вход в Разрушенные врата в Новый мир
973501	Ангар RK-9
973502	Вход в Ангар RK-9
975601	Хроноплоскость
975602	Алый путь
975603	Предел Суда Штормов
975604	Последнее Судилище
976701	Лаборатория Берна
976702	Окрестности Зала Одона
976703	Окрестности Зала Берна
976901	Вход в Руины Абнукты (легко)
976902	Огненный сад
976903	Великий зал
976904	Окрестности замка Лилит
976905	Дорога испытаний
976906	Вход в Замок Лилит
978000	Вход в катакомбы Велики
978001	Тоннель в катакомбы - Вход
978002	Таинственный тоннель
978003	Захваченные пещеры
978004	Катакомбы Велики
978005	Тоннель в разрушенные катакомбы
978010	Содрогающийся тоннель
978011	Убежище Касадора
978020	Пещера синей магии - Вход
978021	Пещера синей магии
978030	То самое спрятанное место
978031	Вход в катакомбы Велики
996901	Вход в Руины Абнукты (легко)
996902	Огненный сад
996903	Великий зал
996904	Окрестности замка Лилит
996905	Дорога испытаний
996906	Вход в Замок Лилит
998000	Вход в разрушенные катакомбы Велики
998001	Тоннель в катакомбы - Вход
998002	Таинственный тоннель
998003	Захваченные пещеры
998004	Разрушенные катакомбы Велики
998005	Тоннель в разрушенные катакомбы
998010	Содрогающийся тоннель
998011	Убежище Касадора
998020	Пещера синей магии - Вход
998021	Пещера синей магии
998030	То самое спрятанное место
998031	Вход в разрушенные катакомбы Велики
999801	Зона боевых испытаний
1810041	Вход в Глубинный Храм
2000000	Усадьба Рогаша
2000001	Плантация Эксодора
2000002	Болотистая местность
2000003	Крепость Берарк
2000004	Ядро земли
2000005	Внешняя зона на севере
2000006	Внешняя зона на юге
2000010	Небольшой сад
2000011	Убежище Рогаша
2000012	Инкубатор личинок
2000013	Вход в Инкубатор личинок
2000014	Выход из Инкубатора личинок
2000015	Платформа в саду
2000016	Сад Рогаша
2000017	Особняк Рогаша
2000018	Долина кристаллов
2000019	Поисковый лагерь Эксодора
2000020	Инкубатор личинок
2000021	Тайная зона
2000100	Верхнее течение родника
2000101	Среднее течение родника
2000102	Нижнее течение родника
2000103	Хранилище для выделений
2000104	Аванпост Валькионской Федерации
2000150	Зона возврата каменных бабочек
2001010	Платформа на плантации
2001011	Лагерь наг
2001012	Вход на Заставу Риверана
2001013	Застава Риверана
2001014	Выход с Заставы Риверана
2001015	Шахта кристаллов
2001016	Временный лагерь Валькионской Федерации
2001017	Временный лагерь Риверана
2001018	Зона сбора кристаллов
2001019	Инкубатор
2001020	Лагерь защитников плантации
2001021	Платформа к болотам
2001022	Потайное место
2001023	Ферма Азра
2001024	Звероферма
2001025	Спрятанное озеро
2001026	Тайная зона
2001050	Зона сбора драгоценных кристаллов
2001051	Зона охоты королевских Парфов
2001052	Зона отдыха элитных Парфов
2002001	Платформа у болот
2002002	Вход в Болотистую местность
2002003	Болотистая местность
2002004	Заброшенный аванпост
2002005	Пристанище хищника
2002006	Зона разлома
2002007	Ферма монстров
2002008	Лагерь заключенных
2002009	Очаровывающий сад
2002010	Мост в лагере
2002011	Платформа к крепости
2002012	Временный лагерь для выживших
2002013	Разлом
2002014	Тайная зона
2002050	Долина тьмы
2003001	Платформа в Крепости Берарк
2003002	Пропускной пункт
2003003	Вход на Черную тропу
2003004	Черные врата
2003005	Северная часть в Черном саду
2003006	Южная часть в Черном саду
2003007	Крепость Берарк
2003008	Вход в Крепость Берарк
2003009	Нижний уровень в Крепости Берарк
2003010	Площадь перед машинным отделением
2003011	Черная тропа
2003012	Временная застава Риверана
2003013	Защитная зона
2003014	Коридор перед запретной зоной
2003015	Вход в сердце
2003016	Коридор в сердце
2003017	Запретная зона
2003018	Верхний этаж Крепости Берарк
2003019	Самый нижний этаж Крепости Берарк
2003020	Коридор перед машинным отделением
2003021	Коридор перед запретной зоной
2003022	Нижний уровень в Крепости Берарк
2003023	Сердце Крепости Берарк
2003024	Крыша пропускного пункта
2003025	Вход в Командный центр
2003026	Зона ловли драконов
2003050	Лагерь Аргафов
2003051	Лагерь племени Розеума
2003052	Остров Керозен
2010001	Питомник Аргафа
2011001	Остров Небесного сада
2012001	Остров водоема Феи
2013001	Остров облачного озера
2014001	Лазурный рыбацкий остров
2015001	Рыбацкий остров Берарка
2020001	Логово Келсаика
2052001	Зона вторжения Аргафа
2054001	Зона вторжения Аргафа за пределами Юга
2100001	Внутри убежища Рогаша
2100002	Переместиться в инкубатор личинок.
2101001	Инкубатор личинок
2102001	Комната для допросов на утесе
2103001	1 ярус машинного отделения Черного ядра
2103002	2 ярус машинного отделения Черного ядра
2103003	3 ярус машинного отделения Черного ядра
2105001	Командный центр (Одиночный игрок)
2106001	Сонный паралич Лукмии (один игрок)
2500001	Осний Агайя
2500002	Центр
2500003	Саженец мирового дерева
2500004	Башня Шары
3001001	Бастион Лока (соло)
3002001	Зловещий Особняк (соло)
3003001	Убежище Культистов (соло)
3004001	Гробница Некроманта (соло)
3005001	Золотой Лабиринт (соло)
3006001	Убежище Акаши (соло)
3007001	Небесный сад Салерона (соло)
3008001	Лабиринт Ужаса (соло)
3009001	Эбеновая Башня (1 игрок)
3010001	Гнездо Келсаика (соло)
3011001	Обитель Манайи (соло)
3017000	Омут Бездушного Антароса (7 чел.) - Начальная точка
3017001	Омут Бездушного Антароса (7 чел.) - Зона содержания заключенных
3017002	Омут Бездушного Антароса (7 чел.) - Гильотина
3017003	Омут Бездушного Антароса (7 чел.) - Комната пыток
3017004	Окраина Велики
3017005	Окраина Велики
3018000	Вход в крепость Темного Тенебриса
3018001	Главная площадь
3018002	Главная библиотека
3018003	Крыша крепости
3019000	Вход в Мастерскую Леандра
3019001	Логово Недры
3019002	Гильотина
3019003	Искривленное пространство
3019004	Вход в искривленное пространство
3020000	Судно 'Золотая чешуя'
3024001	Вернуться после активации Подземелья
3025001	Вернуться после активации Подземелья
3026001	Логово Келсаика
3026002	Залы Келсаика
3026003	Остров-спутник
3026004	Логово Бессмертного Келсаика
3026005	Вход в Логово Келсаика
3026006	Залы Бессмертного Келсаика
3027001	Арена безумия
3028000	Вход в Мастерскую Леандра
3028001	Логово Недры
3028002	Место казни
3028003	Искривленное пространство
3028004	Вход в Искривленное пространство
3029000	[Тренировка] Омут Бездушного Антароса (сложно) - Начальная точка
3029001	[Тренировка] Омут Бездушного Антароса (сложно) - Зона заключенных
3029002	[Тренировка] Омут Бездушного Антароса (сложно) - Гильотина
3029003	[Тренировка] Омут Бездушного Антароса (сложно) - Комната пыток
3029004	Верхний Дозор - Оружейный зал
3029005	Верхний Дозор - Оружейный зал
3030001	Старая резиденция
3030002	Аванпост Валькионской Федерации
3031001	Зона ядра
3031002	Область ядра
3033000	[Тренировка] Вход в Гнездо Паркин (легко)
3033001	[Тренировка] Хранилище меда
3033002	[Тренировка] Покои королевы
3033003	[Тренировка] Комната инъекций
3034001	Усилитель энергии
3034002	Система вентиляции ангара
3034003	Генератор магнитного поля
3034004	Устройство обработки деталей
3034005	Запретная зона: D
3034006	Запретная зона: E
3034007	Запретная зона: Ангар RK-9
3035001	Храм Велики
3036001	Небесный крейсер (сложно)
3036002	Платформа Небесного крейсера (сложно)
3036003	Рубка Небесного крейсера (сложно)
3036004	Машинный зал Небесного крейсера (сложно)
3036005	Палуба Небесного крейсера (сложно)
3037000	[Тренировка] Вход в Святилище Бахаара
3037001	[Тренировка] Святилище Бахаара
3037002	[Тренировка] Святилище Бахаара - Врата печати
3037003	[Тренировка] Святилище Бахаара - Зал бога огня
3037004	[Тренировка] Святилище Бахаара - Зал бога огня
3038001	Начальная точка подземелья
3038002	Текущее местонахождение
3038003	Воскрешение у входа в подземелье
3039001	Зона риска
3041000	Вход в крепость Тенебриса
3041001	Вершина Проклятой крепости Тенебриса
3041002	Вершина Проклятой крепости Тенебриса
3041003	Вершина Проклятой крепости Тенебриса
3042001	Место казни (Подземелье испытаний)
3043000	Вход в крепость Тенебриса
3043001	Вершина Крепости Тенебриса
3043002	Вершина Крепости Тенебриса
3043003	Вершина Крепости Тенебриса
3044000	Вход в крепость Тенебриса
3044001	Последний этаж захваченной крепости Тенебриса
3044002	Последний этаж захваченной крепости Тенебриса
3044003	Последний этаж захваченной крепости Тенебриса
3047000	Вход в Обитель Шандры Манайи (сложно)
3048001	Тайный тренировочный лагерь
3050001	Затерянный небесный сад
3051001	Величественный Остров Зари
3051002	Величественная северная пристань
3051003	Извечный лес
3051004	Северный разведывательный пост
3051005	Разрушенный храм
3051006	Центральный разведывательный пост
3051007	Место крушения
3051008	Таинственные руины
3051009	Святилище Юриана
3051010	Арунские высоты
3051011	Святилище Бога-Демона
3051012	Ущелье Скверны
3053001	Храм Велики
3054001	Сон Велики
3055000	Вход в Обитель Шандры Манайи (сложно)
3056001	Вход в трон
3056002	Морозный коридор
3056003	Морозные врата
3056004	Секретный проход в лабораторию
3056005	Лаборатория почета
3056006	Скрытый путь
3056007	Морозный трон
3101001	Хранилище меда
3101002	Покои королевы
3101003	Комната инъекций
3102001	Командный центр
3102002	Вход в командный центр
3103001	Арена безумия
3106001	Место казни
3106002	Место казни
3106004	Вход на Место казни
3107001	Вход в Испытательный полигон Бьюрндена
3108001	Проклятый Омут Антароса
3108002	Проклятый Омут Антароса
3108004	Вход в Проклятый Омут Антароса
3109001	Вход в трон
3109002	Морозный коридор
3109003	Морозные врата
3109004	Секретный проход в лабораторию
3109005	Лаборатория почета
3109006	Скрытый путь
3109007	Морозный трон
3201000	Вход в Гнездо Паркин
3201001	Хранилище меда
3201002	Покои королевы
3201003	Комната инъекций
3202001	Командный центр (сложно)
3202002	Вход в Командный центр
3203001	Арена безумия
3205000	Вход в лабораторию слияния
3206001	Окровавленное место казни
3206002	Окровавленное место казни
3206004	Вход на Место казни
3209001	Вход в трон
3209002	Морозный коридор
3209003	Морозные врата
3209004	Секретный проход в лабораторию
3209005	Лаборатория почета
3209006	Скрытый путь
3209007	Морозный трон
5051101	Эленея
5051201	Граница мира
5051202	Граница мира
5051501	Лагерь Темной кости
5051701	Граница мира
5052501	Граница мира
5801001	Балдерон
5801002	Западный лагерь в Балдере
5801003	Центральный лагерь в Балдере
5801004	Платформа пегасов
5801005	Подземелье Резонанса
5801007	Телепорт
5801008	Управление полетами
5801009	Рыболовный магазин
5801010	Северный лагерь
5801011	Центральный лагерь
5801012	Управление гильдиями
5801013	Оружейный зал
5801014	Зал Шедевров
5801015	Главные ворота Балдерона
8000001	Застава охотников за реликвиями
8000002	Штаб Валькионской Федерации
8000003	Позиция искателей
8000004	База доблестных
8000005	База "Храбрость"
8000006	Место воздаяния
8000007	Небесные холмы – Лаборатория Мистериума
8000008	Яма
8000009	Лагерь заступников
8000010	Ситч Бидаум
8000011	Застава Ущелья Скверны
8000012	Лагерь "Заступник"
8000013	Инкубатор
8000014	Лагерь "Сломанный Мост"
8000015	Экзетрон
8000016	Рага-Кабаш: башня Гармонии
8000017	Пруд фей
8000018	Профессорский редут
8000019	Бездны Порчи
8000020	Кровавые глубины
8000021	Вход в Лабиринт
8000022	След Тулсы
8000023	Звериный дол
8000024	Долина Клыка
8000025	Темный собор
8000026	Глубины лабиринта Азарела
8000027	Передовой бастион
8000028	Лагерь работорговцев
8000029	Кафедральный редут
8000030	Редут Заступника
8000031	Большая часовня
8000032	Голодные пещеры - Катакомбы
8000033	Голодные пещеры - Глубины
8000034	Караульный пост у Глумхонта
8000035	Убежище диверсантов
8000036	Неприветливая застава
8000037	Святилище
8000038	Убежище Акаши
8000039	Вход в убежище Акаши
8000040	Голодные пещеры - Сокровищница
8000041	Лагерь "Искупление"
8000042	Залы Теней
8000043	Залы Вечной Тьмы
8000044	Залы Мрака
8000045	Катакомбы королевы ведьм
8000046	Залы Знаний
8000047	Вопящие катакомбы
8000048	Катакомбы Отчаяния
8000049	Холл
8000050	Алтарь Ворона
8000051	Святилище Воскрешения
8000052	Вилла Шута
8000053	Расплавленные покои
8000054	Лагерь "Умбра"
8000055	Лагерь "Сломанный Мост"
8000056	Эбеновый пост
8000057	Дозор Избранных
8000058	Вход в Гнездо Келсаика
8000059	Командный центр Кайатора
8000060	Приемная консула Кайатора
8000061	Сердце Кузни
8000062	Лагерь ученых Салерона
8000063	Лагерь ученых Корпуса
8000064	Редут повстанцев
8000065	Лагерь ученых Фалангела
8000066	Лагерь ученых Корпуса
8000067	Редут повстанцев
8000068	Лагерь ученых Фалангела
8000069	Лагерь ученых Салерона
8000070	Редут повстанцев
8000071	Лагерь ученых Фалангела
8000072	Лагерь ученых Салерона
8000073	Лагерь ученых Корпуса
8000074	Эбеновый край
8000075	Сердце Кузни
8000076	Вилла Шута
8000077	Эбеновая Башня (сложно)
8000078	Лабиринт Ужаса (сложно)
8000079	Убежище Акаши (сложно)
8000080	Гнездо Келсаика (сложно)
8000081	Вход в Эбеновую Башню
8000082	Командный центр Кайатора
8000083	Вход в Лабиринт Ужаса
8000084	Вход в Алтарь Смерти
8000085	Гроза Арахны
8000086	Проход к Логову Сараваша
8000087	Портал в Знак Адстринго
8000088	Сердце Кузни
8000089	Убежище Дратила
8000090	Кладбище Акарума
8000091	Вход в тоннель Фронтового подполья
8000092	Вход в Солнечный Маяк
8000093	Велика
8000094	Мурикайский залив
8000095	Гавань Головорезов
8000096	Озеро слез
8000097	Болото Вексатус
8000098	Озеро замерзших слез
8000099	Озеро Дзерены
8104000	Вход в Тюрьму Лакана
8104002	Вход в Разрушенный алтарь Лакана
8999001	Святилище Велики
9001001	Резиденция Самаэля
9002001	Фонтан Шары
9003001	Фирмаунтская Бездна
9006001	Лабиринт Ужаса
9007001	Скрытая Обитель
9008001	Лаборатория Малахая
9009001	Лаборатория Малахая
9011001	Мастерская Мурака
9012001	Шпили Трех Башен
9013001	Шпиль Циазмов
9014001	Хановарская схватка
9015001	Берег Острова Зари
9016001	Утесы Острова Зари
9017001	Солнечный Маяк
9018001	Аргонские катакомбы
9019001	Атриум лаборатории Мистериума
9020001	Арсенал бастиона Лока
9021001	Потайной тоннель
9022001	Сокровищница Славы
9023001	Убежище Кутмашука
9024001	Церковь Капримы
9024002	Разрушенный собор
9024003	Зал Предвестника
9024004	Комната призыва Капримы
9025001	Храм Балдера
9025090	Вход в храм
9025091	Храмовый лабиринт
9025092	Храмовый пруд
9025093	Храмовый сад
9025094	Храмовый подвал
9025095	Центр храма
9025096	Храмовое святилище
9025097	Комната реликвий
9025098	Храмовый мост
9026001	Аргонские Залы
9026002	Келья Кулака
9026003	Покои Смотрителя подъема
9026004	Зал Арбитра
9026005	Святилище провидца
9027001	Обитель Манайи (сложно)
9027002	Сплетение (сложно)
9028001	Лаборатория Малахая
9029001	Сокровищница Капримы
9029002	Тренировочный зал
9029003	Зал Предвестника
9029004	Зал Воскрешения
9029005	Вход в Сокровищницу Капримы
9031001	Убежище Акаши (подземелье испытаний)
9032001	Золотой Лабиринт (подземелье испытаний)
9033001	Абсцесс (сложно) (подземелье испытаний)
9034001	Вход в Жуткий шпиль страха
9034002	Жуткий шпиль страха: 2 испытание
9034003	Жуткий шпиль страха: 3 испытание
9034004	Жуткий шпиль страха: 4 испытание
9034005	Жуткий шпиль страха: 5 испытание
9034006	Жуткий шпиль страха: 6 испытание
9034007	Жуткий шпиль страха: 7 испытание
9034008	Жуткий шпиль страха: 8 испытание
9034009	Жуткий шпиль страха: 9 испытание
9034010	Жуткий шпиль страха: 10 испытание
9034011	Жуткий шпиль страха: 1 испытание
9036001	Логово Караши
9037001	Мост через Ущелье Скверны
9038001	Таинственные джунгли
9039001	Место засады на караван
9040001	Площадь Велики
9041001	Восточные ворота Велики
9042001	Штаб Велики
9043000	Вход в Замок Чудес
9043001	Замок Чудес (сложно)
9043002	Зал насмешек (сложно)
9043003	Вход в Замок Чудес
9043004	Шахматный Зал
9043005	Зал насмешек
9043006	Замок Чудес
9043011	Большой зал (сложно)
9043021	Облачный мост (сложно)
9043031	Двухманежный цирк (сложно)
9043041	Мост дураков (сложно)
9043051	Бестолковый коридор (сложно)
9043061	Развеселое плато (сложно)
9043071	Шаловливый коридор (сложно)
9043081	Игровая комната (сложно)
9043091	Замок Чудес (сложно)
9043101	Клетка-одиночка (сложно)
9043111	Бесцеремонная высадка (сложно)
9043121	Пустая лестница (сложно)
9044000	Вход в Святилище Бахаара
9044001	Святилище Бахаара
9044002	Святилище Бахаара - Врата печати
9044003	Святилище Бахаара - Зал бога огня
9044004	Святилище Бахаара - Зал бога огня
9045001	Гора Блюфист
9045002	Село Лилипарт
9046001	Проклятый оазис
9046002	Площадка для испытаний великанов
9047001	Праздничный зал
9048001	Подземелье с костями (временное название)
9048002	Подземелье с костями (временное название)
9050000	Вход в Край Разлома
9050001	Деревня Гуванги
9050002	Высадка к деревне Гуванги
9050003	Сад Ятивио
9050004	Пещера Веспоракса
9050005	Гнездо Колеогга
9050006	Край Разлома
9050007	Край Разлома (сложно)
9050008	Скальные ворота для дирижаблей
9051001	Заброшенный храм
9051002	Храмовый подвал
9051003	Храмовый сад
9051004	Центр храма
9051005	Лестница
9051006	Храмовый подвал
9051007	Храмовый сад
9051008	Центр храма
9052001	Кровавый Банкет
9052002	Церемониальный зал
9052003	Банкетный зал
9052004	Банкетный зал
9052005	Церемониальный зал
9053001	Ущелье Кеззела
9054001	Глубинный Храм (сложно)
9054002	Пещера Рун
9054003	Ядовитое хранилище
9054004	Альсетнодский коридор
9054005	Пруд Страха
9054006	Зал Стихий
9054007	Сокровищница Фаридея
9054008	Сокровищница Фаридея
9054009	Глубинный Храм
9055002	Алчное Ущелье
9055003	Пещера Пожирателя
9055004	Логово Поглотителя
9055005	Гнездо Нимистрикс
9055008	Вход в Алчное Ущелье
9055009	Гнездо Нимистрикс
9056001	Вход на Хроноплоскость
9056002	Суд Штормов
9056003	Базальтовая Колыбель
9056004	Временное ядро
9056005	Временное ядро
9057001	Акероново пекло (сложно)
9057002	Вход в Акероново пекло
9060001	Лагерь Искателей федерации
9060002	Корабль Келивана (сложно)
9060003	Капитанский мостик
9060004	Корабль Келивана (сложно)
9060005	Грузовая кабина
9060006	Палуба лагеря искателей
9061001	Руины Великанов
9065001	Сумеречная долина
9066001	Поляна перед дворцом
9066002	Рулетка Демороса
9066003	Вход в зал с рулеткой Демороса
9068001	Убежище Дуриона (сложно)
9068002	Комната привратника
9068003	Месторождение заряженного сабелита
9068004	Тайное убежище Дуриона
9068005	Пещера заряженного сабелита
9070001	Вход в Замок Парадоксов
9071001	Гробница Некроманта
9071003	Келья некроманта
9071004	Комната командира стражи
9071005	Покои Братства
9071006	Лаборатория некроманта
9071007	Часовня Боли
9071008	Покои Тулсы
9071009	Секретный проход
9072001	Золотой Лабиринт
9072002	Покои Диких
9072003	Склад
9072004	Зал Подношений
9072005	Зал испытаний
9072006	Зал привратника
9073001	Эбеновая Башня
9073002	Эбеновая Башня: прима
9073003	Эбеновая Башня: секунда
9073004	Эбеновая Башня: терция
9073005	Эбеновая Башня: кварта
9073006	Эбеновая Башня: квинта
9073007	Зал Теней
9073008	Покои Мучений
9073009	Алтарь Смерти
9073010	Гробница Пыток
9074001	Святилище Воскрешения
9075001	Гнездо Келсаика
9075002	Покои Защитника
9075003	Залы Келсаика
9076001	Лабиринт Ужаса
9077001	Пустыня Бату
9077002	Межданарская арена
9077003	Магс-Фуланакс
9077004	Магс-Кормас
9078001	Пик Сурьяти
9078002	Территория Сурьяти
9078003	Командный пункт Сиранара
9078004	Исследовательская площадка Сиранара
9079001	Логово Сараваша
9079002	Водосбор Сараваша
9079003	Фельдрененский лес
9079004	Лагерь наемников
9080001	Знак Адстринго
9080002	Убежище Дратила
9080003	Этриальское святилище
9080004	Бескрайние леса
9081001	Тренировочная площадка
9082001	Храм Безрассудства
9083001	Разверстая Земля
9087001	Бастион Лока
9087002	Бастион Лока
9087003	Крепость Атель-акаад
9088001	Зловещий Особняк
9088002	Подвал особняка
9088003	Особняк
9088004	Устройство для создания менгиров
9089001	Убежище Культистов
9089002	Зал чудес
9089003	Зал Безнравственности
9089004	Зал Ненависти
9090001	Лесной тракт
9091001	Алтарь Вадомы
9092001	Часовня Дагона
9093001	Убежище Акаши
9093002	Коридор Заразы
9093003	Сангвинариум
9093004	Зверинец Караши
9093005	Зал Электричества
9093006	Зал Изумления
9093007	Покои Акаши
9094001	Небесный сад Салерона
9094002	Терраса первого испытания
9094003	Терраса второго испытания
9094004	Терраса третьего испытания
9094005	Последняя терраса
9094006	Затерянный небесный сад
9095001	Огненный Горн
9095002	Основание горна
9095003	Меха горна
9095004	Южная жаровня
9095005	Западная жаровня
9095006	Северная жаровня
9095007	Центр горна
9095008	Восточная жаровня
9096001	Галерея Сирджуки
9124002	Велика - Лестница Велики
9126001	Академия Петрэ
9126002	База хранителей
9126003	[Тренировка] Мастерская Леандра (сложно)
9126101	Аллемантея - Врата Чести
9128101	Кайатор - Триумфальная площадь
9503001	Резиденция главнокомандующего Валькионской Федерации
9611001	Абсцесс (сложно)
9618001	Праздничная арена Велики
9643001	Замок Чудес
9643002	Зал насмешек
9643011	Замок Чудес
9643021	Замок Чудес
9643031	Замок Чудес
9643041	Замок Чудес
9643051	Замок Чудес
9643061	Замок Чудес
9643071	Замок Чудес
9643081	Замок Чудес
9643091	Замок Чудес
9643101	Замок Чудес
9643111	Замок Чудес
9643121	Замок Чудес
9681001	Сон Велики
9681002	Сон Велики
9681003	Искаженный Сон Велики
9681004	Сон Велики
9681005	Сон Велики
9681006	Вход в катакомбы Велики
9681007	Сон Велики
9710001	Разрушенный алтарь Лакана
9710002	Портал Зла
9710003	Искаженная комната
9710004	Разрушенный алтарь
9711001	Абсцесс (сложно)
9711002	Вход в Абсцесс
9713001	Вход на Поляну Древней
9713002	Вход на Поляну Древней
9713003	Грот привратника
9713004	Площадь Защитника
9713005	Святилище Баньякаса
9714001	Святилище Велики
9716001	Крейсер "Стремление"
9716002	Платформа крейсера "Стремление"
9716003	Рубка
9716004	Машинный зал
9716005	Палуба крейсера
9716006	Вход в Небесный крейсер (сложно)
9720000	Омут Антароса: начальная точка
9720001	Омут Антароса - Зона содержания заключенных
9720002	Омут Антароса - Гильотина
9720003	Омут Антароса - Комната пыток
9720004	Окраина Велики
9720005	Окраина Велики
9724001	Церковь Капримы (сложно)
9724002	Разрушенный собор
9724003	Зал Предвестника
9724004	Комната призыва Капримы
9725001	Храм Балдера (сложно)
9725090	Вход в храм (сложно)
9725091	Храмовый лабиринт (сложно)
9725092	Храмовый пруд (сложно)
9725093	Храмовый сад (сложно)
9725094	Храмовый подвал (сложно)
9725095	Центр храма (сложно)
9725096	Храмовое святилище (сложно)
9725097	Комната реликвий (сложно)
9725098	Храмовый мост (сложно)
9726001	Аргонские Залы (сложно)
9726002	Келья Кулака (сложно)
9726003	Покои Смотрителя подъема (сложно)
9726004	Зал Арбитра (сложно)
9726005	Святилище провидца (сложно)
9727001	Обитель Манайи
9727002	Сплетение
9735001	Усилитель энергии
9735002	Система вентиляции ангара
9735003	Генератор магнитного поля
9735004	Устройство обработки деталей
9735005	Запретная зона: D
9735006	Запретная зона: E
9735007	Запретная зона: Ангар RK-9
9739000	Вход в лагерь повстанцев
9739001	Кузница в лагере повстанцев
9739002	Оружейный склад в лагере повстанцев
9739003	Руины у деревни
9739004	Тайный маршрут
9743001	Замок Чудес
9743002	Зал насмешек
9743011	Большой зал
9743021	Облачный мост
9743031	Двухманежный цирк
9743041	Мост дураков
9743051	Бестолковый коридор
9743061	Развеселое плато
9743071	Шаловливый коридор
9743081	Игровая комната
9743091	Замок Чудес
9743101	Клетка-одиночка
9743111	Бесцеремонная высадка
9743121	Пустая лестница
9756001	Вход на Хроноплоскость
9756002	Суд Штормов
9756003	Базальтовая Колыбель
9756004	Временное ядро
9756005	Временное ядро
9757001	Вход в Акероново пекло
9757002	Вход в Акероново пекло
9757003	Десница Акерона
9757004	Акеронов плес
9757005	Театр Ужасов
9760001	Лагерь Искателей федерации
9760002	Корабль Келивана
9760003	Капитанский мостик
9760004	Корабль Келивана
9760005	Грузовая кабина
9760006	Палуба лагеря искателей
9766001	Погибший Флот
9766002	Изрезанный берег
9766003	Проход к Погибшему Флоту
9768001	Убежище Дуриона
9768002	Комната привратника
9768003	Месторождение заряженного сабелита
9768004	Тайное убежище Дуриона
9768005	Пещера заряженного сабелита
9770001	Мертвая пустошь
9770002	Разрушенная крепость
9770003	Окрестности Руин Абнукты
9770004	Вход в Руины Абнукты
9773001	Эбеновая Башня (сложно)
9773002	Эбеновая Башня (сложно): прима
9773003	Эбеновая Башня (сложно): секунда
9773004	Эбеновая Башня (сложно): терция
9773005	Эбеновая Башня (сложно): кварта
9773006	Эбеновая Башня (сложно): квинта
9773007	Зал Теней (сложно)
9773008	Покои Мучений (сложно)
9773009	Алтарь Смерти (сложно)
9773010	Гробница Пыток (сложно)
9775001	Гнездо Келсаика (сложно)
9775002	Покои Защитника (сложно)
9775003	Залы Келсаика (сложно)
9776001	Лабиринт Ужаса (сложно)
9776002	Зал Визгаал (сложно)
9776003	Зал Трагирон (сложно)
9776004	Зал Агонал (сложно)
9776005	Зал Кошмаров (сложно)
9776006	Зал Воплей (сложно)
9776007	Зал Кригар (сложно)
9776008	Зал Анарксис (сложно)
9777001	Каналы
9777002	Каналы- Водослив
9777003	Каналы - Всевидящее Око
9777004	Каналы - Зал Порождения
9777005	Каналы - Большая Цистерна
9777006	Каналы - Проход к Цистерне
9781001	Святилище Велики - Сад
9781002	Святилище Велики - Холл
9781003	Святилище Велики - Обитель богини Велики
9781004	Святилище Велики - главный зал
9781005	Святилище Велики - обходной путь
9781006	Вход в катакомбы Велики
9781007	Святилище Велики - Вход
9782000	Вход в Мастерскую Леандра
9782001	Логово Недры
9782002	Гильотина
9782003	Искривленное пространство
9782004	Вход в искривленное пространство
9783000	Вход в крепость Тенебриса
9783001	Главная площадь
9783002	Главная библиотека
9783003	Крыша крепости
9793001	Убежище Акаши (сложно)
9793002	Коридор Заразы (сложно)
9793003	Сангвинариум (сложно)
9793004	Зверинец Караши (сложно)
9793005	Зал Эксцентричности (сложно)
9793006	Зал Изумления (сложно)
9793007	Покои Акаши (сложно)
9794001	Вход в пещеру Рун
9794002	Мрачный рудник
9794003	Лаборатория Сайрекса
9794004	Вход в Лабораторию Сайрекса
9801001	Нексус: Грань Миров
9801002	Велика 
9801003	Аллемантея 
9801004	Кайатор 
9802001	Нексус: Грань Миров
9803001	Нексус: Грань Миров
9804001	Гнездо Келсаика
9808001	Арсенал Сабекс
9808002	Пики и шипы
9808003	Кузница
9808004	Хранилище "В"
9808005	Арсенал Сабекс
9808006	Источник энергии
9808007	Источник энергии
9808008	Источник энергии
9808009	Источник энергии
9809001	Мясницкие Катакомбы
9809002	Мясницкие Катакомбы
9809003	Мясницкие Катакомбы
9809004	Мясницкие Катакомбы
9809005	Мясницкие Катакомбы
9809010	Вход в Мясницкие Катакомбы
9810001	Тюрьма Лакана
9810002	Тюрьма Лакана
9810003	Тюрьма Лакана (Входная лестница)
9810004	Тюрьма Лакана (Путь Лакана)
9810005	Тюрьма Лакана (Комната поклонения)
9811001	Абсцесс
9811002	Вход в Абсцесс
9813001	Поляна Древней (1 игрок)
9813002	Вход на Поляну Древней
9813003	Грот привратника
9813004	Площадь Защитника
9813005	Святилище Баньякаса
9814001	Сокровищница Орина
9821001	Убежище Дуриона
9822001	Слуховой пункт архидеванцев
9823001	Крейсер "Бесстрашный"
9823002	Крейсер "Бесстрашный"
9823003	Открытая палуба
9825001	Храм Балдера (соло)
9825090	Вход в храм
9825091	Храмовый лабиринт
9825092	Храмовый пруд
9825093	Храмовый сад
9825094	Храмовый подвал
9825095	Центр храма
9825096	Храмовое святилище
9825097	Комната реликвий
9825098	Храмовый мост
9830001	Небесный Колизей (соло)
9830002	Возвращение
9833003	Путь к Кроскурну
9833004	Рудники Кроскурн
9833005	Застава Огненного хребта
9833006	Святилище Зелтаразада
9833007	Лагерь Темной кости
9860001	Лагерь Искателей федерации
9860002	Корабль Келивана (легко)
9860003	Капитанский мостик
9860004	Корабль Келивана (легко)
9860005	Грузовая кабина
9860006	Палуба лагеря искателей
9871001	Гробница Некроманта (соло)
9871003	Келья некроманта (соло)
9871004	Комната командира стражи (1 игрок)
9871005	Покои Братства (1 игрок)
9871006	Лаборатория некроманта (1 игрок)
9871007	Часовня Боли (1 игрок)
9871008	Покои Тулсы (1 игрок)
9871009	Секретный проход (1 игрок)
9872001	Золотой Лабиринт (соло)
9872002	Покои Диких (1 игрок)
9872003	Склад (1 игрок)
9872004	Зал Подношений (1 игрок)
9872005	Зал испытаний (1 игрок)
9872006	Зал привратника (1 игрок)
9873001	Эбеновая Башня (соло)
9873002	Эбеновая Башня: прима (1 игрок)
9873003	Эбеновая Башня: секунда (1 игрок)
9873004	Эбеновая Башня: терция (1 игрок)
9873005	Эбеновая Башня: кварта (1 игрок)
9873006	Эбеновая Башня (1 игрок)
9873007	Зал Теней (1 игрок)
9873008	Покои Мучений (1 игрок)
9873009	Алтарь Смерти (1 игрок)
9873010	Гробница Пыток (1 игрок)
9885001	Шпиль страха
9885002	Испытание
9885003	Вход в Шпиль страха
9885004	Шпиль страха - верхние уровни
9887001	Бастион Лока (соло)
9887002	Бастион Лока (соло)
9887003	Крепость Атель-акаад (1 игрок)
9888001	Зловещий Особняк (соло)
9888002	Подвал особняка (1 игрок)
9888003	Особняк (1 игрок)
9888004	Мастерская менгиров (1 игрок)
9889001	Убежище Культистов (соло)
9889002	Зал чудес (1 игрок)
9889003	Зал Безнравственности (1 игрок)
9889004	Зал Ненависти (1 игрок)
9900001	Изначальная позиция
9911001	Рейд на Келсаика (10 игроков)
9911002	Покои Защитника (10 игроков)
9911003	Залы Келсаика (10 игроков)
9916001	Крейсер "Стремление" (Сложно)
9916002	Южные ворота Треллум-Консурго
9916003	Рубка (сложно)
9916004	Машинный зал (сложно)
9916005	Палуба крейсера (сложно)
9920000	Омут Бездушного Антароса - Начальная точка
9920001	Омут Бездушного Антароса - Зона содержания заключенных
9920002	Омут Бездушного Антароса - Гильотина
9920003	Омут Бездушного Антароса - Комната пыток
9920004	Окраина Велики
9920005	Окраина Велики
9935001	Усилитель энергии
9935002	Система вентиляции ангара
9935003	Генератор магнитного поля
9935004	Устройство обработки деталей
9935005	Запретная зона: D
9935006	Запретная зона: E
9935007	Запретная зона: Ангар RK-9
9939000	Вход в секретный лагерь повстанцев
9939001	Кузница в секретном лагере повстанцев
9939002	Оружейный склад в секретном лагере повстанцев
9939003	Руины у деревни
9939004	Тайный маршрут
9950001	Разрушенные врата в Новый мир
9950002	Разрушенные врата в Новый мир - главное поле боя
9950003	Разрушенные врата в Новый мир - скалы
9970001	Мертвая пустошь
9970002	Разрушенная крепость
9970003	Окрестности Руин Абнукты
9970004	Вход в Руины Абнукты
9975001	Рейд на Келсаика (20 игроков)
9975002	Покои Защитника (20 игроков)
9975003	Залы Келсаика (20 игроков)
9979001	Логово Сараваша
9979002	Водосбор Сараваша
9979003	Фельдрененский лес
9979004	Лагерь наемников
9981001	Разрушенное Святилище Велики - Сад
9981002	Разрушенное Святилище Велики - Холл
9981003	Разрушенное Святилище Велики - Обитель богини Велики
9981004	Разрушенное Святилище Велики - главный зал
9981005	Разрушенное Святилище Велики - обходной путь
9981006	Вход в катакомбы Велики
9981007	Разрушенное Святилище Велики - Вход
9982000	Вход в мастерскую Леандра (сложно)
9982001	Логово Недры
9982002	Гильотина
9982003	Искривленное пространство
9982004	Вход в искривленное пространство
9983000	Вход в крепость Темного Тенебриса
9983001	Главная площадь
9983002	Главная библиотека
9983003	Крыша крепости
9990001	В атаку!
9990002	Защита!
9990003	Тревога!
9990004	Сбор!
9994001	Вход в пещеру Рун
9994002	Мрачный рудник
9994003	Лаборатория Сайрекса
9999998	Карта для этой области в разработке.
9999999	Карта для этой области не показывается.
10230001	Инкубатор Аргафа (1 ч.)
10230002	Инкубатор Аргафа
25002501	Запечатанная местность
25002502	Лес отступников
25002503	Новый мир Пэйсена
25002504	Действия на Эксодоре
25002530	Тренировочный лагерь героев
25002531	Оставшийся целитель
25002532	Оставшийся целитель
30231000	Секретное подземелье крепости Берарк
30231001	Секретное подземелье крепости Берарк - склад
30231002	Секретное подземелье крепости Берарк - лаборатория
30232000	Аванпост Валькионской Федерации
30270001	[Бессмертный Воин] Арена безумия
30321000	[Тренировка] Секретное подземелье крепости Берарк
30321001	[Тренировка] Секретное подземелье крепости Берарк - склад
30321002	[Тренировка] Секретное подземелье крепости Берарк - лаборатория
30371000	[Тренировка] Святилище Бахаара
31030001	[Этерния] Арена безумия
31060001	Место казни
31060002	Вход на Место казни
31080001	Проклятый Омут Антароса
31080002	Вход в Проклятый Омут Антароса
32030001	[Бессмертный] Арена безумия
32050011	Лаборатория слияния
32050012	Заколдованная лаборатория слияния
32050021	Крепость Берарк
32060001	Окровавленное место казни
32060002	Вход на Место казни
63007007	Рейтинговый бой за завоевания гильдий: {seasonId}
83070101	Перед управляющим подземелья
96431504	Короткий путь
200050103	Внутренняя часть особняка Рогаша
200050104	Окрестности особняка Рогаша
200050105	Внутренняя часть Крепости Берарк
200321061	Сонный паралич Лукмии (один игрок)
200321062	Сонный паралич Лукмии (легко)
200321063	Сонный паралич Лукмии (сложно)
302700001	Вход на Арену безумия
320400001	Вход в Сонный паралич Лукмии
