1	아르보레아
2	외곽 세계
101	아룬 대륙
102	샤라 남부 대륙
103	샤라 북부 대륙
104	아룬 북부 대륙
105	엑소도르
110	지하의 격전장
111	강철의 전장
112	명예의 전장
113	투지의 전장(구)
114	아크라단 거점(구)
115	투지의 전장
116	포화의 전장
117	쿠마스 월드
118	쿠마스의 놀이터
152	벨리카 : 전란의 시대
200	발키온 보호령
201	벨리카 직할령
202	발키온 보호령
203	아르카니아 가드
204	포포리아 가드
205	비아 아우레움 가드
206	동부 가드
207	발데라 특별지구
208	벨리카 동부관문
209	미개발
210	알레만시아 직할령
211	비아 엘레니움 가드
212	웨스토니아 가드
213	에세니아 가드
214	판노니아 가드
215	베리타스 특별지구
216	미개발
217	미개발
218	카이아도르 직할령
219	로스 아카디아 가드
220	실바니아 가드
221	로스 티리키아 가드
222	로스 카이아나 가드
223	헬칸 특별지구
224	미개발
225	미개발
226	바라카니아 가드
227	기밀 지역
260	전장
265	해안 점령지
291	전장
500	일방 통행
505	파괴된 벨리카 연회장
506	벨리카 연회장
507	미스텔의 길
508	내면세계
510	악몽의 시작 서브 퀘스트
612	엑소도르 조사단
613	보석화 대책본부
614	발키온 대민 지원단
615	엑소도르 특무대
616	리베란츠
620	리리 이벤트
622	리리 이벤트
628	리리 이벤트
833	고룡의 협곡
1001	타락의 숲
1023	스킬/이벤트용 헌팅존
2001	서부 벌목지
2002	벌목꾼 임시 숙소
2003	요정의 샘
2004	잿더미 협곡
2005	버려진 벌목꾼 숙소
2007	숲의 오솔길
2008	높은 나무들의 숲
2009	어두운 숲
2010	요정의 계곡 캠프
2011	갈림길
2012	습지대 가는길
2013	버려진 목장
2015	숲지기 캠프
2016	사냥꾼 쉼터
2017	정령들의 은신처
2018	오래된 숲
3001	잊혀진 숲
3002	패잔병의 무덤
3003	잊혀진 격전지
3004	패잔병의 은신처
3005	야수의 둥지
3006	서부 캠프
3007	중앙 캠프
3008	역귀의 무덤
3009	잊혀진 메아리의 동굴
3010	비밀기지 입구
3011	잊혀진 숲 중앙 캠프
3017	공허한 안타로스의 심연(7인)
3018	칠흑의 테네브리스 성채(7인)
3019	왜곡된 리안의 지하 전당(7인)
3020	금비늘호
3023	베르아크 성채 비밀 지역
3024	아르가프 부화장
3025	아르가프 부화장
3026	켈사이크 은폐지
3027	광기의 투기장
3101	파르퀴나의 둥지
3126	불멸의 켈사이크 은폐지
3201	찬란한 파르퀴나의 둥지
4001	폭염의 산맥
4002	악령의 고원
4003	타오르는 계곡
4004	바하르의 쉼터
4005	바하르의 잠자리
4006	칼날 봉우리
4007	정령 정찰기지
4008	악마 토벌기지
4009	슈리안 대항기지
4010	제1 광산
4011	제2 광산
4012	아카샤의 은신처 입구
4013	산맥의 끝
4014	바하르의 신전 입구
5001	후키안 보호구역
5002	후키안 캠프
5003	바바 후카 부락
5004	개간 캠프
5005	나무 후카 부락
5006	망치 후카 부락
5008	습지대 근방
5009	후카피카 제단
5010	후키안 연회장
5011	후키안 훈련소
6001	포효의 침략지
6002	침략 안전지대
6003	비명의 협곡
6004	침묵의 초원
6005	폐허가 된 마을
6006	쿠차트의 땅
6007	쿠차트 부락
6008	야만의 길
6009	로크 추종자 주둔지
6010	의식의 제단
6011	폴센 목장
6012	카슨 목장
6013	토벌대 숙영지
6017	초승달 마을 입구
6464	가까운 마을
6465	창공요새 이동
6466	창공요새
6467	벨리카 귀환소
6468	알레만시아 귀환소
7001	영원의 분지
7002	거인의 비석지대
7003	하늘무리 유적지
7004	미스테리움 연구소
7005	수비대 캠프
7006	고대의 유적
7007	로더크 농장
7008	오칸 야영지
7009	통제의 마석
7010	영원의 분지 북부
7777	수호자 임무 지역
8001	식인종 소굴
8002	식인종 소굴 지하1층
8003	식인종 소굴 지하2층
8004	식인종 소굴 지하3층
8005	굴라 소굴 침투기지
8006	노예 시장
8007	식인의 전당
8008	도살장
8009	고문의 전당
8010	감금의 전당
8011	식인종 소굴 입구
8012	구출대 임시 야영지
8013	파견대 임시 주둔지
8014	황금의 미궁 입구
8888	아르보레아 전장
9001	탐욕의 계곡
9002	탐욕의 미궁
9003	탐욕의 미궁
9004	혼돈의 회랑
9005	욕망의 회랑
9006	기만의 회랑
9008	파괴된 전진 캠프
9009	파괴의 회랑
9010	동부산림지대
9011	미궁 봉쇄 캠프
9012	식인의 늪
9013	자바르만 소굴 입구
9034	잔혹한 환영의 탑
9044	바하르의 신전
9054	오르카의 신전 입구
9056	일그러진 발로나의 시공간
9057	오만한 아케론의 염옥
9059	번스타인의 악령섬
9060	악인 켈리반의 돌격선
9066	데모로스의 룰렛
9067	포악한 베르노의 실험실
9068	폭군 듀리온의 안식처
9069	라크난 성
9070	거짓말쟁이 타르스키의 놀이터
9503	발키온 연합 총사령관의 관저
9505	파괴된 벨리카 연회장
9506	벨리카 연회장
9507	알 수 없는 공간
9508	내면세계
9509	평화로운 벨리카 연회장
9618	벨리카 이벤트 경기장
9681	벨릭의 꿈
9710	뒤틀린 라칸의 제단
9720	안타로스의 심연
9735	RK-9 격납고
9739	혁명단 은거지
9756	발로나의 시공간
9759	저주받은 번스타인의 악령섬
9760	켈리반의 돌격선
9767	베르노의 실험실
9768	듀리온의 안식처
9769	릴리스의 성
9770	라켈리스의 폐허
9780	벨리카 지하 관문
9781	벨릭의 신전
9782	리안의 지하 전당
9783	테네브리스 성채
9794	사이럭스 연구 기지
9795	쿠차트의 광산
9810	라칸의 제단 입구
9830	천공의 경기장
9833	고룡의 협곡
9860	약화된 켈리반의 돌격선
9920	공허한 안타로스의 심연
9935	궁극의 RK-9 격납고
9939	삼엄한 혁명단 은거지
9950	파괴된 신계의 관문
9969	악녀 릴리스의 성
9970	초월한 라켈리스의 폐허
9980	무너진 벨리카 지하 관문
9981	함락된 벨릭의 신전
9982	왜곡된 리안의 지하 전당
9983	칠흑의 테네브리스 성채
9994	알파 사이럭스 연구 기지
9999	아르보레아 특수공간
10001	뱀의 섬
10002	살무사 해안
10003	살무사 수로
10004	야수의 섬
10005	독사의 정글
10006	다곤의 봉인지
10007	모래톱 캠프
10008	해안 캠프
10009	살무사 캠프
10010	꽈리튼 뱀 주점
10011	워멜의 수박깨기 경기장
10012	첼튼의 물대포 경기장
10013	케이츠의 물대포 경기장
10014	케스의 뿔 세공소
10015	독사의 눈물 주점
10016	송곳니 해수욕장
10017	창공요새
10018	크레그 길드 영역
11001	거친 해안
11002	동부가드 가도
11003	방어 진지
11004	거친들판
11005	해적 소굴
11006	부두 구역
11007	비밀 도크
11008	해적 단장실
11009	비밀도크 캠프
11010	해적 소굴 2층
11011	하급선원 구역
11012	상급선원 구역
11013	모험가 숙영지
11014	구름다리
11015	지하 저장소
11016	유물관
11017	보물창고
11018	낚시 가능 지역
12001	절망의 섬
12002	거친 백사장
12003	노예 시장
12004	절망의 숲
12005	적막한 해안
12006	절망의 골짜기
12007	해적단 비밀통로
12008	노예 선착장
12009	{@Rgn:9024001} 입구
12012	토벌대 야영지
12013	토벌대 비밀초소
13001	여명의 정원
13002	페가수스 승강장
13003	태고의 유적지
13004	검은 틈
13005	북부 경계 초소
13006	로크 추종자 기지
13007	신들의 테라스
13008	오칸 야영지
13009	검은 틈 입구
13010	수비대 동부 캠프
13011	카라스챠 소환지
13012	태고의 신전
13013	비행선 추락지
13014	검은틈 다리
13015	쿠벨 야영지
13016	여명의 다리
13017	카이몬의 야영지
13018	수비대 북부 캠프
13019	여명의 정원 서부
13020	남부 경계 초소
13021	여명의 정원 동부
13022	검은 틈 수비대 캠프
13023	여명의 정원 남부
13024	대지의 사원터
13025	검은 틈 언덕
13026	검은 틈 북부
13027	선발대 캠프
13028	아룬의 언덕
13029	검은틈 입구
13030	태고의 숲
13031	여명의 정원 선착장
13032	수비대 북부 캠프
13033	수비대 중부 캠프
13034	수비대 남부 캠프
13035	파괴된 신전터
14001	미정 초보존
15001	광기의 언덕
15002	광란의 땅
15003	비명의 언덕
15004	남부 경작지
15005	옛 보급창고
15006	관찰 캠프
15007	진압 캠프
15008	광기의 마석
15009	북부 감시초소
15201	선착장
15202	북문
15203	서문
15204	폐허
15205	기드 산맥
15206	목장
16001	밤피르의 언덕
16002	그림자 평야
16003	밤피르 거주지
16006	밤피르의 저택
16007	밤피르 토벌 캠프
16008	조니 더그의 연구 캠프
16009	포폴리온 진입로
16010	밤피르의 저택 후문
17001	파라논 협곡
17002	파라논 평야
17003	광신의 낙원
17004	믿음의 제단
17006	전진 캠프
17007	보급 캠프
18001	잊혀진 거인의 도시
18002	쿠차나르
18003	쿠차크라타
18004	침묵의 신전
18005	침략지
18006	고통의 전당
18007	방어기지
18008	조사기지
19001	리카노르 평야
19002	거친 밀밭
19003	터커 장원
19004	레이너 농장
19005	발키온 연합 수비대 캠프
19006	꼭두각시 들판
19007	북부 폐허
19008	공용 목장 사무소
19009	리카노르 공용 목장
19010	젖소 목장
19011	자유형제단 은거지
19012	자유 식당
19013	리카노르 투기장
19014	레이너 농장
19015	공용 축사
19016	꼬리잡기 우리
19017	양 목장
19018	하늘 연못
19019	자유 식당 - 솥
19020	자유 식당 - 프라이팬과 화로
19021	자유 식당 - 화덕
19022	자유 식당 - 샐러드 테이블
19023	리카노르 투기장 근방
19101	제국의 땅
19102	연합군 남부 주둔지
19103	연합군 남부 주둔지 캠프
19104	제국의 땅 입구
19105	교전 지역
19106	아카논군 북부 기지
19107	아카논군 남부 기지
19108	데모크론 방어선
19109	라크난 요새
19110	눈보라 절벽
19111	눈보라 절벽
19112	연합군 북부 주둔지 캠프
19113	라크난 요새 입구
19114	교전 지역 날개돌 - 데모크론 방어선
19115	교전 지역 날개돌 - 라크난 요새 입구
19116	라크난 요새 날개돌 - 남문
19117	연합군 남부 주둔지 날개돌 - 연합군 남부 주둔지 캠프
19118	연합군 북부 주둔지 날개돌 - 연합군 북부 주둔지 캠프
19119	라크난 요새 1층
19120	비공정 승강장
19121	요새 중심부
19122	아카논군 기지
19123	내성
19124	남문
20001	망자의 토굴
20002	망자의 토굴 지하 1층
20003	망자의 토굴 지하 2층
20004	망자의 토굴 지하 3층
20005	노천 발굴지
20006	정비 기지
20007	전진기지
20008	중심기지
21001	바실리스크 둥지
21002	선인장 오아시스
21003	바람 협곡
21004	모래 협곡
21005	망자의 토굴 진입로
21006	울부짖는 골짜기
21007	공포의 골짜기
21008	비명 없는 둥지 캠프
21009	바실리스크 정찰 캠프
21010	리스카 유적 탐사기지
21011	돌기둥 유적
21012	모래 황무지
22001	마녀의 성
22002	마녀의 성 지상1층
22003	마녀의 성 지상2층
22004	마녀의 성 지상3층
22005	마녀의 성 지하1층
22006	마녀의 성 지하2층
22007	세레나의 중앙 정원
22008	대책 본부
22009	긴급 본부
22010	고서적 보관실
22011	미술관
22012	제2 도서관
22013	제1 도서관
22014	마법 실습실
22015	중앙 로비
22016	봉인의 방
22017	고급 비약 실험실
22018	제단의 방
23001	달의 호수
23002	포라 엘리누 페가수스 승강장
23004	달그림자 숲
23005	달빛물결 숲
23006	유폐지
23007	어스름 둥지
23008	발키온 연합군 캠프
23009	긴급조사 캠프
23010	코볼트 방어 캠프
23011	망명자의 오두막
23012	코볼트 정찰기지
24001	황금의 길
24002	약탈의 사막
24003	황금의 길 북부
24004	황금의 길 남부
24005	모래바람 부락
24006	로키안 기지
24007	봉인의 유적
24008	서부 정찰 기지
24009	황금의 길 기지
24010	해안 기지
24011	신전 폐허
24012	잊혀진 가도 캠프
24013	사교도 토벌 캠프
24014	수맥 지역
25001	사교도의 신전
25002	공회당
25003	사제관
25004	토벌군 방어진지
25005	이동의 방
25006	신도의 방
25007	사교도의 신전
25008	대예배당
25009	재림의 회랑
25010	개인 예배당
25011	고난의 회랑
25012	차원의 문
25013	부활의 회랑
26001	생명의 계곡
26002	화이트 하트 서식지
26003	신들의 안식처
26004	신비의 숲
26005	생명의 샘
26006	숲지기 경계초소
26007	유적조사단 야영지
27001	에세니아 구릉지대
27002	샤카젠의 은신처
27003	비명의 격전지
27004	에세니아 요새
27005	침묵의 구릉지
27006	구릉지 캠프
27007	탈환 캠프
27008	버려진 농가
27009	수비대 제1초소
27010	수비대 제2초소
27011	수비대 제3초소
27012	수비대 제4초소
27016	나비 유인 장소
28001	오염된 숲
28002	로크 안식의 터
28003	오염된 고지대
28004	악의 순례길
28009	오염도 측정기지
28010	오염 방제장
29001	고대의 숲
29002	태고의 숲
29003	하늘넝쿨 숲
29004	잊혀진 야수의 숲
29005	수비대 보급 캠프
29006	수비대 전진캠프
30001	태양의 정원
30002	푸른고요 골짜기
30003	세렌의 전당
30004	숲의 전당
30005	세렌의 정원
30006	하얀고요 숲
30007	잊혀진 탑
30008	인도의 신전
30009	무너진 신전터
30010	푸른고요 조사캠프
30011	신전 조사캠프
30012	동부 계곡 탐사캠프
30013	기다림의 땅
30014	세렌의 호수
30015	바위절벽부락
30016	우호사절단 캠프
30017	로크의 창
30018	아르카이의 둥지
30019	발더의 신전 입구
30020	태양 등대 입구
30021	지혜의 나무
30022	마법석 설치 장소
31000	라칸의 제단
31001	얼어붙은 해안
31002	얼음묘지
31003	얼어붙은 대지
31004	익사의 호수
31005	얼음 폭풍 만
31006	폭풍의 핵
31007	빙하의 만
31008	해안 연구기지
31009	해안 감시기지
31010	난파한 바티아 호
32001	폭군의 고원
32002	폭정의 들판
32003	광기의 주둔지
32004	암흑의 동토
32005	용병단 기지
32006	압제의 들판
32007	폭군의 심장
32008	토벌기지
32009	바투크 기지
32010	비비슈의 실험실 입구
33001	악령의 고성
33002	악령의 고성 진입로
33003	동부 보급로
33004	악령의 고성 1층
33005	악령의 고성 2층: 숙녀의 방
33006	악령의 고성 3층: 신사의 방
33007	악령의 고성 4층: 광대의 방
33008	악령의 고성 5층: 어스름의 방
33009	악령의 고성 6층: 유희의 홀
33010	악령의 고성 지하 1층: 절규의 실험실
33011	악령의 고성 지하 2층: 영원의 고문실
33012	뒤틀린 감옥
33013	악령의 고성 지하 3층: 지옥의 경계
33014	악령 경계 초소
33015	침투 기지
33016	지하 기지
33017	악령의 고성 지하 통로
33018	사령술 연구소 입구
34001	얼음 평원
34002	습격의 설원
34003	울부짖는 빙하 남부
34004	울부짖는 빙하 북부
34005	얼어붙은 눈물 호수 낚시터
34006	눈폭풍족 과격파 주둔지
34007	웬디고 감시소
34008	수렵꾼 캠프
34009	얼음발톱단 본거지
35001	고룡의 협곡
35002	망각의 둥지
35003	죽음의 계곡
35004	마나의 광산
35005	마나의 광산 캠프
35006	엘레니움 캠프
35007	협곡 임시 캠프
36001	추방자의 계곡
36002	통곡의 골짜기
36003	무법자들의 둥지
36004	숨겨진 계곡
36005	피의 계곡
36006	광대 감시 2 캠프
36007	광대 감시 1 캠프
36008	추방자 감시 캠프
36009	굴라드쉬의 결계 입구
37001	배반의 암굴 지하 1층
37002	배반의 암굴 지하 2층
37003	배반의 암굴 지하 3층
37004	탐사본부 캠프
37005	암굴 방어 캠프
37006	지하 견제 캠프
37007	살레론 조사 캠프
37008	고통의 다리
37009	신의 다리
37010	아르곤 점령지
37011	배반의 암굴
38001	고대 전쟁의 폐허
38002	광기의 투기장 입구
38004	펠드린 협곡
38005	불의 들판
38006	파괴된 고대도시
38007	발굴 본부 캠프
38008	들판 조사 캠프
38009	고대도시 캠프
38010	배반의 암굴 진입로
38011	검은 불꽃의 둥지
38012	임시 격리소
39001	미아 아라크네아
39002	거미소굴 하층
39003	거미소굴 중심부
39004	거미소굴 작전초소
39005	거미소굴 입구
39006	거대 거미 서식지
39007	거미소굴 감시초소
39008	칼리고 교단 주둔지
39009	부활의 제단
39010	칼리고 교단 토벌 캠프
39011	버려진 실험실
40001	격리 구역
40002	격리된 마을
40003	오염의 근원지
40004	폐광 촌
40005	오염된 들판
40008	버림받은 광산 캠프
40009	버림받은 경계초소
40010	거미 소굴 입구
40011	보급 캠프
41001	야만의 계곡
41002	은거 기지
41003	감시 기지
41004	야만의 계곡 북부
41005	오칸 지원 기지
41006	도전의 투기장
41007	야만의 계곡 남부
41008	비밀 접선 장소
42001	다곤의 신전
42002	다곤의 신전 지하 2층
42003	다곤의 신전 지하 3층
42004	차가운 피의 전당
42005	얼음 눈의 전당
42006	사인의 전당
42007	신전 영빈실
42008	전사단장실
42009	제1 사도의 방
42010	일깨움의 방
42011	비늘의 테라스
42012	신전 보급 기지
42013	뱀눈의 방
42014	전사의 전당
43001	미개발지역
44001	미개발: 검은동굴
44002	미개발: 검은 동굴 지상 1층
44003	미개발: 검은 동굴 지상 2층
44004	미개발: 검은 동굴 지상 3층
44005	미개발: 검은 동굴 지상 4층
45001	청공의 계곡
45002	침공 교두보
45003	무혼 습지
45004	정찰 언덕 인근
45005	폭주 진지
45006	정찰 언덕
45007	무혼 습지 캠프
45008	정찰 지원 캠프
45009	폭주 진지 캠프
45010	교두보 파수대
45011	아르곤 생태 연구 야영지
45012	무너진 아르곤 요새 입구
45013	카노비아 전선 이동 통제소
46001	세 개의 탑
46002	라가 에발라 상층
46003	라가 샤디 상층
46004	라가 카바쉬 상층
46005	세 개의 탑 하층
46006	라가 샤디 하층
46007	라가 에발라 하층
46008	라가 카바쉬 하층
46009	세 개의 탑 심층
46010	라가 에발라 심층
46011	라가 샤디 심층
46012	라가 카바쉬 심층
46013	중앙 홀
46014	세 개의 탑 연구본부
46015	세뇌 연구 캠프
46016	정신 연구 캠프
46017	융합 연구 캠프
46018	세 개의 탑 상층
46019	동물 연구 숙소
46020	식물 연구 숙소
46021	운동 연구 숙소
46022	생장 연구 숙소
46023	변이 연구 숙소
46024	진화 연구 숙소
46025	라가 전송실
47001	티르카이 숲
47002	침식된 서리숲
47003	버려진 변경숲
47004	전 아르곤 주둔지
47005	파괴된 포효숲
47006	서리숲 복구 캠프
47007	포효숲 전진 캠프
47008	벌목반 야영지
47009	조사반 임시야영지
47010	티르카이 보급로
47011	석화버섯 철거지
47012	버려진 아르곤 진지
47013	파괴된 순찰자 캠프
47014	파괴된 아르곤 진지
47015	석화버섯 벌목장
47017	오염된 호수
48001	카노비아 전선
48002	카노비아 캠프
48003	돌격대 캠프
48004	병기 제작소
48005	아르곤 지휘소
48006	최전선
48007	아르곤 방어선
48008	파괴된 공병기
48009	에너지 변환소
48010	지하 토굴 입구
49001	아르고네아
49002	마석 채굴지
49003	에너지 저장고
49004	아르곤 집결지
49005	카시안 나무
49090	남쪽 날개돌
49091	북쪽 날개돌
49092	동쪽 날개돌
50001	카르고네아
50002	숨겨진 캠프
50003	바위아래 캠프
50004	카르곤 진화둥지
50005	은빛방울
50006	푸른원 광장
50007	카르곤 종유석
50008	라티의 샘
50009	샨드라 마나이아 입구
50090	구석 날개돌
51001	아카디아 협곡
51002	극한의 설원
51003	웬디고의 땅
51004	얼음 거인의 동굴
51005	짐승의 협곡
51006	혹한의 협곡 캠프
52001	잊혀진 자들의 설원
52002	침묵의 설원
52003	이방인의 관
52004	용암의 제단
52005	신들의 용광로
52006	검은 다리 캠프
52007	용광로 진입 캠프
52008	미궁 감시 캠프
52009	중앙 제어실
52010	비통의 다리
52011	고립된 사냥꾼 캠프
52012	철기장의 공방 입구
53001	공포의 미궁
53002	공포의 미궁 지하 1층
53003	공포의 미궁 지하 2층
53004	공포의 미궁 지하 3층
53006	악몽의 전당
53007	비명의 전당
53008	절규의 전당
53009	절망의 전당
54001	요정의 숲
54002	몽환의 숲
54003	여신의 정원
54004	요정의 요람
54005	황혼의 숲
54006	대관문 감시 캠프
54007	정원사 캠프
54008	황혼의 숲 캠프
55001	그림자 숲
55002	외로움의 골짜기
55003	어스름 정원
55004	타락자의 광장
55005	배척의 둥지
55006	그림자 수비캠프
55007	혈마법단 캠프
55008	검은 피 야영지
55009	타락의 둥지
55010	이스렌의 지팡이
55011	어스름 캠프
55012	어스름 골
56001	어둠의 숲
56002	희생자의 갈림길
56003	제물의 숲
56004	칠흑의 제단
56005	다코난 삼거리 캠프
56006	검은샘물 캠프
56007	어둠골 캠프
57001	아메나 콰틀라
57002	아메나 콰틀라 입구
57003	나락의 입구
57004	시칸다리의 부화장
57005	붉은철퇴 캠프
57006	깨진다리 캠프
57007	부화장 경비캠프
57008	시칸더의 신전
57009	부활의 제단
58001	발데론
59001	초승달 마을
59002	초승달 마을 광장
59003	초승달 마을 페가수스 승강장
60001	벌목꾼 마을
60002	벌목꾼 마을 광장
60003	목재 야적장
60004	벌목꾼 마을 페가수스 승강장
61001	케스타니카
61002	환락의 거리
61003	송곳니 거리
61004	예식의 광장
61005	기술의 거리
61006	열망의 광장
61007	환락의 거리
61008	어스름의 길
61009	카이아의 길
62001	거친 항구
62002	거친 항구 페가수스 승강장
62003	동부해안 조사단 파견장소
63001	벨리카
63002	벨리카 이동관리소
63003	창조의 공방
63004	북문 시장
63005	벨리카 북문
63006	마법 아카데미
63007	벨릭의 계단
63008	자유의 광장
63009	발키온 연합 사령부
63010	여신의 광장
63011	전사 수련소
63012	푸른 마차 거리
63013	벨리카 서문
63014	집회소
63015	남부 상점거리
63016	북부 상점거리
63017	벨리카 집정관실
63023	벨리카 근교
63024	귀환소
63025	시티 포탈
63026	천공의 방주 승강장
63027	벨리카 이벤트 경기장 입구
63028	벨리카 이벤트 경기장
64001	원정대 보급기지
64002	탐험단 지휘소 앞
64003	단장 막사 앞
64004	보급기지 광장
64005	원정대 메인 캠프
64006	수비대 동부 캠프
64007	연구원 숙소
64008	태고의 신전
64009	경이의 기둥 기단부
65001	선인장 마을
65002	선인장 마을 페가수스 승강장
66001	사막의 쉼터
66002	사막의 쉼터 페가수스 승강장
67001	포폴리온
67002	포폴리온 페가수스 승강장
68001	포라 엘리누
69001	트랄리온
69002	트랄리온 페가수스 승강장
70001	트리아
70002	트리아 페가수스 승강장
70003	트리아 광장
70004	트리아 영주관
70101	[레벨58] 태양의 축제 - 지혜의 나무
70102	[레벨48] 뿔갈이 축제 - 송곳니 해수욕장
70103	[레벨28] 풍요의 축제 - 자유 식당
70104	[레벨18] 후카피카 축제 - 후키안 캠프
71001	아지스 연구소
71002	아지스 연구소 페가수스 승강장
72001	알레만시아
72002	알레만시아 근교
72003	알레만시아 서부
72004	알레만시아 중앙 광장
72005	마법 아카데미
72006	알레만시아 장로회
72007	상점가
72008	창조의 공방
72009	전사 수련소
72010	집회소
72011	이동관리소
72012	알레만시아 이동 관리소
72013	알레만시아 집정관실
72099	알레만시아 사령부
72100	웨스토니아 대로
72101	에세니아 대로
72102	판노니아 대로
72103	알레만시아 페가수스 승강장
72112	알레만시아 장로회
72113	미스테리움
72114	귀환소
73001	아카룸
73002	아카룸 페가수스 승강장
74001	뉴 엘레논
74002	뉴 엘레논 페가수스 승강장
75001	개척민 마을
75002	개척민 마을 페가수스 승강장
75003	거인의 숲 입구
76001	칸스트리아
76002	{@Rgn:76001} 페가수스 승강장
76090	칸스트리아 날개돌
76901	릴리스의 성, 라켈리스의 폐허 입구
77001	티르카이 보급소
77002	티르카이 보급소 페가수스 승강장
78001	연합군 지휘소
78002	{@Rgn:78001} 페가수스 승강장
79001	희망의 마을
79002	희망의 마을 페가수스 승강장
80001	드래곤 폴
80002	드래곤 폴 페가수스 승강장
81001	요정의 안식처
81002	요정의 안식처 페가수스 승강장
83001	콜드락
83002	콜드락 페가수스 승강장
84001	카이아도르
84002	카이아도르 직할령
84003	카이아도르 서부관문
84004	카이아의 방패 다리
84005	카이아의 철퇴 다리
84006	승리의 다리
84007	승리의 광장
84008	용기의 전당
84009	창조의 공방
84010	거래소
84011	상점가
84012	상점 골목
84013	남부 이동관리소
84014	집회소
84015	아지트 입구
84016	마법 아카데미
84017	카이아도르 사령부
84018	전사 수련소
84019	상점 골목
84020	카이아도르 북부관문
84021	카이아도르 서문
84022	카이아도르 북문
84023	카이아도르 남문
84024	카이아도르 집정관실
84025	승리의 광장 북부 대로
84026	북부 이동관리소
84027	카이아도르
84101	카피나 캠프
85001	다반의 성지
86001	알레만시아 동부
87001	불타는 포라 엘리누
87002	임시 난민 캠프
87003	달빛 물결 숲
87004	오칸 점령지
87005	포라 엘리누
87006	정찰대 임시 캠프
90000	1~11
90001	10~25
90002	23~36
90003	27~38
90004	30~51
90005	38~43
90006	40~45
90007	44~46
90008	50~59
90009	53~58
90010	56~60
90011	33~57
90012	64~65
90013	63~64
90014	59~60
90015	60~65
90016	65
97201	안타로스의 심연 입구
99000	티아라니아<br> 1~11
99001	서부 벌목지<br> 10~15
99002	잊혀진 숲<br>11~20
99003	포효의 침략지<br> 16~20
99004	후키안 보호구역<br>  19~23
99005	영원의 분지<br>21~25 (68)
99006	광기의 언덕<br> 23~25
99007	밤피르의 언덕<br> 24~29
99008	파라논 협곡<br> 24~29
99009	바실리스크 둥지<br>  27~30
99010	리카노르 평야<br> 28~31
99011	절망의 섬<br>30~33
99012	<br>31~32
99013	거친 해안<br>32~33
99014	달의 호수<br>33~36
99015	잊혀진 거인의 도시<br>  35~38
99016	황금의 길<br>35~38
99017	오염된 숲<br>38~41
99018	생명의 계곡<br>38~41 (65)
99019	고대의 숲<br>38~42 (65)
99020	에세니아 구릉지대<br> 38~43 (66)
99021	폭군의 고원<br> 40~45
99022	얼어붙은 해안<br> 41~43
99023	얼음 평원<br>41~45
99024	격리 구역<br>44~46
99025	야만의 계곡<br> 45~46
99026	      47~51<br><br>탐욕의 계곡<br><br>    31~32
99027	뱀의 섬<br>47~51
99028	폭염의 산맥<br> 47~51
99029	그림자 숲<br>50~53
99030	어둠의 숲<br>50~53
99031	아메나 콰틀라<br> 50~54
99032	고대 전쟁의 폐허<br>53~56 (67,69)
99033	추방자의 계곡<br> 53~57
99034	고룡의 협곡<br> 53~58
99035	요정의 숲<br>56~59
99036	아카디아 협곡<br> 56~59
99037	잊혀진 자들의 설원<br>  56~60
99038	청공의 계곡<br>45~48 (58)
99039	티르카이 숲<br>33~36
99040	카르고네아<br>64~65
99041	아르고네아<br>64
99042	카노비아 전선<br>63~64
99043	태양의 정원<br>59~60 (67)
99044	원시의 땅<br>60~61
99045	바라카니아 구릉지<br>  61~62
99046	고대 바라카 유적터<br>62~63 (68)
99047	제국의 땅<br>63~65
99048	여명의 정원<br>  65
99049	로가쉬의 장원<br>70
99050	엑소도르 대농장<br>71
99051	비리디안 습지대<br>72
99052	베르아크 성채<br>73
99053	코어 지구<br>73
99054	북부 외곽지대<br>73
99055	남부 외곽지대<br>73
99999	미탐사 지역
102001	눈싸움 전장
103001	눈싸움 전장
103002	눈싸움 전장
111001	강철의 전장
111002	푸른날개 성채
111003	붉은깃발 성채
111004	강철의 호수 격전지
111005	푸른날개 전초기지
111006	뾰족나무 정찰기지
111007	붉은깃발 전초기지
111008	늙은협곡 정찰기지
112001	명예의 전장
112002	B팀 요새
112003	A팀 요새
112004	제 1거점
112005	제 2거점
112006	제 3거점
113001	투지의 전장(구)
113002	A팀 요새
113003	B팀 요새
113004	수련의 성소
114001	아크라단 거점(구)
115001	투지의 전장
115002	A팀 요새
115003	B팀 요새
115004	수련의 성소
116001	포화의 전장
116002	공성 팀 요새
116003	수성 팀 요새
116004	제 1거점
116005	제 2거점
116006	제 3거점
116007	좌측 외성문
116008	우측 외성문
116009	좌측 사다리
116010	우측 사다리
117001	쿠마스 월드
117002	쿠마스 월드 내부
117003	쿠마스 월드 필드
117004	보물 운반 장소
117005	정화 성소
118001	지하의 격전장
118002	해안 점령지
119001	역전의 수련장
152001	아난샤의 둥지
152002	카라고스의 둥지
152003	사브라니악의 둥지
172001	원시의 땅
172011	성난 야수의 길
172012	정글 맨티스코어 둥지
172013	카마이 군락지
172014	물보라 연못
172015	변절한 아논 숙영지
172016	발키온 정찰대 집결지
172017	아논 저항군 캠프
172019	축축한 거미굴
172020	신탁의 동굴
172021	물보라 연못
172022	바라카니아의 길
172023	변절한 아논 숙영지
172024	안개 유혹의 동굴
172100	벨리카
172101	원시의 땅
172111	아논족 피난 캠프
172112	변절한 아논 숙영지 날개돌
172113	카마이 군락지 날개돌
172114	아논 피난 캠프 날개돌
172115	아논 저항군 캠프 날개돌
181001	고대 바라카 유적터
181002	안식의 돌
181003	굶주린 협곡
181004	심연의 성
181005	태고의 심장
181006	고고학 연구소
181007	아크데바 임시 주둔지
181008	잠든 자의 동굴
181009	바라카 수비대 캠프
181010	도굴꾼 캠프
181011	비밀 실험실 입구
181012	미지의 절벽
181013	유적터 감시 초소
181014	이르카 남문 출입로
181015	굶주린 협곡 날개돌 - 거대괴조 서식지
181016	굶주린 협곡 날개돌 - 시공석 지대
181017	태고의 심장 날개돌 - 아크데바 임시 주둔지
181018	안식의 돌 날개돌 - 오염된 유적터 수호지
181019	오염된 유적터 수호지
181020	시공석 지대
181021	거대괴조 서식지
181041	고고학 연구소 날개돌
181042	유적터 감시 초소 날개돌
181043	바라카 수비대 캠프 날개돌
182001	바라카니아 구릉지
182002	바라카니아 경제인 연합
182003	아논족 집결지
182004	바라칼레
182005	아크데바 전초기지
182006	아크데바 실험실
182007	아크데바 훈련장
182008	바라카 조사단 파견지
182009	바라카 조사단 남쪽 감시탑
182010	하늘 제단
182011	자유의 언덕
182012	신념의 폭포
182013	수련의 동굴
182014	간이 동굴 창고
182015	신의 계단
182016	바라카니아 온천지구
182017	지식의 길
182018	아크데바 무기고 입구
182019	발키온 전초기지
182030	바라카니아 경제인 연합 날개돌
182031	엑소도르 출발대
182100	바라칼레 서부 날개돌
182101	바라칼레 동부 날개돌
182102	신의 계단 날개돌
182103	지식의 길 북부 날개돌
182200	바라칼레 서부
182300	바라칼레 동부
182400	신의 계단
182500	지식의 길 북부
183001	이르카 근교
183002	이르카
183003	장로관
183004	명상의 길
183005	지식의 회당
183006	대련소
183007	인연관
183008	시공관
183009	바라카 광장
183010	상점가
183011	제작소
183012	전망대
183013	이르카 - 인연관
183014	사냥터 이동 마법석
183015	듀리온의 안식처 입구
191001	제국의 땅 요새 내부 (임시)
200001	페가수스 이동 관리인
200002	사냥터 이동 마법석
200003	길드관리인
200004	염색약 상인
200005	거래 중개인
200006	잡화 상인
200007	평판 상인
200008	인장 교환 담당관
221501	거짓말쟁이 타르스키의 놀이터 입구
248001	카노비아 전선
249001	아르고네아
250001	카르고네아
302301	베르아크 성채 비밀 지역 입구
302701	광기의 투기장 대기실
302702	광기의 투기장 통로
469001	제국의 땅: 약 50년 전
505111	뉴 엘레논
505112	협곡 임시 캠프
506001	벨리카 연회장
506002	알 수 없는 포탈
506003	알 수 없는 포탈
506004	파괴된 벨리카 연회장
506005	세계의 벽
506006	다시 평화를 되찾은 벨리카 연회장
506015	알 수 없는 공간
506016	세계의 벽
507001	알 수 없는 공간
508001	알 수 없는 공간
569001	라크난 성의 기억(1인)
599001	티아라니아
599002	큰 뿌리 해안
599003	수호자 마을 초입
599004	수호자 마을
599005	티아란 나무 신전
599006	발키온 별동대 임시 초소
599007	하늘줄기 구릉지
599008	이끼바위 다리
599009	그늘가지 협곡
599010	수액 저장고
599011	티아라니아 페가수스 승강장
599012	어린 뿌리 동굴
780781	벨리카 지하 관문
818001	비밀 실험실
818002	실험체 수용소 통로
818003	실험체 수용소
818004	중앙 실험실 통로
818005	중앙 실험실
826001	라크난 요새 지하 실험실
827001	티아라니아
827002	큰 뿌리 해안
827003	수호자 마을
827004	수호자 마을 초입
827005	수액 저장고
828001	수호자 마을
828002	수액 저장고
828003	전투/마법 기술 교관
828004	페가수스 관리인
829001	티아란 나무
829002	티아란 나무의 심장
905601	일그러진 발로나의 시공간
905602	진홍빛으로 물들면
905603	천둥의 시련을 넘어
905604	그대들을 심판하리라
905901	안개 속 마을
905902	악령마을
905903	번스타인 처형장
906701	포악한 베르노의 실험실 입구
906702	포악한 오돈의 방 근처
906703	포악한 베르노의 방 근처
906900	라크난 성 지상
906901	라크난 성 지하
906902	괴수 훈련장
906903	제1하수처리장
906904	지하 수용소
906905	제2하수처리장
906906	인도의 방
906907	비밀 통로
906908	내성
906909	무기 연구실
906910	접견실
906911	물라의 방
906912	비밀 제단
906913	물라의 궁전 진입로
907001	놀이터 입구
907002	놀이터
950001	파괴된 신계의 관문
950002	파괴된 신계의 관문 입구
973501	RK-9 격납고
973502	RK-9 격납고 입구
975601	발로나의 시공간
975602	진홍빛으로 물들면
975603	천둥의 시련을 넘어
975604	그대들을 심판하리라
976701	베르노의 실험실 입구
976702	오돈의 방 근처
976703	베르노의 방 근처
976901	릴리스의 성, 라켈리스의 폐허 입구
976902	불타는 정원
976903	대전당
976904	릴리스의 공간
976905	시험의 길
976906	릴리스의 성 입구
978000	벨리카 지하 관문
978001	벨리카 지하 통로 - 입구
978002	수상한 통로
978003	점령당한 공동
978004	벨리카 지하
978005	숨겨진 지하 통로
978010	흔들리는 통로
978011	카바도르의 안식처
978020	푸른 마력의 석실 - 입구
978021	푸른 마력의 석실
978030	숨겨진 이공간
978031	벨리카 지하 관문
979501	쿠차트의 광산
996901	릴리스의 성, 라켈리스의 폐허 입구
996902	불타는 정원
996903	대전당
996904	릴리스의 공간
996905	시험의 길
996906	릴리스의 성 입구
998000	무너진 벨리카 지하 관문
998001	벨리카 지하 통로 - 입구
998002	수상한 통로
998003	점령당한 공동
998004	무너진 벨리카 지하
998005	숨겨진 지하 통로
998010	흔들리는 통로
998011	카바도르의 안식처
998020	푸른 마력의 석실 - 입구
998021	푸른 마력의 석실
998030	숨겨진 이공간
998031	무너진 벨리카 지하 관문
1810041	오르카의 신전 입구
2000000	로가쉬의 장원
2000001	엑소도르 대농장
2000002	비리디안 습지대
2000003	베르아크 성채
2000004	코어 지구
2000005	북부 외곽지대
2000006	남부 외곽지대
2000010	작은 장원
2000011	로가쉬의 안식처
2000012	유충 부화장
2000013	유충 부화장 입구
2000014	유충 부화장 출구
2000015	장원 승강장
2000016	로가쉬의 후원
2000017	로가쉬의 저택
2000018	결정 계곡
2000019	엑소도르 탐사캠프
2000020	유충부화장 채광창
2000021	숨겨진 지역
2000100	정원수 상류
2000101	정원수 중류
2000102	정원수 하류
2000103	분비물 저장고
2000104	발키온 연합 전진기지
2000150	보석 나비 귀환지
2001010	대농장 승강장
2001011	나가 캠프
2001012	리베란츠 기지 입구
2001013	리베란츠 기지
2001014	리베란츠 기지 출구
2001015	결정체 광산
2001016	발키온 연합 임시 캠프
2001017	리베란츠 임시 캠프
2001018	결정체 수거지
2001019	유충 사육장
2001020	대농장 수비 캠프
2001021	습지 방향 승강장
2001022	숨겨진 장소
2001023	아즈라 농원
2001024	야수 사육지
2001025	숨겨진 호수
2001026	숨겨진 지역
2001050	보석 결정체 수집지
2001051	로열 파르프의 사냥터
2001052	로열 파르프의 휴식처
2002001	습지 승강장
2002002	비리디안 습지 입구
2002003	비리디안 습지
2002004	버려진 초소
2002005	포식자의 영토
2002006	균열 지대
2002007	괴물 사육지
2002008	강제 수용소
2002009	현혹의 화원
2002010	수용소 다리
2002011	성채 방향 승강장
2002012	생존자 임시거처
2002013	외딴 균열
2002014	숨겨진 지역
2002050	어둠 계곡
2003001	베르아크 성채 승강장
2003002	출입 통제소
2003003	검은가도 입구
2003004	검은 문
2003005	검은 정원 북측
2003006	검은 정원 남측
2003007	베르아크 성채
2003008	베르아크 성채 입구
2003009	베르아크 성채 하층
2003010	기관실 앞 광장
2003011	검은 가도
2003012	리베란츠 임시 거점
2003013	방어 구역
2003014	제한 구역 앞 복도
2003015	심층부 입구
2003016	심층부 복도
2003017	폐쇄 구역
2003018	베르아크 성채 상층
2003019	베르아크 성채 최하층
2003020	기관실 앞 복도
2003021	폐쇄 구역 앞 복도
2003022	베르아크 성채 하층
2003023	베르아크 성채 심층부
2003024	출입 통제소 옥상
2003050	아르가프군 주둔지
2003051	로제마 부족 거주지
2003052	야수의 섬
2010001	아르가프 양식장
2011001	공중 정원 낚시섬
2012001	요정 연못 낚시섬
2013001	구름 호수섬
2014001	비리디안 낚시섬
2015001	베르아크 후원 낚시섬
2020001	엑소도르 외곽섬
2052001	코어 지구 아르가프 침공지
2054001	남부 외곽 아르가프 침공지
2100001	로가쉬의 안식처 내부
2100002	유충 부화장으로 이동한다.
2101001	유충 부화장
2102001	절벽 심문소
2103001	블랙코어 기관실 1층
2103002	블랙코어 기관실 2층
2103003	블랙코어 기관실 3층
3001001	비밀 기지(1인)
3002001	밤피르의 저택(1인)
3003001	사교도의 은신처(1인)
3004001	사령술 연구소(1인)
3005001	황금의 미궁(1인)
3006001	아카샤의 은신처(1인)
3007001	살레론의 공중정원(1인)
3008001	공포의 미궁(1인)
3009001	검은탑(1인)
3010001	켈사이크의 둥지(1인)
3011001	샨드라 마나이아(1인)
3017000	공허한 안타로스의 심연(7인) 시작 지점
3017001	공허한 안타로스의 심연(7인) - 수감 구역
3017002	공허한 안타로스의 심연(7인) - 처형장
3017003	공허한 안타로스의 심연(7인) - 시련의 방
3017004	벨리카 근교
3017005	벨리카 근교
3018000	칠흑의 테네브리스 성채 입구
3018001	대광장
3018002	대도서관
3018003	성채 옥상
3019000	리안의 지하 전당 입구
3019001	네드라의 안식처
3019002	사형집행장
3019003	왜곡된 공간
3019004	왜곡된 공간 입구
3020000	금비늘호
3024001	던전 초기화 후 귀환
3025001	던전 초기화 후 귀환
3026001	켈사이크 은폐지
3026002	켈사이크 전당
3026003	위성섬
3026004	불멸의 켈사이크 은폐지
3026005	켈사이크 은폐지 입구
3026006	불멸의 켈사이크 전당
3027001	광기의 투기장
3101001	꿀 저장고
3101002	여왕의 침소
3101003	각성제 투여실
3201000	파르퀴나의 둥지 입구
3201001	꿀 저장고
3201002	여왕의 침소
3201003	각성제 투여실
5051101	뉴 엘레논
5051201	알 수 없는 공간
5051202	알 수 없는 공간
5051501	엘레니움 캠프
5051701	알 수 없는 공간
5052501	알 수 없는 공간
8000001	탐욕의 미궁 - 미궁 봉쇄 캠프
8000002	벨리카 - 발키온 연합 사령부
8000003	생명의 계곡 - 유적지 조사단
8000004	폭염의 산맥 - 슈리안 대항기지
8000005	공포의 미궁 - 침투기지
8000006	미아 아라크네아 - 4층
8000007	영원의 분지 - 미스테리움 연구소
8000008	망자의 토굴 - 노천 발굴지
8000009	포효의 침략지 - 토벌대 숙영지
8000010	잊혀진 거인의 도시 - 조사기지
8000011	여명의 정원 - 선발대 캠프
8000012	절망의 섬 - 토벌대 야영지
8000013	아메나콰틀라 - 시칸더 봉인지
8000014	아메나콰틀라 - 깨진다리 캠프
8000015	세개의 탑 - 중앙 홀
8000016	세개의 탑 - 라가 카쉬바
8000017	서부 벌목지 - 요정의 샘
8000018	마녀의 성 - 긴급 본부
8000019	다곤의 신전 - 지하 3층
8000020	사령술 연구소 입구
8000021	황금의 미궁 입구
8000022	추방자의 계곡 - 정찰기지
8000023	비밀기지 입구
8000024	밤피르의 저택 비밀입구
8000025	사교도의 은신처 입구
8000026	탐욕의 미궁 - 지하 2층
8000027	해적 소굴 - 1층
8000028	해적 소굴 - 2층
8000029	사교도의 신전 - 사교도 토벌 캠프
8000030	사교도 신전 - 지하 1층
8000031	사교도 신전 - 지하 2층
8000032	식인종 소굴 - 지하 2층
8000033	식인종 소굴 - 지하 3층
8000034	악령의 고성 - 악령 경계 초소
8000035	악령의 고성 - 침투기지
8000036	미아 아라크네아 - 2층
8000037	미아 아라크네아 - 3층
8000038	아카샤의 은신처
8000039	아카샤의 은신처 입구
8000040	식인종 소굴 - 지하 1층
8000041	광기의 언덕 - 북부 감시 초소
8000042	망자의 토굴 - 지하 2층
8000043	망자의 토굴 - 지하 3층
8000044	망자의 토굴 - 지하 1층
8000045	마녀의 성 - 지하 2층
8000046	마녀의 성 - 2층
8000047	악령의 고성 - 지하 1층
8000048	악령의 고성 - 지하 2층
8000049	악령의 고성 - 1층
8000050	칠흑의 제단
8000051	부활의 성소
8000052	광대의 별장
8000053	용암의 홀
8000054	어둠의 숲 '어둠골캠프'
8000055	아메나콰틀라 '깨진다리 캠프'
8000056	추방자의 계곡 '광대 감시2 캠프'
8000057	잊혀진 자들의 설원 '용광로 진입 캠프'
8000058	켈사이크의 둥지 입구
8000059	카이아도르 집무실
8000060	카이아도르 집정관실
8000061	카이아도르 사령부 입구
8000062	살레론 조사 캠프(지하 2층)
8000063	암굴 방어 캠프(지하 2층)
8000064	지하 견제 캠프(지하 3층)
8000065	탐사본부 캠프(지하 1층)
8000066	암굴 방어 캠프(지하 2층)
8000067	지하 견제 캠프(지하 3층)
8000068	탐사본부 캠프(지하 1층)
8000069	살레론 조사 캠프(지하 2층)
8000070	지하 견제 캠프(지하 3층)
8000071	탐사본부 캠프(지하 1층)
8000072	살레론 조사 캠프(지하 2층)
8000073	암굴 방어 캠프(지하 2층)
8000074	배반의 암굴 - 신의 다리
8000075	카이아도르 집정관실 입구
8000076	광대의 별장
8000077	검은 탑 (상급)
8000078	공포의 미궁 (상급)
8000079	아카샤의 은신처 (상급)
8000080	켈사이크의 둥지 (상급)
8000081	검은 탑 입구
8000082	카이아도르 사령부
8000083	공포의 미궁 입구
8000084	죽음의 제단 입구
8000085	보급 캠프
8000086	자바르만 소굴 입구
8000087	굴라드쉬의 결계 입구
8000088	카이아도르 집회소
8000089	불멸자의 안식처
8000090	아카룸 앞 공동묘지
8000091	전선 지하토굴 입구
8000092	태양의 등대 입구
8000093	벨리카 극한의 시험장 입구
8000094	하늘무리 낚시터
8000095	거친 항구 낚시터
8000096	달의 호수 낚시터
8000097	식인의 늪 낚시터
8000098	얼어붙은 눈물 호수 낚시터
8000099	세렌의 호수 낚시터
8104000	라칸의 제단 입구
8104002	뒤틀린 라칸의 제단 입구
8999001	벨릭의 신전
9001001	사마엘의 관저
9002001	생명의 샘
9003001	폭염의 산맥 심층부
9006001	공포의 미궁
9007001	툴사의 군단 지휘소
9008001	말라키의 실험실
9009001	말라키의 실험실
9011001	철기장의 공방
9012001	세 개의 탑 상층부
9013001	아르곤 에너지 저장고
9014001	카노비아 격전지
9015001	여명의 정원 해안가
9016001	여명의 정원
9017001	태양의 등대
9018001	전선 지하토굴
9019001	미스테리움 연구소 앞마당
9020001	비밀기지 후문
9021001	숨겨진 토굴
9022001	고통의 전당
9023001	쿠트마슈크의 은신처
9024001	버려진 회당
9024002	파괴된 회당
9024003	수호기사단의 방
9024004	카프리콘 소환실
9025001	발더의 신전
9025090	신전 - 입구
9025091	신전 - 미로
9025092	신전 - 연못
9025093	신전 - 정원
9025094	신전 - 지하
9025095	신전 - 중앙
9025096	신전 - 성소
9025097	유물의 방
9025098	신전 다리
9026001	아르곤 멜디티아
9026002	핏빛 포식자의 방
9026003	간다르바의 안식처
9026004	니르바나의 감시탑
9026005	뒤섞인 공간
9027001	샨드라 마나이아(상급)
9027002	샨드라 마나이아 본당(상급)
9028001	말라키의 실험실
9029001	부활한 회당
9029002	용병 대기실
9029003	수호기사단의 방
9029004	부활의 전당
9029005	부활한 회당 입구
9031001	아카샤의 은신처(시험의 던전)
9032001	황금의 미궁(시험의 던전)
9033001	포악한 퀴르갈의 동굴(시험의 던전)
9034001	잔혹한 환영의 탑 입구
9034002	잔혹한 환영의 탑 2층
9034003	잔혹한 환영의 탑 3층
9034004	잔혹한 환영의 탑 4층
9034005	잔혹한 환영의 탑 5층
9034006	잔혹한 환영의 탑 6층
9034007	잔혹한 환영의 탑 7층
9034008	잔혹한 환영의 탑 8층
9034009	잔혹한 환영의 탑 9층
9034010	잔혹한 환영의 탑 10층
9034011	잔혹한 환영의 탑 1층
9036001	카라스챠 소환지
9037001	검은 틈 입구
9038001	미지의 정글
9039001	호송대 습격지
9040001	벨리카 광장
9041001	벨리카 동문
9042001	벨리카 사령부
9043000	마법사의 요새 입구
9043001	마법사의 요새(상급)
9043002	마법사의 본거지(상급)
9043003	마법사의 요새 입구
9043004	마법사의 요새 함정방
9043005	마법사의 본거지
9043006	마법사의 요새
9043011	마법사의 요새(상급)
9043021	마법사의 요새(상급)
9043031	마법사의 요새(상급)
9043041	마법사의 요새(상급)
9043051	마법사의 요새(상급)
9043061	마법사의 요새(상급)
9043071	마법사의 요새(상급)
9043081	마법사의 요새(상급)
9043091	마법사의 요새(상급)
9043101	마법사의 요새(상급)
9043111	마법사의 요새(상급)
9043121	마법사의 요새(상급)
9044000	바하르의 신전 입구
9044001	바하르의 신전
9044002	바하르의 신전 - 봉인의 문
9044003	바하르의 신전 - 화신의 전당
9044004	바하르의 신전 - 화신의 전당
9045001	둥파둥파의 보금자리
9045002	레오파트 릴리 마을
9046001	저주받은 오아시스
9046002	거대화 실험 장소
9047001	마녀의 성 연회장
9048001	주사위 인던(가칭)
9048002	주사위 인던(본당)(가칭)
9050000	카슈바르 협곡 입구
9050001	리자드 마을
9050002	도전자의 갈림길
9050003	거대 식충식물 정원
9050004	거대 말벌 동굴
9050005	거대 풍뎅이 둥지
9050006	카슈바르 협곡
9050007	탐욕의 카슈바르 협곡
9050008	절벽길 비공정 게이트
9051001	더러워진 신전
9051002	지하
9051003	정원
9051004	성소
9051005	사다리
9051006	더러워진 신전 - 지하
9051007	더러워진 신전 - 정원
9051008	더러워진 신전 - 성소
9052001	피의 축제장
9052002	의식의 방
9052003	연회장
9052004	피의 축제장 - 연회장
9052005	피의 축제장 - 의식의 방
9053001	거인의 숲
9054001	사악한 오르카의 신전
9054002	숨겨진 동굴
9054003	신전 입구
9054004	해저 터널
9054005	소용돌이의 방
9054006	조연자의 방
9054007	신전 본당
9054008	오르카 격전지
9054009	오르카의 신전
9055002	하르키아의 안식처
9055003	거대 원숭이 소굴
9055004	암살자의 은신처
9055005	하르키아의 둥지
9055008	하르키아의 안식처 입구
9055009	하르키아의 둥지
9056001	발로나의 시공간 입구
9056002	천둥의 시련
9056003	흑의 마인
9056004	발로나의 시공핵
9056005	발로나의 시공핵
9057001	오만한 아케론의 염옥
9057002	오만한 아케론의 염옥 입구
9060001	연합 조사단 파견함
9060002	악인 켈리반의 돌격선
9060003	선상 가교
9060004	악인 켈리반의 돌격선
9060005	화물 적재실
9060006	조사단 파견함 갑판
9061001	거인의 유적지
9065001	여신의 화원
9066001	궁전 앞 뜰
9066002	데모로스의 룰렛
9066003	데모로스의 룰렛 - 입구
9068001	폭군 듀리온의 안식처
9068002	문지기의 방
9068003	변형된 흑마법석의 심연
9068004	듀리온의 개인 안식처
9068005	변형된 흑마법석 동굴
9070001	거짓말쟁이 타르스키의 놀이터 입구
9071001	사령술 연구소
9071003	사령의 감옥
9071004	간수장의 방
9071005	형제단 숙소
9071006	사령술 실험실
9071007	고통의 예배당
9071008	사령술 본당
9071009	비밀 통로
9072001	황금의 미궁
9072002	야수의 관
9072003	보급 창고
9072004	제물의 관
9072005	시험의 관
9072006	문지기의 관
9073001	검은 탑
9073002	검은 탑 1층
9073003	검은 탑 2층
9073004	검은 탑 3층
9073005	검은 탑 4층
9073006	검은 탑 5층
9073007	나락의 중앙 홀
9073008	비통의 감옥
9073009	죽음의 제단
9073010	혈육의 관
9074001	부활의 성소
9075001	켈사이크의 둥지
9075002	수호자의 방
9075003	켈사이크 전당
9076001	공포의 미궁
9077001	바투의 사막
9077002	바투의 투기장
9077003	푸른이빨 쿠차트 부락
9077004	푸른이빨 코볼트 부락
9078001	비비슈의 실험실
9078002	비비슈의 통제 실험실
9078003	저주받은 카이둔군 본영
9078004	저주받은 본영 조사 캠프
9079001	자바르만 돔
9079002	자바르만의 은신처
9079003	고대 야수의 숲
9079004	데바 친위대 야영지
9080001	굴라드쉬의 결계
9080002	불멸자의 안식처
9080003	영생의 신전
9080004	영생의 숲
9081001	극한의 수련장
9082001	철벽의 수련장
9083001	돌파의 수련장
9087001	비밀기지
9087002	패잔병 비밀기지
9087003	아텔 아카드 본거지
9088001	밤피르의 저택
9088002	저택 지하
9088003	저택 지상
9088004	마석 생산장치
9089001	사교도의 은신처
9089002	경이의 관
9089003	배덕의 관
9089004	증오의 관
9090001	숲의 오솔길
9091001	차원의 결계
9092001	다곤의 무덤
9093001	아카샤의 은신처
9093002	역병의 회랑
9093003	피의 전당
9093004	카라스챠의 거처
9093005	기이의 전당
9093006	경이의 전당
9093007	아카샤의 전당
9094001	살레론의 공중정원
9094002	제 1 관문
9094003	제 2 관문
9094004	제 3 관문
9094005	마지막 관문
9095001	업화의 구덩이
9095002	업화의 구덩이 초입
9095003	업화의 구덩이 본당
9095004	용기 있는 도전자의 시험
9095005	피 흘리는 학살자의 시험
9095006	증식하는 집행자의 시험
9095007	꺾이지 않는 의지의 공간
9095008	집념 있는 학살자의 시험
9096001	실유카 회랑
9124002	벨리카 - 벨릭의 계단
9126001	페트레 양성소
9126002	수호자 훈련소
9126101	알레만시아 - 이동 관리소
9128101	카이아도르 - 승리의 광장
9503001	발키온 연합 총사령관의 관저
9611001	포악한 퀴르갈의 동굴
9618001	벨리카 이벤트 경기장
9643001	마법사의 요새
9643002	마법사의 본거지
9643011	마법사의 요새
9643021	마법사의 요새
9643031	마법사의 요새
9643041	마법사의 요새
9643051	마법사의 요새
9643061	마법사의 요새
9643071	마법사의 요새
9643081	마법사의 요새
9643091	마법사의 요새
9643101	마법사의 요새
9643111	마법사의 요새
9643121	마법사의 요새
9681001	벨릭의 꿈
9681002	벨릭의 꿈
9681003	벨릭 여신의 왜곡된 꿈
9681004	벨릭의 꿈
9681005	벨릭의 꿈
9681006	벨리카 지하 관문
9681007	벨릭의 꿈
9710001	뒤틀린 라칸의 제단
9710002	악의 집결지
9710003	뒤틀린 공간
9710004	파괴된 제단
9711001	포악한 퀴르갈의 동굴
9711002	포악한 퀴르갈의 동굴 입구
9713001	길리안의 숲 (프리미엄)
9713002	길리안의 숲 입구
9713003	문지기의 공터
9713004	수호자의 공터
9713005	길리안의 성소
9714001	프리미엄 전용 공간
9716001	엘카라스 호
9716002	엘카라스 호 - 탑승장
9716003	엘카라스 호 - 지휘실
9716004	엘카라스 호 - 동력실
9716005	엘카라스 호 - 갑판
9720000	안타로스의 심연 시작 지점
9720001	안타로스의 심연 - 수감 구역
9720002	안타로스의 심연 - 처형장
9720003	안타로스의 심연 - 시련의 방
9720004	벨리카 근교
9720005	벨리카 근교
9724001	버려진 회당(상급)
9724002	파괴된 회당
9724003	수호기사단의 방
9724004	카프리콘 소환실
9725001	발더의 신전(상급)
9725090	신전 - 입구(상급)
9725091	신전 - 미로(상급)
9725092	신전 - 연못(상급)
9725093	신전 - 정원(상급)
9725094	신전 - 지하(상급)
9725095	신전 - 중앙(상급)
9725096	신전 - 성소(상급)
9725097	유물의 방(상급)
9725098	신전 다리(상급)
9726001	아르곤 멜디티아(상급)
9726002	핏빛 포식자의 방(상급)
9726003	간다르바의 안식처(상급)
9726004	니르바나의 감시탑(상급)
9726005	뒤섞인 공간(상급)
9727001	샨드라 마나이아
9727002	샨드라 마나이아 본당
9735001	에너지 증폭 실험 시설
9735002	격납고 환기 시설
9735003	자기장 실험 시설
9735004	부품 재처리 시설
9735005	제한 구역: D
9735006	제한 구역: E
9735007	제한 구역: RK-9 격납고
9739000	혁명단 은거지 입구
9739001	혁명단 은거지 대장간
9739002	혁명단 은거지 병기 창고
9739003	마을 밖 유적터
9739004	잠입루트
9743001	마법사의 요새
9743002	마법사의 본거지
9743011	마법사의 요새
9743021	마법사의 요새
9743031	마법사의 요새
9743041	마법사의 요새
9743051	마법사의 요새
9743061	마법사의 요새
9743071	마법사의 요새
9743081	마법사의 요새
9743091	마법사의 요새
9743101	마법사의 요새
9743111	마법사의 요새
9743121	마법사의 요새
9756001	발로나의 시공간 입구
9756002	천둥의 시련
9756003	흑의 마인
9756004	발로나의 시공핵
9756005	발로나의 시공핵
9757001	아케론의 염옥
9757002	아케론의 염옥 입구
9757003	마그테논 위치
9757004	도르투마 위치
9757005	케틀라스 위치
9760001	연합 조사단 파견함
9760002	켈리반의 돌격선
9760003	선상 가교
9760004	켈리반의 돌격선
9760005	화물 적재실
9760006	조사단 파견함 갑판
9766001	붉은 해적단의 함정
9766002	거친 해안
9766003	붉은 해적단의 함정 입구
9768001	듀리온의 안식처
9768002	문지기의 방
9768003	변형된 흑마법석의 심연
9768004	듀리온의 개인 안식처
9768005	변형된 흑마법석 동굴
9770001	파괴된 공터
9770002	파괴된 성
9770003	라켈리스의 공간
9770004	라켈리스의 폐허 입구
9773001	검은 탑(상급)
9773002	검은 탑(상급) 1층
9773003	검은 탑(상급) 2층
9773004	검은 탑(상급) 3층
9773005	검은 탑(상급) 4층
9773006	검은 탑(상급) 5층
9773007	나락의 중앙 홀(상급)
9773008	비통의 감옥(상급)
9773009	죽음의 제단(상급)
9773010	혈육의 관(상급)
9775001	켈사이크의 둥지(상급)
9775002	수호자의 방(상급)
9775003	켈사이크 전당(상급)
9776001	공포의 미궁(상급)
9776002	공포의 미궁(상급) 지하 1층
9776003	공포의 미궁(상급) 지하 2층
9776004	공포의 미궁(상급) 지하 3층
9776005	악몽의 전당(상급)
9776006	비명의 전당(상급)
9776007	절규의 전당(상급)
9776008	절망의 전당(상급)
9777001	고대의 지하수로
9777002	고대의 지하수로 입구
9777003	지하수로 - 감시자의 방
9777004	지하수로 - 수로 괴물의 둥지
9777005	지하수로 - 전당
9777006	지하수로 - 전당
9781001	벨릭의 신전 - 정원
9781002	벨릭의 신전 - 접견실
9781003	벨릭의 신전 - 벨릭 여신의 거처
9781004	벨릭의 신전 - 대광장
9781005	벨릭의 신전 - 우회로
9781006	벨리카 지하 관문
9781007	벨릭의 신전 - 입구
9782000	리안의 지하 전당 입구
9782001	네드라의 안식처
9782002	사형집행장
9782003	왜곡된 공간
9782004	왜곡된 공간 입구
9783000	테네브리스 성채 입구
9783001	대광장
9783002	대도서관
9783003	성채 옥상
9793001	아카샤의 은신처(상급)
9793002	역병의 회랑(상급)
9793003	피의 전당(상급)
9793004	카라스챠의 거처(상급)
9793005	기이의 전당(상급)
9793006	경이의 전당(상급)
9793007	아카샤의 전당(상급)
9794001	숨겨진 동굴 입구
9794002	음산한 채광소
9794003	사이럭스 연구실
9794004	사이럭스 연구 기지 입구
9801001	검은 차원의 아공간
9801002	벨리카 귀환소
9801003	알레만시아 귀환소
9801004	카이아도르 귀환소
9802001	검은 차원의 아공간
9803001	검은 차원의 아공간
9804001	켈사이크의 둥지
9808001	아크데바 무기고
9808002	무기고 제 1 방어 괴수
9808003	무기고 제 2 방어 괴수
9808004	무기고 제 3 방어 괴수
9808005	아크데바 무기고
9808006	흑마법 중심지
9808007	흑마법 중심지
9808008	흑마법의 핵
9808009	흑마법의 핵
9809001	데모크론 실험실
9809002	데모크론 실험실
9809003	데모크론 실험실
9809004	데모크론 실험실
9809005	데모크론 실험실
9809010	데모크론 실험실 입구
9810001	라칸의 제단
9810002	라칸의 제단
9810003	라칸의 제단(입구 계단)
9810004	라칸의 제단(라칸의 길)
9810005	라칸의 제단(숭배의 방)
9811001	어둠의 동굴
9811002	어둠의 동굴 입구
9813001	길리안의 숲
9813002	길리안의 숲 입구
9813003	문지기의 공터
9813004	수호자의 공터
9813005	길리안의 성소
9814001	아르카나 그나이아
9821001	라크난 요새 2층
9822001	아크데바 비밀 아지트
9823001	엘카이아호
9823002	엘카이아호 내부
9823003	엘카이아호 갑판
9825001	발더의 신전(1인)
9825090	신전 - 입구
9825091	신전 - 미로
9825092	신전 - 연못
9825093	신전 - 정원
9825094	신전 - 지하
9825095	신전 - 중앙
9825096	신전 - 성소
9825097	유물의 방
9825098	신전 다리
9830001	천공의 경기장 (1인)
9830002	이르카 - 대련소
9833003	마나의 광산 캠프
9833004	마나의 광산
9833005	협곡 임시 캠프
9833006	망각의 둥지
9833007	엘레니움 캠프
9860001	연합 조사단 파견함
9860002	약화된 켈리반의 돌격선
9860003	선상 가교
9860004	약화된 켈리반의 돌격선
9860005	화물 적재실
9860006	조사단 파견함 갑판
9871001	사령술 연구소 (1인)
9871003	사령의 감옥
9871004	간수장의 방
9871005	형제단 숙소
9871006	사령술 실험실
9871007	고통의 예배당
9871008	사령술 본당
9871009	비밀 통로
9872001	황금의 미궁 (1인)
9872002	야수의 관
9872003	보급 창고
9872004	제물의 관
9872005	시험의 관
9872006	문지기의 관
9873001	검은 탑 (1인)
9873002	검은 탑(1인) 1층
9873003	검은 탑(1인) 2층
9873004	검은 탑(1인) 3층
9873005	검은 탑(1인) 4층
9873006	검은 탑(1인) 5층
9873007	나락의 중앙 홀 (1인)
9873008	비통의 감옥 (1인)
9873009	죽음의 제단 (1인)
9873010	혈육의 관 (1인)
9885001	환영의 탑
9885002	전투가 벌어지는 공간
9885003	환영의 탑 입구
9885004	환영의 탑 - 16층
9887001	비밀기지(1인)
9887002	패잔병 비밀기지
9887003	아텔 아카드 본거지
9888001	밤피르의 저택(1인)
9888002	저택 지하
9888003	저택 지상
9888004	지하 사원
9889001	사교도의 은신처 (1인)
9889002	경이의 관
9889003	배덕의 관
9889004	증오의 관
9900001	제자리
9911001	불안정한 켈사이크의 성소
9911002	수호자의 방(레이드)
9911003	켈사이크 전당(레이드)
9916001	폭풍의 엘카라스 호
9916002	폭풍의 엘카라스 호 - 탑승장
9916003	폭풍의 엘카라스 호 - 지휘실
9916004	폭풍의 엘카라스 호 - 동력실
9916005	폭풍의 엘카라스 호 - 갑판
9920000	공허한 안타로스의 심연 시작 지점
9920001	공허한 안타로스의 심연 - 수감 구역
9920002	공허한 안타로스의 심연 - 처형장
9920003	공허한 안타로스의 심연 - 시련의 방
9920004	벨리카 근교
9920005	벨리카 근교
9935001	에너지 증폭 실험 시설
9935002	격납고 환기 시설
9935003	자기장 실험 시설
9935004	부품 재처리 시설
9935005	제한 구역: D
9935006	제한 구역: E
9935007	제한 구역: RK-9 격납고
9939000	삼엄한 혁명단 은거지 입구
9939001	삼엄한 혁명단 은거지 대장간
9939002	삼엄한 혁명단 은거지 병기 창고
9939003	마을 밖 유적터
9939004	잠입루트
9950001	파괴된 신계의 관문
9950002	파괴된 신계의 관문 - 중앙 전투구역
9950003	파괴된 신계의 관문 - 절벽 전투구역
9970001	파괴된 공터
9970002	파괴된 성
9970003	라켈리스의 공간
9970004	라켈리스의 폐허 입구
9975001	폭주한 켈사이크의 성소(상급)
9975002	수호자의 방(레이드)
9975003	켈사이크 전당(레이드)
9979001	자바르만 소굴
9979002	자바르만의 은신처
9979003	고대 야수의 숲
9979004	데바 친위대 야영지
9981001	함락된 벨릭의 신전 - 정원
9981002	함락된 벨릭의 신전 - 접견실
9981003	함락된 벨릭의 신전 - 벨릭 여신의 거처
9981004	함락된 벨릭의 신전 - 대광장
9981005	함락된 벨릭의 신전 - 우회로
9981006	벨리카 지하 관문
9981007	함락된 벨릭의 신전 - 입구
9982000	리안의 지하 전당 입구
9982001	네드라의 안식처
9982002	사형집행장
9982003	왜곡된 공간
9982004	왜곡된 공간 입구
9983000	칠흑의 테네브리스 성채 입구
9983001	대광장
9983002	대도서관
9983003	성채 옥상
9990001	공격!
9990002	방어!
9990003	위험!
9990004	집합!
9994001	숨겨진 동굴 입구
9994002	음산한 채광소
9994003	사이럭스 연구실
9999998	지도를 개발 중인 지역입니다.
9999999	지도를 표시할 수 없는 지역입니다.
10230001	아르가프 부화장(1인)
10230002	아르가프 부화장
30231000	베르아크 성채 비밀 지역
30231001	베르아크 성채 비밀 지역 - 저장고
30231002	베르아크 성채 비밀 지역 - 실험실
30232000	발키온 연합 전진기지
96431504	지름길
302700001	광기의 투기장 입구
